2025-12-27 08:55:25.498 [info] Reading sessions from keychain...
2025-12-27 08:55:25.498 [info] Getting sessions for all scopes...
2025-12-27 08:55:25.498 [info] Got stored sessions!
2025-12-27 08:55:25.498 [info] Got 5 verified sessions.
2025-12-27 08:55:25.498 [info] Got 5 sessions for ...
2025-12-27 08:55:25.498 [info] Getting sessions for all scopes...
2025-12-27 08:55:25.498 [info] Got 5 sessions for ...
2025-12-27 08:55:25.498 [info] Getting sessions for all scopes...
2025-12-27 08:55:25.498 [info] Got 5 sessions for ...
2025-12-27 08:55:25.498 [info] Getting sessions for all scopes...
2025-12-27 08:55:25.498 [info] Got 5 sessions for ...
2025-12-27 08:55:25.498 [info] Getting sessions for all scopes...
2025-12-27 08:55:25.498 [info] Got 5 sessions for ...
2025-12-27 08:55:25.498 [info] Getting sessions for all scopes...
2025-12-27 08:55:25.498 [info] Got 5 sessions for ...
2025-12-27 08:55:25.498 [info] Getting sessions for all scopes...
2025-12-27 08:55:25.498 [info] Got 5 sessions for ...
2025-12-27 08:55:25.498 [info] Getting sessions for all scopes...
2025-12-27 08:55:25.498 [info] Got 5 sessions for ...
2025-12-27 08:55:25.498 [info] Getting sessions for all scopes...
2025-12-27 08:55:25.498 [info] Got 5 sessions for ...
2025-12-27 08:55:25.498 [info] Getting sessions for all scopes...
2025-12-27 08:55:25.498 [info] Got 5 sessions for ...
2025-12-27 08:55:25.498 [info] Getting sessions for all scopes...
2025-12-27 08:55:25.498 [info] Got 5 sessions for ...
2025-12-27 08:55:25.498 [info] Getting sessions for all scopes...
2025-12-27 08:55:25.498 [info] Got 5 sessions for ...
2025-12-27 08:55:25.498 [info] Getting sessions for all scopes...
2025-12-27 08:55:25.498 [info] Got 5 sessions for ...
2025-12-27 08:55:25.498 [info] Getting sessions for all scopes...
2025-12-27 08:55:25.498 [info] Got 5 sessions for ...
2025-12-27 08:55:25.498 [info] Getting sessions for all scopes...
2025-12-27 08:55:25.498 [info] Got 5 sessions for ...
2025-12-27 08:55:25.498 [info] Getting sessions for all scopes...
2025-12-27 08:55:25.498 [info] Got 5 sessions for ...
2025-12-27 08:55:25.498 [info] Getting sessions for all scopes...
2025-12-27 08:55:25.498 [info] Got 5 sessions for ...
2025-12-27 08:55:25.498 [info] FetcherService: Electron fetch failed with status: 429 
2025-12-27 08:55:27.753 [info] Getting sessions for read:user,repo,user:email,workflow...
2025-12-27 08:55:27.753 [info] Got 1 sessions for read:user,repo,user:email,workflow...
2025-12-27 08:55:30.191 [info] Getting sessions for all scopes...
2025-12-27 08:55:30.191 [info] Got 5 sessions for ...
2025-12-27 08:55:30.497 [info] Getting sessions for all scopes...
2025-12-27 08:55:30.497 [info] Got 5 sessions for ...
2025-12-27 08:55:33.141 [info] FetcherService: Node fetch failed with status: 429 Too Many Requests
2025-12-27 08:55:34.186 [info] Getting sessions for read:user,repo,user:email,workflow...
2025-12-27 08:55:34.186 [info] Got 1 sessions for read:user,repo,user:email,workflow...
2025-12-27 08:55:34.677 [info] Getting sessions for read:user,repo,user:email...
2025-12-27 08:55:34.677 [info] Got 1 sessions for read:user,repo,user:email...
2025-12-27 08:55:34.680 [info] Getting sessions for project,read:org,read:user,repo,user:email,workflow...
2025-12-27 08:55:34.680 [info] Got 0 sessions for project,read:org,read:user,repo,user:email,workflow...
2025-12-27 08:55:34.741 [info] FetcherService: Node http/s failed with status: 429 Too Many Requests
2025-12-27 08:55:36.165 [info] Getting sessions for read:user,repo,user:email,workflow...
2025-12-27 08:55:36.183 [info] Got 1 sessions for read:user,repo,user:email,workflow...
2025-12-27 08:55:36.290 [info] Getting sessions for all scopes...
2025-12-27 08:55:36.290 [info] Got 5 sessions for ...
2025-12-27 08:55:36.290 [info] Getting sessions for all scopes...
2025-12-27 08:55:36.290 [info] Got 5 sessions for ...
2025-12-27 08:55:36.627 [info] Getting sessions for read:user,repo,user:email...
2025-12-27 08:55:36.627 [info] Got 1 sessions for read:user,repo,user:email...
2025-12-27 08:55:39.579 [info] Getting sessions for read:user,repo,user:email,workflow...
2025-12-27 08:55:39.579 [info] Got 1 sessions for read:user,repo,user:email,workflow...
2025-12-27 08:55:39.580 [info] Getting sessions for read:user,repo,user:email...
2025-12-27 08:55:39.580 [info] Got 1 sessions for read:user,repo,user:email...
2025-12-27 08:55:39.996 [info] Getting sessions for all scopes...
2025-12-27 08:55:39.996 [info] Got 5 sessions for ...
2025-12-27 08:55:40.368 [info] Getting sessions for all scopes...
2025-12-27 08:55:40.368 [info] Got 5 sessions for ...
2025-12-27 08:55:40.371 [info] Getting sessions for all scopes...
2025-12-27 08:55:40.371 [info] Got 5 sessions for ...
2025-12-27 08:55:40.381 [info] Getting sessions for all scopes...
2025-12-27 08:55:40.381 [info] Got 5 sessions for ...
2025-12-27 08:55:40.996 [info] Getting sessions for repo,user:email...
2025-12-27 08:55:40.996 [info] Got 1 sessions for repo,user:email...
2025-12-27 08:55:41.403 [info] Getting sessions for read:user,repo,user:email,workflow...
2025-12-27 08:55:41.403 [info] Got 1 sessions for read:user,repo,user:email,workflow...
2025-12-27 08:55:41.535 [info] Getting sessions for all scopes...
2025-12-27 08:55:41.535 [info] Got 5 sessions for ...
2025-12-27 08:56:25.560 [info] Getting sessions for all scopes...
2025-12-27 08:56:25.561 [info] Got 5 sessions for ...
2025-12-27 08:56:25.622 [info] Getting sessions for all scopes...
2025-12-27 08:56:25.622 [info] Got 5 sessions for ...
2025-12-27 09:04:03.906 [info] Getting sessions for all scopes...
2025-12-27 09:04:03.906 [info] Got 5 sessions for ...
2025-12-27 09:04:03.930 [info] Getting sessions for read:user,repo,user:email,workflow...
2025-12-27 09:04:03.931 [info] Got 1 sessions for read:user,repo,user:email,workflow...
2025-12-27 09:11:10.147 [info] Getting sessions for all scopes...
2025-12-27 09:11:10.148 [info] Got 5 sessions for ...
2025-12-27 09:11:10.264 [info] Getting sessions for read:user,repo,user:email,workflow...
2025-12-27 09:11:10.264 [info] Got 1 sessions for read:user,repo,user:email,workflow...
2025-12-27 09:11:11.017 [info] Getting sessions for read:user,repo,user:email...
2025-12-27 09:11:11.017 [info] Got 1 sessions for read:user,repo,user:email...
2025-12-27 09:11:11.026 [info] Getting sessions for read:user,repo,user:email...
2025-12-27 09:11:11.027 [info] Got 1 sessions for read:user,repo,user:email...
2025-12-27 09:13:41.651 [info] Getting sessions for read:user,repo,user:email...
2025-12-27 09:13:41.652 [info] Got 1 sessions for read:user,repo,user:email...
2025-12-27 09:16:36.934 [info] Getting sessions for all scopes...
2025-12-27 09:16:36.935 [info] Got 5 sessions for ...
2025-12-27 09:16:36.939 [info] Getting sessions for read:user,repo,user:email,workflow...
2025-12-27 09:16:36.940 [info] Got 1 sessions for read:user,repo,user:email,workflow...
2025-12-27 09:16:37.387 [info] Getting sessions for all scopes...
2025-12-27 09:16:37.387 [info] Got 5 sessions for ...
2025-12-27 09:16:37.388 [info] Getting sessions for all scopes...
2025-12-27 09:16:37.388 [info] Got 5 sessions for ...
2025-12-27 09:16:37.397 [info] Getting sessions for read:user,repo,user:email,workflow...
2025-12-27 09:16:37.398 [info] Got 1 sessions for read:user,repo,user:email,workflow...
2025-12-27 09:16:37.436 [info] Getting sessions for all scopes...
2025-12-27 09:16:37.436 [info] Got 5 sessions for ...
2025-12-27 09:16:37.445 [info] Getting sessions for read:user,repo,user:email,workflow...
2025-12-27 09:16:37.445 [info] Got 1 sessions for read:user,repo,user:email,workflow...
2025-12-27 09:38:14.405 [info] Getting sessions for repo,workflow...
2025-12-27 09:38:14.407 [info] Got 1 sessions for repo,workflow...
2025-12-27 09:38:14.673 [info] Getting sessions for repo,workflow...
2025-12-27 09:38:14.673 [info] Got 1 sessions for repo,workflow...
2025-12-27 09:38:15.094 [info] Getting sessions for repo,workflow...
2025-12-27 09:38:15.094 [info] Got 1 sessions for repo,workflow...
2025-12-27 09:38:15.591 [info] Getting sessions for repo,workflow...
2025-12-27 09:38:15.591 [info] Got 1 sessions for repo,workflow...
2025-12-27 09:38:16.043 [info] Getting sessions for repo,workflow...
2025-12-27 09:38:16.044 [info] Got 1 sessions for repo,workflow...
2025-12-27 09:38:29.493 [info] Getting sessions for all scopes...
2025-12-27 09:38:29.493 [info] Got 5 sessions for ...
2025-12-27 09:38:29.496 [info] Getting sessions for read:user,repo,user:email,workflow...
2025-12-27 09:38:29.496 [info] Got 1 sessions for read:user,repo,user:email,workflow...
2025-12-27 09:38:30.039 [info] Getting sessions for all scopes...
2025-12-27 09:38:30.039 [info] Got 5 sessions for ...
2025-12-27 09:38:30.040 [info] Getting sessions for all scopes...
2025-12-27 09:38:30.040 [info] Got 5 sessions for ...
2025-12-27 09:38:30.050 [info] Getting sessions for read:user,repo,user:email,workflow...
2025-12-27 09:38:30.050 [info] Got 1 sessions for read:user,repo,user:email,workflow...
2025-12-27 09:38:30.071 [info] Getting sessions for all scopes...
2025-12-27 09:38:30.071 [info] Got 5 sessions for ...
2025-12-27 09:38:30.073 [info] Getting sessions for read:user,repo,user:email,workflow...
2025-12-27 09:38:30.073 [info] Got 1 sessions for read:user,repo,user:email,workflow...
2025-12-27 09:38:30.769 [info] Getting sessions for all scopes...
2025-12-27 09:38:30.769 [info] Got 5 sessions for ...
2025-12-27 09:38:30.771 [info] Getting sessions for read:user,repo,user:email,workflow...
2025-12-27 09:38:30.771 [info] Got 1 sessions for read:user,repo,user:email,workflow...
2025-12-27 10:08:02.497 [info] Getting sessions for read:user,repo,user:email...
2025-12-27 10:08:02.499 [info] Got 1 sessions for read:user,repo,user:email...
2025-12-27 10:44:03.454 [info] Getting sessions for all scopes...
2025-12-27 10:44:03.455 [info] Got 5 sessions for ...
2025-12-27 10:44:03.459 [info] Getting sessions for read:user,repo,user:email,workflow...
2025-12-27 10:44:03.459 [info] Got 1 sessions for read:user,repo,user:email,workflow...
2025-12-27 10:44:08.088 [info] Getting sessions for all scopes...
2025-12-27 10:44:08.088 [info] Got 5 sessions for ...
2025-12-27 10:44:08.089 [info] Getting sessions for all scopes...
2025-12-27 10:44:08.089 [info] Got 5 sessions for ...
2025-12-27 10:44:08.237 [info] Getting sessions for read:user,repo,user:email,workflow...
2025-12-27 10:44:08.305 [info] Got 1 sessions for read:user,repo,user:email,workflow...
2025-12-27 10:44:08.453 [info] Getting sessions for all scopes...
2025-12-27 10:44:08.453 [info] Got 5 sessions for ...
2025-12-27 10:44:08.462 [info] Getting sessions for read:user,repo,user:email,workflow...
2025-12-27 10:44:08.462 [info] Got 1 sessions for read:user,repo,user:email,workflow...
2025-12-27 10:44:09.401 [info] Getting sessions for all scopes...
2025-12-27 10:44:09.402 [info] Got 5 sessions for ...
2025-12-27 10:44:09.411 [info] Getting sessions for read:user,repo,user:email,workflow...
2025-12-27 10:44:09.411 [info] Got 1 sessions for read:user,repo,user:email,workflow...
2025-12-27 11:22:19.019 [info] Getting sessions for all scopes...
2025-12-27 11:22:19.020 [info] Got 5 sessions for ...
2025-12-27 11:22:19.021 [info] Getting sessions for all scopes...
2025-12-27 11:22:19.021 [info] Got 5 sessions for ...
2025-12-27 11:22:19.028 [info] Getting sessions for read:user,repo,user:email,workflow...
2025-12-27 11:22:19.028 [info] Got 1 sessions for read:user,repo,user:email,workflow...
2025-12-27 11:22:19.680 [info] Getting sessions for all scopes...
2025-12-27 11:22:19.680 [info] Got 5 sessions for ...
2025-12-27 11:22:19.680 [info] Getting sessions for all scopes...
2025-12-27 11:22:19.680 [info] Got 5 sessions for ...
2025-12-27 11:22:19.682 [info] Getting sessions for all scopes...
2025-12-27 11:22:19.682 [info] Got 5 sessions for ...
2025-12-27 11:22:19.687 [info] Getting sessions for read:user,repo,user:email,workflow...
2025-12-27 11:22:19.687 [info] Got 1 sessions for read:user,repo,user:email,workflow...
2025-12-27 11:22:20.176 [info] Getting sessions for all scopes...
2025-12-27 11:22:20.176 [info] Got 5 sessions for ...
2025-12-27 11:22:20.176 [info] Getting sessions for all scopes...
2025-12-27 11:22:20.176 [info] Got 5 sessions for ...
2025-12-27 11:22:20.178 [info] Getting sessions for read:user,repo,user:email,workflow...
2025-12-27 11:22:20.178 [info] Got 1 sessions for read:user,repo,user:email,workflow...
2025-12-27 11:22:20.334 [info] Getting sessions for all scopes...
2025-12-27 11:22:20.334 [info] Got 5 sessions for ...
2025-12-27 11:22:20.334 [info] Getting sessions for all scopes...
2025-12-27 11:22:20.334 [info] Got 5 sessions for ...
2025-12-27 11:22:20.343 [info] Getting sessions for read:user,repo,user:email,workflow...
2025-12-27 11:22:20.344 [info] Got 1 sessions for read:user,repo,user:email,workflow...
2025-12-27 11:22:21.049 [info] Getting sessions for all scopes...
2025-12-27 11:22:21.049 [info] Got 5 sessions for ...
2025-12-27 11:22:21.052 [info] Getting sessions for read:user,repo,user:email,workflow...
2025-12-27 11:22:21.052 [info] Got 1 sessions for read:user,repo,user:email,workflow...
2025-12-27 12:30:36.358 [info] Getting sessions for all scopes...
2025-12-27 12:30:36.360 [info] Got 5 sessions for ...
2025-12-27 12:30:36.394 [info] Getting sessions for read:user,repo,user:email,workflow...
2025-12-27 12:30:36.396 [info] Got 1 sessions for read:user,repo,user:email,workflow...
2025-12-27 12:30:40.191 [info] Getting sessions for all scopes...
2025-12-27 12:30:40.191 [info] Got 5 sessions for ...
2025-12-27 12:30:40.191 [info] Getting sessions for all scopes...
2025-12-27 12:30:40.191 [info] Got 5 sessions for ...
2025-12-27 12:30:40.211 [info] Getting sessions for read:user,repo,user:email,workflow...
2025-12-27 12:30:40.211 [info] Got 1 sessions for read:user,repo,user:email,workflow...
2025-12-27 12:30:40.735 [info] Getting sessions for all scopes...
2025-12-27 12:30:40.735 [info] Got 5 sessions for ...
2025-12-27 12:30:40.736 [info] Getting sessions for all scopes...
2025-12-27 12:30:40.736 [info] Got 5 sessions for ...
2025-12-27 12:30:40.753 [info] Getting sessions for read:user,repo,user:email,workflow...
2025-12-27 12:30:40.753 [info] Got 1 sessions for read:user,repo,user:email,workflow...
2025-12-27 12:30:41.982 [info] Getting sessions for all scopes...
2025-12-27 12:30:41.985 [info] Got 5 sessions for ...
2025-12-27 12:30:42.752 [info] Getting sessions for read:user,repo,user:email,workflow...
2025-12-27 12:30:42.753 [info] Got 1 sessions for read:user,repo,user:email,workflow...
2025-12-27 12:30:43.715 [info] Getting sessions for all scopes...
2025-12-27 12:30:43.715 [info] Got 5 sessions for ...
2025-12-27 12:30:43.721 [info] Getting sessions for read:user,repo,user:email,workflow...
2025-12-27 12:30:43.721 [info] Got 1 sessions for read:user,repo,user:email,workflow...
2025-12-27 14:20:48.258 [info] Getting sessions for all scopes...
2025-12-27 14:20:48.259 [info] Got 5 sessions for ...
2025-12-27 14:20:48.419 [info] Getting sessions for read:user,repo,user:email,workflow...
2025-12-27 14:20:48.419 [info] Got 1 sessions for read:user,repo,user:email,workflow...
2025-12-27 14:20:49.178 [info] Getting sessions for all scopes...
2025-12-27 14:20:49.179 [info] Got 5 sessions for ...
2025-12-27 14:20:49.179 [info] Getting sessions for all scopes...
2025-12-27 14:20:49.179 [info] Got 5 sessions for ...
2025-12-27 14:20:49.931 [info] Getting sessions for read:user,repo,user:email,workflow...
2025-12-27 14:20:49.931 [info] Got 1 sessions for read:user,repo,user:email,workflow...
2025-12-27 14:20:50.086 [info] Getting sessions for all scopes...
2025-12-27 14:20:50.086 [info] Got 5 sessions for ...
2025-12-27 14:20:50.087 [info] Getting sessions for all scopes...
2025-12-27 14:20:50.087 [info] Got 5 sessions for ...
2025-12-27 14:20:50.192 [info] Getting sessions for read:user,repo,user:email,workflow...
2025-12-27 14:20:50.192 [info] Got 1 sessions for read:user,repo,user:email,workflow...
2025-12-27 14:20:50.666 [info] Getting sessions for all scopes...
2025-12-27 14:20:50.666 [info] Got 5 sessions for ...
2025-12-27 14:20:50.667 [info] Getting sessions for all scopes...
2025-12-27 14:20:50.667 [info] Got 5 sessions for ...
2025-12-27 14:20:50.676 [info] Getting sessions for read:user,repo,user:email,workflow...
2025-12-27 14:20:50.676 [info] Got 1 sessions for read:user,repo,user:email,workflow...
2025-12-27 14:20:52.130 [info] Getting sessions for all scopes...
2025-12-27 14:20:52.130 [info] Got 5 sessions for ...
2025-12-27 14:20:52.163 [info] Getting sessions for read:user,repo,user:email,workflow...
2025-12-27 14:20:52.163 [info] Got 1 sessions for read:user,repo,user:email,workflow...
2025-12-27 14:20:53.067 [info] Getting sessions for all scopes...
2025-12-27 14:20:53.067 [info] Got 5 sessions for ...
2025-12-27 14:20:53.083 [info] Getting sessions for read:user,repo,user:email,workflow...
2025-12-27 14:20:53.083 [info] Got 1 sessions for read:user,repo,user:email,workflow...
2025-12-27 15:35:18.690 [info] Getting sessions for all scopes...
2025-12-27 15:35:18.690 [info] Got 5 sessions for ...
2025-12-27 15:35:18.856 [info] Getting sessions for read:user,repo,user:email,workflow...
2025-12-27 15:35:18.856 [info] Got 1 sessions for read:user,repo,user:email,workflow...
2025-12-27 15:35:20.208 [info] Getting sessions for all scopes...
2025-12-27 15:35:20.209 [info] Got 5 sessions for ...
2025-12-27 15:35:20.210 [info] Getting sessions for all scopes...
2025-12-27 15:35:20.210 [info] Got 5 sessions for ...
2025-12-27 15:35:20.393 [info] Getting sessions for read:user,repo,user:email,workflow...
2025-12-27 15:35:20.393 [info] Got 1 sessions for read:user,repo,user:email,workflow...
2025-12-27 15:35:21.465 [info] Getting sessions for all scopes...
2025-12-27 15:35:21.465 [info] Got 5 sessions for ...
2025-12-27 15:35:21.471 [info] Getting sessions for all scopes...
2025-12-27 15:35:21.471 [info] Got 5 sessions for ...
2025-12-27 15:35:21.799 [info] Getting sessions for read:user,repo,user:email,workflow...
2025-12-27 15:35:21.800 [info] Got 1 sessions for read:user,repo,user:email,workflow...
2025-12-27 15:35:24.173 [info] Getting sessions for all scopes...
2025-12-27 15:35:24.173 [info] Got 5 sessions for ...
2025-12-27 15:35:24.187 [info] Getting sessions for read:user,repo,user:email,workflow...
2025-12-27 15:35:24.188 [info] Got 1 sessions for read:user,repo,user:email,workflow...
2025-12-27 15:35:24.188 [info] Getting sessions for all scopes...
2025-12-27 15:35:24.188 [info] Got 5 sessions for ...
2025-12-27 15:35:24.195 [info] Getting sessions for all scopes...
2025-12-27 15:35:24.195 [info] Got 5 sessions for ...
2025-12-27 15:35:24.204 [info] Getting sessions for read:user,repo,user:email,workflow...
2025-12-27 15:35:24.204 [info] Got 1 sessions for read:user,repo,user:email,workflow...
2025-12-27 16:37:20.109 [info] Getting sessions for all scopes...
2025-12-27 16:37:20.111 [info] Got 5 sessions for ...
2025-12-27 16:37:20.195 [info] Getting sessions for read:user,repo,user:email,workflow...
2025-12-27 16:37:20.195 [info] Got 1 sessions for read:user,repo,user:email,workflow...
2025-12-27 16:37:20.956 [info] Getting sessions for all scopes...
2025-12-27 16:37:20.956 [info] Got 5 sessions for ...
2025-12-27 16:37:20.958 [info] Getting sessions for all scopes...
2025-12-27 16:37:20.958 [info] Got 5 sessions for ...
2025-12-27 16:37:21.193 [info] Getting sessions for read:user,repo,user:email,workflow...
2025-12-27 16:37:21.193 [info] Got 1 sessions for read:user,repo,user:email,workflow...
2025-12-27 16:37:21.906 [info] Getting sessions for all scopes...
2025-12-27 16:37:21.906 [info] Got 5 sessions for ...
2025-12-27 16:37:21.908 [info] Getting sessions for all scopes...
2025-12-27 16:37:21.908 [info] Got 5 sessions for ...
2025-12-27 16:37:21.955 [info] Getting sessions for read:user,repo,user:email,workflow...
2025-12-27 16:37:21.955 [info] Got 1 sessions for read:user,repo,user:email,workflow...
2025-12-27 16:37:23.668 [info] Getting sessions for all scopes...
2025-12-27 16:37:23.668 [info] Got 5 sessions for ...
2025-12-27 16:37:23.682 [info] Getting sessions for read:user,repo,user:email,workflow...
2025-12-27 16:37:23.682 [info] Got 1 sessions for read:user,repo,user:email,workflow...
2025-12-27 16:37:24.639 [info] Getting sessions for all scopes...
2025-12-27 16:37:24.639 [info] Got 5 sessions for ...
2025-12-27 16:37:24.642 [info] Getting sessions for read:user,repo,user:email,workflow...
2025-12-27 16:37:24.642 [info] Got 1 sessions for read:user,repo,user:email,workflow...
2025-12-27 17:38:29.041 [info] Getting sessions for all scopes...
2025-12-27 17:38:29.043 [info] Got 5 sessions for ...
2025-12-27 17:38:29.253 [info] Getting sessions for read:user,repo,user:email,workflow...
2025-12-27 17:38:29.253 [info] Got 1 sessions for read:user,repo,user:email,workflow...
2025-12-27 17:38:29.953 [info] Getting sessions for all scopes...
2025-12-27 17:38:29.953 [info] Got 5 sessions for ...
2025-12-27 17:38:29.959 [info] Getting sessions for all scopes...
2025-12-27 17:38:29.959 [info] Got 5 sessions for ...
2025-12-27 17:38:30.154 [info] Getting sessions for read:user,repo,user:email,workflow...
2025-12-27 17:38:30.154 [info] Got 1 sessions for read:user,repo,user:email,workflow...
2025-12-27 17:38:31.124 [info] Getting sessions for all scopes...
2025-12-27 17:38:31.124 [info] Got 5 sessions for ...
2025-12-27 17:38:31.125 [info] Getting sessions for all scopes...
2025-12-27 17:38:31.125 [info] Got 5 sessions for ...
2025-12-27 17:38:31.164 [info] Getting sessions for read:user,repo,user:email,workflow...
2025-12-27 17:38:31.164 [info] Got 1 sessions for read:user,repo,user:email,workflow...
2025-12-27 17:38:32.261 [info] Getting sessions for all scopes...
2025-12-27 17:38:32.261 [info] Got 5 sessions for ...
2025-12-27 17:38:32.261 [info] Getting sessions for all scopes...
2025-12-27 17:38:32.262 [info] Got 5 sessions for ...
2025-12-27 17:38:32.332 [info] Getting sessions for read:user,repo,user:email,workflow...
2025-12-27 17:38:32.332 [info] Got 1 sessions for read:user,repo,user:email,workflow...
2025-12-27 17:38:34.183 [info] Getting sessions for all scopes...
2025-12-27 17:38:34.184 [info] Got 5 sessions for ...
2025-12-27 17:38:34.419 [info] Getting sessions for read:user,repo,user:email,workflow...
2025-12-27 17:38:34.419 [info] Got 1 sessions for read:user,repo,user:email,workflow...
2025-12-27 17:38:35.019 [info] Getting sessions for all scopes...
2025-12-27 17:38:35.019 [info] Got 5 sessions for ...
2025-12-27 17:38:35.022 [info] Getting sessions for read:user,repo,user:email,workflow...
2025-12-27 17:38:35.022 [info] Got 1 sessions for read:user,repo,user:email,workflow...
2025-12-27 18:39:38.544 [info] Getting sessions for all scopes...
2025-12-27 18:39:38.546 [info] Got 5 sessions for ...
2025-12-27 18:39:39.122 [info] Getting sessions for read:user,repo,user:email,workflow...
2025-12-27 18:39:39.122 [info] Got 1 sessions for read:user,repo,user:email,workflow...
2025-12-27 18:39:39.639 [info] Getting sessions for all scopes...
2025-12-27 18:39:39.639 [info] Got 5 sessions for ...
2025-12-27 18:39:39.640 [info] Getting sessions for all scopes...
2025-12-27 18:39:39.640 [info] Got 5 sessions for ...
2025-12-27 18:39:39.659 [info] Getting sessions for read:user,repo,user:email,workflow...
2025-12-27 18:39:39.659 [info] Got 1 sessions for read:user,repo,user:email,workflow...
2025-12-27 18:39:40.456 [info] Getting sessions for all scopes...
2025-12-27 18:39:40.456 [info] Got 5 sessions for ...
2025-12-27 18:39:40.462 [info] Getting sessions for all scopes...
2025-12-27 18:39:40.462 [info] Got 5 sessions for ...
2025-12-27 18:39:40.494 [info] Getting sessions for read:user,repo,user:email,workflow...
2025-12-27 18:39:40.494 [info] Got 1 sessions for read:user,repo,user:email,workflow...
2025-12-27 18:39:42.037 [info] Getting sessions for all scopes...
2025-12-27 18:39:42.037 [info] Got 5 sessions for ...
2025-12-27 18:39:42.048 [info] Getting sessions for read:user,repo,user:email,workflow...
2025-12-27 18:39:42.048 [info] Got 1 sessions for read:user,repo,user:email,workflow...
2025-12-27 18:39:43.019 [info] Getting sessions for all scopes...
2025-12-27 18:39:43.019 [info] Got 5 sessions for ...
2025-12-27 18:39:43.022 [info] Getting sessions for read:user,repo,user:email,workflow...
2025-12-27 18:39:43.022 [info] Got 1 sessions for read:user,repo,user:email,workflow...
2025-12-27 19:40:47.734 [info] Getting sessions for all scopes...
2025-12-27 19:40:47.735 [info] Got 5 sessions for ...
2025-12-27 19:40:48.818 [info] Getting sessions for read:user,repo,user:email,workflow...
2025-12-27 19:40:48.818 [info] Got 1 sessions for read:user,repo,user:email,workflow...
2025-12-27 19:40:51.315 [info] Getting sessions for all scopes...
2025-12-27 19:40:51.315 [info] Got 5 sessions for ...
2025-12-27 19:40:51.323 [info] Getting sessions for all scopes...
2025-12-27 19:40:51.323 [info] Got 5 sessions for ...
2025-12-27 19:40:51.357 [info] Getting sessions for read:user,repo,user:email,workflow...
2025-12-27 19:40:51.357 [info] Got 1 sessions for read:user,repo,user:email,workflow...
2025-12-27 19:40:53.211 [info] Getting sessions for all scopes...
2025-12-27 19:40:53.211 [info] Got 5 sessions for ...
2025-12-27 19:40:53.211 [info] Getting sessions for all scopes...
2025-12-27 19:40:53.211 [info] Got 5 sessions for ...
2025-12-27 19:40:53.222 [info] Getting sessions for read:user,repo,user:email,workflow...
2025-12-27 19:40:53.222 [info] Got 1 sessions for read:user,repo,user:email,workflow...
2025-12-27 19:40:54.489 [info] Getting sessions for all scopes...
2025-12-27 19:40:54.489 [info] Got 5 sessions for ...
2025-12-27 19:40:54.493 [info] Getting sessions for read:user,repo,user:email,workflow...
2025-12-27 19:40:54.493 [info] Got 1 sessions for read:user,repo,user:email,workflow...
2025-12-27 19:40:56.675 [info] Getting sessions for all scopes...
2025-12-27 19:40:56.675 [info] Got 5 sessions for ...
2025-12-27 19:40:56.689 [info] Getting sessions for read:user,repo,user:email,workflow...
2025-12-27 19:40:56.689 [info] Got 1 sessions for read:user,repo,user:email,workflow...
2025-12-27 20:41:58.014 [info] Getting sessions for all scopes...
2025-12-27 20:41:58.015 [info] Got 5 sessions for ...
2025-12-27 20:41:58.888 [info] Getting sessions for read:user,repo,user:email,workflow...
2025-12-27 20:41:58.889 [info] Got 1 sessions for read:user,repo,user:email,workflow...
2025-12-27 20:41:59.214 [info] Getting sessions for all scopes...
2025-12-27 20:41:59.215 [info] Got 5 sessions for ...
2025-12-27 20:41:59.215 [info] Getting sessions for all scopes...
2025-12-27 20:41:59.215 [info] Got 5 sessions for ...
2025-12-27 20:41:59.224 [info] Getting sessions for read:user,repo,user:email,workflow...
2025-12-27 20:41:59.224 [info] Got 1 sessions for read:user,repo,user:email,workflow...
2025-12-27 20:41:59.283 [info] Getting sessions for all scopes...
2025-12-27 20:41:59.283 [info] Got 5 sessions for ...
2025-12-27 20:41:59.477 [info] Getting sessions for read:user,repo,user:email,workflow...
2025-12-27 20:41:59.477 [info] Got 1 sessions for read:user,repo,user:email,workflow...
2025-12-27 20:42:00.679 [info] Getting sessions for all scopes...
2025-12-27 20:42:00.679 [info] Got 5 sessions for ...
2025-12-27 20:42:00.707 [info] Getting sessions for read:user,repo,user:email,workflow...
2025-12-27 20:42:00.707 [info] Got 1 sessions for read:user,repo,user:email,workflow...
2025-12-27 20:42:01.629 [info] Getting sessions for all scopes...
2025-12-27 20:42:01.629 [info] Got 5 sessions for ...
2025-12-27 20:42:01.631 [info] Getting sessions for read:user,repo,user:email,workflow...
2025-12-27 20:42:01.631 [info] Got 1 sessions for read:user,repo,user:email,workflow...
2025-12-27 21:43:06.737 [info] Getting sessions for all scopes...
2025-12-27 21:43:06.738 [info] Got 5 sessions for ...
2025-12-27 21:43:07.527 [info] Getting sessions for read:user,repo,user:email,workflow...
2025-12-27 21:43:07.527 [info] Got 1 sessions for read:user,repo,user:email,workflow...
2025-12-27 21:43:08.282 [info] Getting sessions for all scopes...
2025-12-27 21:43:08.282 [info] Got 5 sessions for ...
2025-12-27 21:43:08.283 [info] Getting sessions for all scopes...
2025-12-27 21:43:08.283 [info] Got 5 sessions for ...
2025-12-27 21:43:08.352 [info] Getting sessions for read:user,repo,user:email,workflow...
2025-12-27 21:43:08.352 [info] Got 1 sessions for read:user,repo,user:email,workflow...
2025-12-27 21:43:08.755 [info] Getting sessions for all scopes...
2025-12-27 21:43:08.755 [info] Got 5 sessions for ...
2025-12-27 21:43:08.756 [info] Getting sessions for all scopes...
2025-12-27 21:43:08.756 [info] Got 5 sessions for ...
2025-12-27 21:43:08.782 [info] Getting sessions for read:user,repo,user:email,workflow...
2025-12-27 21:43:08.782 [info] Got 1 sessions for read:user,repo,user:email,workflow...
2025-12-27 21:43:09.807 [info] Getting sessions for all scopes...
2025-12-27 21:43:09.807 [info] Got 5 sessions for ...
2025-12-27 21:43:09.808 [info] Getting sessions for all scopes...
2025-12-27 21:43:09.808 [info] Got 5 sessions for ...
2025-12-27 21:43:09.961 [info] Getting sessions for read:user,repo,user:email,workflow...
2025-12-27 21:43:09.961 [info] Got 1 sessions for read:user,repo,user:email,workflow...
2025-12-27 21:43:11.445 [info] Getting sessions for all scopes...
2025-12-27 21:43:11.445 [info] Got 5 sessions for ...
2025-12-27 21:43:11.788 [info] Getting sessions for read:user,repo,user:email,workflow...
2025-12-27 21:43:11.788 [info] Got 1 sessions for read:user,repo,user:email,workflow...
2025-12-27 21:43:12.019 [info] Getting sessions for all scopes...
2025-12-27 21:43:12.019 [info] Got 5 sessions for ...
2025-12-27 21:43:12.029 [info] Getting sessions for read:user,repo,user:email,workflow...
2025-12-27 21:43:12.029 [info] Got 1 sessions for read:user,repo,user:email,workflow...
2025-12-27 22:44:17.339 [info] Getting sessions for all scopes...
2025-12-27 22:44:17.342 [info] Got 5 sessions for ...
2025-12-27 22:44:17.573 [info] Getting sessions for read:user,repo,user:email,workflow...
2025-12-27 22:44:17.573 [info] Got 1 sessions for read:user,repo,user:email,workflow...
2025-12-27 22:44:18.301 [info] Getting sessions for all scopes...
2025-12-27 22:44:18.301 [info] Got 5 sessions for ...
2025-12-27 22:44:18.301 [info] Getting sessions for all scopes...
2025-12-27 22:44:18.302 [info] Got 5 sessions for ...
2025-12-27 22:44:18.314 [info] Getting sessions for read:user,repo,user:email,workflow...
2025-12-27 22:44:18.314 [info] Got 1 sessions for read:user,repo,user:email,workflow...
2025-12-27 22:44:18.910 [info] Getting sessions for all scopes...
2025-12-27 22:44:18.910 [info] Got 5 sessions for ...
2025-12-27 22:44:18.911 [info] Getting sessions for all scopes...
2025-12-27 22:44:18.911 [info] Got 5 sessions for ...
2025-12-27 22:44:18.948 [info] Getting sessions for read:user,repo,user:email,workflow...
2025-12-27 22:44:18.948 [info] Got 1 sessions for read:user,repo,user:email,workflow...
2025-12-27 22:44:20.054 [info] Getting sessions for all scopes...
2025-12-27 22:44:20.054 [info] Got 5 sessions for ...
2025-12-27 22:44:20.065 [info] Getting sessions for read:user,repo,user:email,workflow...
2025-12-27 22:44:20.065 [info] Got 1 sessions for read:user,repo,user:email,workflow...
2025-12-27 22:44:21.012 [info] Getting sessions for all scopes...
2025-12-27 22:44:21.012 [info] Got 5 sessions for ...
2025-12-27 22:44:21.059 [info] Getting sessions for read:user,repo,user:email,workflow...
2025-12-27 22:44:21.059 [info] Got 1 sessions for read:user,repo,user:email,workflow...
2025-12-27 23:45:26.761 [info] Getting sessions for all scopes...
2025-12-27 23:45:26.763 [info] Got 5 sessions for ...
2025-12-27 23:45:27.097 [info] Getting sessions for read:user,repo,user:email,workflow...
2025-12-27 23:45:27.097 [info] Got 1 sessions for read:user,repo,user:email,workflow...
2025-12-27 23:45:27.733 [info] Getting sessions for all scopes...
2025-12-27 23:45:27.733 [info] Got 5 sessions for ...
2025-12-27 23:45:27.735 [info] Getting sessions for all scopes...
2025-12-27 23:45:27.735 [info] Got 5 sessions for ...
2025-12-27 23:45:27.815 [info] Getting sessions for read:user,repo,user:email,workflow...
2025-12-27 23:45:27.815 [info] Got 1 sessions for read:user,repo,user:email,workflow...
2025-12-27 23:45:27.872 [info] Getting sessions for all scopes...
2025-12-27 23:45:27.872 [info] Got 5 sessions for ...
2025-12-27 23:45:27.873 [info] Getting sessions for all scopes...
2025-12-27 23:45:27.873 [info] Got 5 sessions for ...
2025-12-27 23:45:27.969 [info] Getting sessions for read:user,repo,user:email,workflow...
2025-12-27 23:45:27.969 [info] Got 1 sessions for read:user,repo,user:email,workflow...
2025-12-27 23:45:28.616 [info] Getting sessions for all scopes...
2025-12-27 23:45:28.616 [info] Got 5 sessions for ...
2025-12-27 23:45:28.616 [info] Getting sessions for all scopes...
2025-12-27 23:45:28.616 [info] Got 5 sessions for ...
2025-12-27 23:45:28.634 [info] Getting sessions for read:user,repo,user:email,workflow...
2025-12-27 23:45:28.634 [info] Got 1 sessions for read:user,repo,user:email,workflow...
2025-12-27 23:45:29.468 [info] Getting sessions for all scopes...
2025-12-27 23:45:29.468 [info] Got 5 sessions for ...
2025-12-27 23:45:29.944 [info] Getting sessions for read:user,repo,user:email,workflow...
2025-12-27 23:45:29.944 [info] Got 1 sessions for read:user,repo,user:email,workflow...
2025-12-27 23:45:30.322 [info] Getting sessions for all scopes...
2025-12-27 23:45:30.322 [info] Got 5 sessions for ...
2025-12-27 23:45:30.327 [info] Getting sessions for read:user,repo,user:email,workflow...
2025-12-27 23:45:30.327 [info] Got 1 sessions for read:user,repo,user:email,workflow...
2025-12-28 00:46:34.734 [info] Getting sessions for all scopes...
2025-12-28 00:46:34.737 [info] Got 5 sessions for ...
2025-12-28 00:46:35.614 [info] Getting sessions for read:user,repo,user:email,workflow...
2025-12-28 00:46:35.616 [info] Got 1 sessions for read:user,repo,user:email,workflow...
2025-12-28 00:46:36.785 [info] Getting sessions for all scopes...
2025-12-28 00:46:36.785 [info] Got 5 sessions for ...
2025-12-28 00:46:36.786 [info] Getting sessions for all scopes...
2025-12-28 00:46:36.786 [info] Got 5 sessions for ...
2025-12-28 00:46:36.824 [info] Getting sessions for read:user,repo,user:email,workflow...
2025-12-28 00:46:36.824 [info] Got 1 sessions for read:user,repo,user:email,workflow...
2025-12-28 00:46:37.736 [info] Getting sessions for all scopes...
2025-12-28 00:46:37.737 [info] Got 5 sessions for ...
2025-12-28 00:46:41.687 [info] Getting sessions for read:user,repo,user:email,workflow...
2025-12-28 00:46:41.687 [info] Got 1 sessions for read:user,repo,user:email,workflow...
2025-12-28 00:46:42.796 [info] Getting sessions for all scopes...
2025-12-28 00:46:42.796 [info] Got 5 sessions for ...
2025-12-28 00:46:42.797 [info] Getting sessions for all scopes...
2025-12-28 00:46:42.797 [info] Got 5 sessions for ...
2025-12-28 00:46:43.136 [info] Getting sessions for read:user,repo,user:email,workflow...
2025-12-28 00:46:43.136 [info] Got 1 sessions for read:user,repo,user:email,workflow...
2025-12-28 00:46:44.295 [info] Getting sessions for all scopes...
2025-12-28 00:46:44.295 [info] Got 5 sessions for ...
2025-12-28 00:46:44.296 [info] Getting sessions for all scopes...
2025-12-28 00:46:44.296 [info] Got 5 sessions for ...
2025-12-28 00:46:44.306 [info] Getting sessions for read:user,repo,user:email,workflow...
2025-12-28 00:46:44.306 [info] Got 1 sessions for read:user,repo,user:email,workflow...
2025-12-28 00:46:44.825 [info] Getting sessions for all scopes...
2025-12-28 00:46:44.826 [info] Got 5 sessions for ...
2025-12-28 00:46:44.911 [info] Getting sessions for read:user,repo,user:email,workflow...
2025-12-28 00:46:44.911 [info] Got 1 sessions for read:user,repo,user:email,workflow...
2025-12-28 00:46:45.456 [info] Getting sessions for all scopes...
2025-12-28 00:46:45.456 [info] Got 5 sessions for ...
2025-12-28 00:46:45.459 [info] Getting sessions for all scopes...
2025-12-28 00:46:45.460 [info] Got 5 sessions for ...
2025-12-28 00:46:45.659 [info] Getting sessions for read:user,repo,user:email,workflow...
2025-12-28 00:46:45.660 [info] Got 1 sessions for read:user,repo,user:email,workflow...
2025-12-28 00:46:48.849 [info] Getting sessions for all scopes...
2025-12-28 00:46:48.849 [info] Got 5 sessions for ...
2025-12-28 00:46:48.944 [info] Getting sessions for read:user,repo,user:email,workflow...
2025-12-28 00:46:48.944 [info] Got 1 sessions for read:user,repo,user:email,workflow...
2025-12-28 00:46:49.722 [info] Getting sessions for all scopes...
2025-12-28 00:46:49.722 [info] Got 5 sessions for ...
2025-12-28 00:46:50.196 [info] Getting sessions for read:user,repo,user:email,workflow...
2025-12-28 00:46:50.196 [info] Got 1 sessions for read:user,repo,user:email,workflow...
2025-12-28 01:47:45.192 [info] Getting sessions for all scopes...
2025-12-28 01:47:45.197 [info] Got 5 sessions for ...
2025-12-28 01:47:47.418 [info] Getting sessions for read:user,repo,user:email,workflow...
2025-12-28 01:47:47.418 [info] Got 1 sessions for read:user,repo,user:email,workflow...
2025-12-28 01:47:47.742 [info] Getting sessions for all scopes...
2025-12-28 01:47:47.742 [info] Got 5 sessions for ...
2025-12-28 01:47:47.743 [info] Getting sessions for all scopes...
2025-12-28 01:47:47.743 [info] Got 5 sessions for ...
2025-12-28 01:47:47.762 [info] Getting sessions for read:user,repo,user:email,workflow...
2025-12-28 01:47:47.763 [info] Got 1 sessions for read:user,repo,user:email,workflow...
2025-12-28 01:47:48.931 [info] Getting sessions for all scopes...
2025-12-28 01:47:48.931 [info] Got 5 sessions for ...
2025-12-28 01:47:48.951 [info] Getting sessions for read:user,repo,user:email,workflow...
2025-12-28 01:47:48.951 [info] Got 1 sessions for read:user,repo,user:email,workflow...
2025-12-28 01:47:49.158 [info] Getting sessions for all scopes...
2025-12-28 01:47:49.158 [info] Got 5 sessions for ...
2025-12-28 01:47:49.159 [info] Getting sessions for all scopes...
2025-12-28 01:47:49.159 [info] Got 5 sessions for ...
2025-12-28 01:47:49.193 [info] Getting sessions for read:user,repo,user:email,workflow...
2025-12-28 01:47:49.193 [info] Got 1 sessions for read:user,repo,user:email,workflow...
2025-12-28 01:47:49.297 [info] Getting sessions for all scopes...
2025-12-28 01:47:49.297 [info] Got 5 sessions for ...
2025-12-28 01:47:49.539 [info] Getting sessions for read:user,repo,user:email,workflow...
2025-12-28 01:47:49.539 [info] Got 1 sessions for read:user,repo,user:email,workflow...
2025-12-28 01:48:20.411 [info] Getting sessions for all scopes...
2025-12-28 01:48:20.411 [info] Got 5 sessions for ...
2025-12-28 01:48:20.413 [info] Getting sessions for read:user,repo,user:email,workflow...
2025-12-28 01:48:20.413 [info] Got 1 sessions for read:user,repo,user:email,workflow...
2025-12-28 01:48:43.654 [info] Getting sessions for all scopes...
2025-12-28 01:48:43.655 [info] Got 5 sessions for ...
2025-12-28 01:48:43.659 [info] Getting sessions for read:user,repo,user:email,workflow...
2025-12-28 01:48:43.660 [info] Got 1 sessions for read:user,repo,user:email,workflow...
2025-12-28 03:14:44.732 [info] Getting sessions for all scopes...
2025-12-28 03:14:44.733 [info] Got 5 sessions for ...
2025-12-28 03:14:44.733 [info] Getting sessions for all scopes...
2025-12-28 03:14:44.733 [info] Got 5 sessions for ...
2025-12-28 03:14:45.032 [info] Getting sessions for read:user,repo,user:email,workflow...
2025-12-28 03:14:45.032 [info] Got 1 sessions for read:user,repo,user:email,workflow...
2025-12-28 03:14:45.560 [info] Getting sessions for all scopes...
2025-12-28 03:14:45.560 [info] Got 5 sessions for ...
2025-12-28 03:14:45.560 [info] Getting sessions for all scopes...
2025-12-28 03:14:45.560 [info] Got 5 sessions for ...
2025-12-28 03:14:45.562 [info] Getting sessions for all scopes...
2025-12-28 03:14:45.562 [info] Got 5 sessions for ...
2025-12-28 03:14:45.567 [info] Getting sessions for read:user,repo,user:email,workflow...
2025-12-28 03:14:45.567 [info] Got 1 sessions for read:user,repo,user:email,workflow...
2025-12-28 03:14:47.285 [info] Getting sessions for all scopes...
2025-12-28 03:14:47.285 [info] Got 5 sessions for ...
2025-12-28 03:14:47.286 [info] Getting sessions for all scopes...
2025-12-28 03:14:47.286 [info] Got 5 sessions for ...
2025-12-28 03:14:47.307 [info] Getting sessions for read:user,repo,user:email,workflow...
2025-12-28 03:14:47.307 [info] Got 1 sessions for read:user,repo,user:email,workflow...
2025-12-28 03:14:47.320 [info] Getting sessions for all scopes...
2025-12-28 03:14:47.320 [info] Got 5 sessions for ...
2025-12-28 03:14:47.745 [info] Getting sessions for read:user,repo,user:email,workflow...
2025-12-28 03:14:47.745 [info] Got 1 sessions for read:user,repo,user:email,workflow...
2025-12-28 04:50:52.622 [info] Getting sessions for all scopes...
2025-12-28 04:50:52.624 [info] Got 5 sessions for ...
2025-12-28 04:50:52.626 [info] Getting sessions for all scopes...
2025-12-28 04:50:52.626 [info] Got 5 sessions for ...
2025-12-28 04:50:53.120 [info] Getting sessions for read:user,repo,user:email,workflow...
2025-12-28 04:50:53.122 [info] Got 1 sessions for read:user,repo,user:email,workflow...
2025-12-28 04:50:53.811 [info] Getting sessions for all scopes...
2025-12-28 04:50:53.811 [info] Got 5 sessions for ...
2025-12-28 04:50:53.811 [info] Getting sessions for all scopes...
2025-12-28 04:50:53.811 [info] Got 5 sessions for ...
2025-12-28 04:50:53.955 [info] Getting sessions for read:user,repo,user:email,workflow...
2025-12-28 04:50:53.955 [info] Got 1 sessions for read:user,repo,user:email,workflow...
2025-12-28 04:50:54.664 [info] Getting sessions for all scopes...
2025-12-28 04:50:54.664 [info] Got 5 sessions for ...
2025-12-28 04:50:54.685 [info] Getting sessions for all scopes...
2025-12-28 04:50:54.685 [info] Got 5 sessions for ...
2025-12-28 04:50:54.838 [info] Getting sessions for read:user,repo,user:email,workflow...
2025-12-28 04:50:54.838 [info] Got 1 sessions for read:user,repo,user:email,workflow...
2025-12-28 04:50:55.288 [info] Getting sessions for all scopes...
2025-12-28 04:50:55.288 [info] Got 5 sessions for ...
2025-12-28 04:50:55.291 [info] Getting sessions for all scopes...
2025-12-28 04:50:55.291 [info] Got 5 sessions for ...
2025-12-28 04:50:55.302 [info] Getting sessions for read:user,repo,user:email,workflow...
2025-12-28 04:50:55.302 [info] Got 1 sessions for read:user,repo,user:email,workflow...
2025-12-28 05:51:19.716 [info] Getting sessions for all scopes...
2025-12-28 05:51:19.717 [info] Got 5 sessions for ...
2025-12-28 05:51:19.760 [info] Getting sessions for read:user,repo,user:email,workflow...
2025-12-28 05:51:19.760 [info] Got 1 sessions for read:user,repo,user:email,workflow...
2025-12-28 05:51:20.517 [info] Getting sessions for all scopes...
2025-12-28 05:51:20.517 [info] Got 5 sessions for ...
2025-12-28 05:51:20.518 [info] Getting sessions for all scopes...
2025-12-28 05:51:20.518 [info] Got 5 sessions for ...
2025-12-28 05:51:20.764 [info] Getting sessions for read:user,repo,user:email,workflow...
2025-12-28 05:51:20.766 [info] Got 1 sessions for read:user,repo,user:email,workflow...
2025-12-28 05:51:20.804 [info] Getting sessions for all scopes...
2025-12-28 05:51:20.804 [info] Got 5 sessions for ...
2025-12-28 05:51:20.804 [info] Getting sessions for all scopes...
2025-12-28 05:51:20.804 [info] Got 5 sessions for ...
2025-12-28 05:51:20.831 [info] Getting sessions for read:user,repo,user:email,workflow...
2025-12-28 05:51:20.831 [info] Got 1 sessions for read:user,repo,user:email,workflow...
2025-12-28 05:51:25.255 [info] Getting sessions for all scopes...
2025-12-28 05:51:25.255 [info] Got 5 sessions for ...
2025-12-28 05:51:25.258 [info] Getting sessions for read:user,repo,user:email,workflow...
2025-12-28 05:51:25.258 [info] Got 1 sessions for read:user,repo,user:email,workflow...
2025-12-28 05:51:26.297 [info] Getting sessions for all scopes...
2025-12-28 05:51:26.297 [info] Got 5 sessions for ...
2025-12-28 05:51:26.301 [info] Getting sessions for read:user,repo,user:email,workflow...
2025-12-28 05:51:26.301 [info] Got 1 sessions for read:user,repo,user:email,workflow...
2025-12-28 05:51:28.314 [info] Getting sessions for all scopes...
2025-12-28 05:51:28.314 [info] Got 5 sessions for ...
2025-12-28 05:51:28.322 [info] Getting sessions for read:user,repo,user:email,workflow...
2025-12-28 05:51:28.322 [info] Got 1 sessions for read:user,repo,user:email,workflow...
2025-12-28 06:52:29.853 [info] Getting sessions for all scopes...
2025-12-28 06:52:29.855 [info] Got 5 sessions for ...
2025-12-28 06:52:30.296 [info] Getting sessions for read:user,repo,user:email,workflow...
2025-12-28 06:52:30.296 [info] Got 1 sessions for read:user,repo,user:email,workflow...
2025-12-28 06:52:31.737 [info] Getting sessions for all scopes...
2025-12-28 06:52:31.737 [info] Got 5 sessions for ...
2025-12-28 06:52:31.738 [info] Getting sessions for all scopes...
2025-12-28 06:52:31.738 [info] Got 5 sessions for ...
2025-12-28 06:52:31.757 [info] Getting sessions for read:user,repo,user:email,workflow...
2025-12-28 06:52:31.757 [info] Got 1 sessions for read:user,repo,user:email,workflow...
2025-12-28 06:52:32.777 [info] Getting sessions for all scopes...
2025-12-28 06:52:32.777 [info] Got 5 sessions for ...
2025-12-28 06:52:32.778 [info] Getting sessions for all scopes...
2025-12-28 06:52:32.778 [info] Got 5 sessions for ...
2025-12-28 06:52:32.817 [info] Getting sessions for read:user,repo,user:email,workflow...
2025-12-28 06:52:32.817 [info] Got 1 sessions for read:user,repo,user:email,workflow...
2025-12-28 06:52:33.821 [info] Getting sessions for all scopes...
2025-12-28 06:52:33.821 [info] Got 5 sessions for ...
2025-12-28 06:52:33.821 [info] Getting sessions for all scopes...
2025-12-28 06:52:33.821 [info] Got 5 sessions for ...
2025-12-28 06:52:33.869 [info] Getting sessions for read:user,repo,user:email,workflow...
2025-12-28 06:52:33.869 [info] Got 1 sessions for read:user,repo,user:email,workflow...
2025-12-28 07:19:49.277 [info] Getting sessions for all scopes...
2025-12-28 07:19:49.281 [info] Got 5 sessions for ...
2025-12-28 07:19:49.299 [info] Getting sessions for read:user,repo,user:email,workflow...
2025-12-28 07:19:49.299 [info] Got 1 sessions for read:user,repo,user:email,workflow...
2025-12-28 07:47:33.074 [info] Getting sessions for all scopes...
2025-12-28 07:47:33.076 [info] Got 5 sessions for ...
2025-12-28 07:47:33.081 [info] Getting sessions for read:user,repo,user:email,workflow...
2025-12-28 07:47:33.082 [info] Got 1 sessions for read:user,repo,user:email,workflow...
2025-12-28 07:47:33.456 [info] Getting sessions for all scopes...
2025-12-28 07:47:33.456 [info] Got 5 sessions for ...
2025-12-28 07:47:33.457 [info] Getting sessions for all scopes...
2025-12-28 07:47:33.457 [info] Got 5 sessions for ...
2025-12-28 07:47:33.466 [info] Getting sessions for read:user,repo,user:email,workflow...
2025-12-28 07:47:33.466 [info] Got 1 sessions for read:user,repo,user:email,workflow...
2025-12-28 07:47:34.040 [info] Getting sessions for all scopes...
2025-12-28 07:47:34.040 [info] Got 5 sessions for ...
2025-12-28 07:47:34.040 [info] Getting sessions for all scopes...
2025-12-28 07:47:34.040 [info] Got 5 sessions for ...
2025-12-28 07:47:34.045 [info] Getting sessions for read:user,repo,user:email,workflow...
2025-12-28 07:47:34.045 [info] Got 1 sessions for read:user,repo,user:email,workflow...
2025-12-28 07:47:34.737 [info] Getting sessions for all scopes...
2025-12-28 07:47:34.737 [info] Got 5 sessions for ...
2025-12-28 07:47:34.740 [info] Getting sessions for read:user,repo,user:email,workflow...
2025-12-28 07:47:34.740 [info] Got 1 sessions for read:user,repo,user:email,workflow...
2025-12-28 08:42:33.978 [info] Getting sessions for all scopes...
2025-12-28 08:42:33.979 [info] Got 5 sessions for ...
2025-12-28 08:42:33.981 [info] Getting sessions for read:user,repo,user:email,workflow...
2025-12-28 08:42:33.981 [info] Got 1 sessions for read:user,repo,user:email,workflow...
2025-12-28 08:42:34.322 [info] Getting sessions for all scopes...
2025-12-28 08:42:34.323 [info] Got 5 sessions for ...
2025-12-28 08:42:34.323 [info] Getting sessions for all scopes...
2025-12-28 08:42:34.323 [info] Got 5 sessions for ...
2025-12-28 08:42:34.331 [info] Getting sessions for read:user,repo,user:email,workflow...
2025-12-28 08:42:34.331 [info] Got 1 sessions for read:user,repo,user:email,workflow...
2025-12-28 08:42:34.980 [info] Getting sessions for all scopes...
2025-12-28 08:42:34.980 [info] Got 5 sessions for ...
2025-12-28 08:42:34.980 [info] Getting sessions for all scopes...
2025-12-28 08:42:34.981 [info] Got 5 sessions for ...
2025-12-28 08:42:34.999 [info] Getting sessions for read:user,repo,user:email,workflow...
2025-12-28 08:42:34.999 [info] Got 1 sessions for read:user,repo,user:email,workflow...
2025-12-28 08:42:35.693 [info] Getting sessions for all scopes...
2025-12-28 08:42:35.693 [info] Got 5 sessions for ...
2025-12-28 08:42:35.695 [info] Getting sessions for read:user,repo,user:email,workflow...
2025-12-28 08:42:35.695 [info] Got 1 sessions for read:user,repo,user:email,workflow...
2025-12-28 08:42:36.536 [info] Getting sessions for all scopes...
2025-12-28 08:42:36.536 [info] Got 5 sessions for ...
2025-12-28 08:42:36.537 [info] Getting sessions for all scopes...
2025-12-28 08:42:36.537 [info] Got 5 sessions for ...
2025-12-28 08:42:36.539 [info] Getting sessions for read:user,repo,user:email,workflow...
2025-12-28 08:42:36.539 [info] Got 1 sessions for read:user,repo,user:email,workflow...
2025-12-28 10:16:57.369 [info] Getting sessions for all scopes...
2025-12-28 10:16:57.369 [info] Got 5 sessions for ...
2025-12-28 10:16:57.768 [info] Getting sessions for read:user,repo,user:email,workflow...
2025-12-28 10:16:57.768 [info] Got 1 sessions for read:user,repo,user:email,workflow...
2025-12-28 10:16:58.292 [info] Getting sessions for all scopes...
2025-12-28 10:16:58.292 [info] Got 5 sessions for ...
2025-12-28 10:16:58.293 [info] Getting sessions for all scopes...
2025-12-28 10:16:58.293 [info] Got 5 sessions for ...
2025-12-28 10:16:58.562 [info] Getting sessions for read:user,repo,user:email,workflow...
2025-12-28 10:16:58.562 [info] Got 1 sessions for read:user,repo,user:email,workflow...
2025-12-28 10:16:58.861 [info] Getting sessions for all scopes...
2025-12-28 10:16:58.861 [info] Got 5 sessions for ...
2025-12-28 10:16:58.868 [info] Getting sessions for all scopes...
2025-12-28 10:16:58.868 [info] Got 5 sessions for ...
2025-12-28 10:16:59.103 [info] Getting sessions for read:user,repo,user:email,workflow...
2025-12-28 10:16:59.103 [info] Got 1 sessions for read:user,repo,user:email,workflow...
2025-12-28 10:17:00.000 [info] Getting sessions for all scopes...
2025-12-28 10:17:00.000 [info] Got 5 sessions for ...
2025-12-28 10:17:00.003 [info] Getting sessions for all scopes...
2025-12-28 10:17:00.004 [info] Got 5 sessions for ...
2025-12-28 10:17:00.165 [info] Getting sessions for read:user,repo,user:email,workflow...
2025-12-28 10:17:00.165 [info] Got 1 sessions for read:user,repo,user:email,workflow...
2025-12-28 10:17:01.310 [info] Getting sessions for all scopes...
2025-12-28 10:17:01.310 [info] Got 5 sessions for ...
2025-12-28 10:17:01.403 [info] Getting sessions for read:user,repo,user:email,workflow...
2025-12-28 10:17:01.404 [info] Got 1 sessions for read:user,repo,user:email,workflow...
2025-12-28 10:17:02.477 [info] Getting sessions for all scopes...
2025-12-28 10:17:02.477 [info] Got 5 sessions for ...
2025-12-28 10:17:02.485 [info] Getting sessions for read:user,repo,user:email,workflow...
2025-12-28 10:17:02.485 [info] Got 1 sessions for read:user,repo,user:email,workflow...
2025-12-28 11:11:59.821 [info] Getting sessions for all scopes...
2025-12-28 11:11:59.821 [info] Got 5 sessions for ...
2025-12-28 11:11:59.837 [info] Getting sessions for read:user,repo,user:email,workflow...
2025-12-28 11:11:59.839 [info] Got 1 sessions for read:user,repo,user:email,workflow...
2025-12-28 11:12:00.534 [info] Getting sessions for all scopes...
2025-12-28 11:12:00.535 [info] Got 5 sessions for ...
2025-12-28 11:12:00.536 [info] Getting sessions for all scopes...
2025-12-28 11:12:00.537 [info] Got 5 sessions for ...
2025-12-28 11:12:00.687 [info] Getting sessions for read:user,repo,user:email,workflow...
2025-12-28 11:12:00.687 [info] Got 1 sessions for read:user,repo,user:email,workflow...
2025-12-28 11:12:01.898 [info] Getting sessions for all scopes...
2025-12-28 11:12:01.899 [info] Got 5 sessions for ...
2025-12-28 11:12:01.910 [info] Getting sessions for all scopes...
2025-12-28 11:12:01.910 [info] Got 5 sessions for ...
2025-12-28 11:12:02.084 [info] Getting sessions for read:user,repo,user:email,workflow...
2025-12-28 11:12:02.084 [info] Got 1 sessions for read:user,repo,user:email,workflow...
2025-12-28 11:12:02.339 [info] Getting sessions for all scopes...
2025-12-28 11:12:02.339 [info] Got 5 sessions for ...
2025-12-28 11:12:02.348 [info] Getting sessions for read:user,repo,user:email,workflow...
2025-12-28 11:12:02.348 [info] Got 1 sessions for read:user,repo,user:email,workflow...
2025-12-28 11:13:33.567 [info] Getting sessions for read:user,repo,user:email...
2025-12-28 11:13:33.569 [info] Got 1 sessions for read:user,repo,user:email...
2025-12-28 12:56:04.372 [info] Getting sessions for all scopes...
2025-12-28 12:56:04.387 [info] Got 5 sessions for ...
2025-12-28 12:56:04.891 [info] Getting sessions for read:user,repo,user:email,workflow...
2025-12-28 12:56:04.891 [info] Got 1 sessions for read:user,repo,user:email,workflow...
2025-12-28 12:56:06.000 [info] Getting sessions for all scopes...
2025-12-28 12:56:06.000 [info] Got 5 sessions for ...
2025-12-28 12:56:06.004 [info] Getting sessions for all scopes...
2025-12-28 12:56:06.004 [info] Got 5 sessions for ...
2025-12-28 12:56:06.019 [info] Getting sessions for read:user,repo,user:email,workflow...
2025-12-28 12:56:06.019 [info] Got 1 sessions for read:user,repo,user:email,workflow...
2025-12-28 12:56:06.587 [info] Getting sessions for all scopes...
2025-12-28 12:56:06.587 [info] Got 5 sessions for ...
2025-12-28 12:56:06.595 [info] Getting sessions for all scopes...
2025-12-28 12:56:06.595 [info] Got 5 sessions for ...
2025-12-28 12:56:06.646 [info] Getting sessions for read:user,repo,user:email,workflow...
2025-12-28 12:56:06.646 [info] Got 1 sessions for read:user,repo,user:email,workflow...
2025-12-28 12:56:08.693 [info] Getting sessions for all scopes...
2025-12-28 12:56:08.693 [info] Got 5 sessions for ...
2025-12-28 12:56:08.694 [info] Getting sessions for all scopes...
2025-12-28 12:56:08.694 [info] Got 5 sessions for ...
2025-12-28 12:56:09.270 [info] Getting sessions for read:user,repo,user:email,workflow...
2025-12-28 12:56:09.271 [info] Got 1 sessions for read:user,repo,user:email,workflow...
2025-12-28 12:56:09.972 [info] Getting sessions for all scopes...
2025-12-28 12:56:09.978 [info] Got 5 sessions for ...
2025-12-28 12:56:09.981 [info] Getting sessions for read:user,repo,user:email,workflow...
2025-12-28 12:56:09.981 [info] Got 1 sessions for read:user,repo,user:email,workflow...
2025-12-28 15:02:11.287 [info] Getting sessions for all scopes...
2025-12-28 15:02:11.303 [info] Got 5 sessions for ...
2025-12-28 15:02:12.583 [info] Getting sessions for read:user,repo,user:email,workflow...
2025-12-28 15:02:12.584 [info] Got 1 sessions for read:user,repo,user:email,workflow...
2025-12-28 15:02:13.320 [info] Getting sessions for all scopes...
2025-12-28 15:02:13.320 [info] Got 5 sessions for ...
2025-12-28 15:02:13.321 [info] Getting sessions for all scopes...
2025-12-28 15:02:13.321 [info] Got 5 sessions for ...
2025-12-28 15:02:13.329 [info] Getting sessions for read:user,repo,user:email,workflow...
2025-12-28 15:02:13.329 [info] Got 1 sessions for read:user,repo,user:email,workflow...
2025-12-28 15:02:17.830 [info] Getting sessions for all scopes...
2025-12-28 15:02:17.830 [info] Got 5 sessions for ...
2025-12-28 15:02:17.831 [info] Getting sessions for all scopes...
2025-12-28 15:02:17.831 [info] Got 5 sessions for ...
2025-12-28 15:02:17.832 [info] Getting sessions for read:user,repo,user:email,workflow...
2025-12-28 15:02:17.832 [info] Got 1 sessions for read:user,repo,user:email,workflow...
2025-12-28 15:02:19.761 [info] Getting sessions for all scopes...
2025-12-28 15:02:19.762 [info] Got 5 sessions for ...
2025-12-28 15:02:19.762 [info] Getting sessions for all scopes...
2025-12-28 15:02:19.762 [info] Got 5 sessions for ...
2025-12-28 15:02:19.765 [info] Getting sessions for read:user,repo,user:email,workflow...
2025-12-28 15:02:19.765 [info] Got 1 sessions for read:user,repo,user:email,workflow...
2025-12-28 15:02:20.456 [info] Getting sessions for all scopes...
2025-12-28 15:02:20.456 [info] Got 5 sessions for ...
2025-12-28 15:02:20.458 [info] Getting sessions for read:user,repo,user:email,workflow...
2025-12-28 15:02:20.458 [info] Got 1 sessions for read:user,repo,user:email,workflow...
2025-12-28 17:12:24.362 [info] Getting sessions for all scopes...
2025-12-28 17:12:24.365 [info] Got 5 sessions for ...
2025-12-28 17:12:25.192 [info] Getting sessions for read:user,repo,user:email,workflow...
2025-12-28 17:12:25.192 [info] Got 1 sessions for read:user,repo,user:email,workflow...
2025-12-28 17:12:25.950 [info] Getting sessions for all scopes...
2025-12-28 17:12:25.952 [info] Got 5 sessions for ...
2025-12-28 17:12:25.952 [info] Getting sessions for all scopes...
2025-12-28 17:12:25.952 [info] Got 5 sessions for ...
2025-12-28 17:12:26.432 [info] Getting sessions for read:user,repo,user:email,workflow...
2025-12-28 17:12:26.432 [info] Got 1 sessions for read:user,repo,user:email,workflow...
2025-12-28 17:12:27.486 [info] Getting sessions for all scopes...
2025-12-28 17:12:27.486 [info] Got 5 sessions for ...
2025-12-28 17:12:27.486 [info] Getting sessions for all scopes...
2025-12-28 17:12:27.486 [info] Got 5 sessions for ...
2025-12-28 17:12:27.496 [info] Getting sessions for read:user,repo,user:email,workflow...
2025-12-28 17:12:27.496 [info] Got 1 sessions for read:user,repo,user:email,workflow...
2025-12-28 17:12:28.223 [info] Getting sessions for all scopes...
2025-12-28 17:12:28.223 [info] Got 5 sessions for ...
2025-12-28 17:12:28.223 [info] Getting sessions for all scopes...
2025-12-28 17:12:28.223 [info] Got 5 sessions for ...
2025-12-28 17:12:28.226 [info] Getting sessions for read:user,repo,user:email,workflow...
2025-12-28 17:12:28.226 [info] Got 1 sessions for read:user,repo,user:email,workflow...
2025-12-28 17:12:28.916 [info] Getting sessions for all scopes...
2025-12-28 17:12:28.916 [info] Got 5 sessions for ...
2025-12-28 17:12:28.930 [info] Getting sessions for read:user,repo,user:email,workflow...
2025-12-28 17:12:28.930 [info] Got 1 sessions for read:user,repo,user:email,workflow...
2025-12-28 18:13:28.541 [info] Getting sessions for all scopes...
2025-12-28 18:13:28.542 [info] Got 5 sessions for ...
2025-12-28 18:13:29.308 [info] Getting sessions for read:user,repo,user:email,workflow...
2025-12-28 18:13:29.308 [info] Got 1 sessions for read:user,repo,user:email,workflow...
2025-12-28 18:13:29.876 [info] Getting sessions for all scopes...
2025-12-28 18:13:29.876 [info] Got 5 sessions for ...
2025-12-28 18:13:29.877 [info] Getting sessions for all scopes...
2025-12-28 18:13:29.878 [info] Got 5 sessions for ...
2025-12-28 18:13:29.896 [info] Getting sessions for read:user,repo,user:email,workflow...
2025-12-28 18:13:29.896 [info] Got 1 sessions for read:user,repo,user:email,workflow...
2025-12-28 18:13:29.921 [info] Getting sessions for all scopes...
2025-12-28 18:13:29.921 [info] Got 5 sessions for ...
2025-12-28 18:13:30.031 [info] Getting sessions for read:user,repo,user:email,workflow...
2025-12-28 18:13:30.032 [info] Got 1 sessions for read:user,repo,user:email,workflow...
2025-12-28 18:13:31.192 [info] Getting sessions for all scopes...
2025-12-28 18:13:31.192 [info] Got 5 sessions for ...
2025-12-28 18:13:31.380 [info] Getting sessions for read:user,repo,user:email,workflow...
2025-12-28 18:13:31.380 [info] Got 1 sessions for read:user,repo,user:email,workflow...
2025-12-28 18:13:31.923 [info] Getting sessions for all scopes...
2025-12-28 18:13:31.924 [info] Got 5 sessions for ...
2025-12-28 18:13:31.926 [info] Getting sessions for read:user,repo,user:email,workflow...
2025-12-28 18:13:31.926 [info] Got 1 sessions for read:user,repo,user:email,workflow...
2025-12-28 19:14:30.330 [info] Getting sessions for all scopes...
2025-12-28 19:14:30.331 [info] Got 5 sessions for ...
2025-12-28 19:14:30.774 [info] Getting sessions for read:user,repo,user:email,workflow...
2025-12-28 19:14:30.774 [info] Got 1 sessions for read:user,repo,user:email,workflow...
2025-12-28 19:14:31.202 [info] Getting sessions for all scopes...
2025-12-28 19:14:31.202 [info] Got 5 sessions for ...
2025-12-28 19:14:31.212 [info] Getting sessions for all scopes...
2025-12-28 19:14:31.212 [info] Got 5 sessions for ...
2025-12-28 19:14:31.424 [info] Getting sessions for read:user,repo,user:email,workflow...
2025-12-28 19:14:31.424 [info] Got 1 sessions for read:user,repo,user:email,workflow...
2025-12-28 19:14:32.360 [info] Getting sessions for all scopes...
2025-12-28 19:14:32.360 [info] Got 5 sessions for ...
2025-12-28 19:14:32.360 [info] Getting sessions for all scopes...
2025-12-28 19:14:32.360 [info] Got 5 sessions for ...
2025-12-28 19:14:32.708 [info] Getting sessions for read:user,repo,user:email,workflow...
2025-12-28 19:14:32.709 [info] Got 1 sessions for read:user,repo,user:email,workflow...
2025-12-28 19:14:33.557 [info] Getting sessions for all scopes...
2025-12-28 19:14:33.557 [info] Got 5 sessions for ...
2025-12-28 19:14:33.557 [info] Getting sessions for all scopes...
2025-12-28 19:14:33.557 [info] Got 5 sessions for ...
2025-12-28 19:14:33.584 [info] Getting sessions for read:user,repo,user:email,workflow...
2025-12-28 19:14:33.584 [info] Got 1 sessions for read:user,repo,user:email,workflow...
2025-12-28 19:14:34.572 [info] Getting sessions for all scopes...
2025-12-28 19:14:34.572 [info] Got 5 sessions for ...
2025-12-28 19:14:34.577 [info] Getting sessions for read:user,repo,user:email,workflow...
2025-12-28 19:14:34.577 [info] Got 1 sessions for read:user,repo,user:email,workflow...
2025-12-28 19:14:35.580 [info] Getting sessions for all scopes...
2025-12-28 19:14:35.580 [info] Got 5 sessions for ...
2025-12-28 19:14:35.583 [info] Getting sessions for read:user,repo,user:email,workflow...
2025-12-28 19:14:35.583 [info] Got 1 sessions for read:user,repo,user:email,workflow...
2025-12-28 20:15:32.445 [info] Getting sessions for all scopes...
2025-12-28 20:15:32.448 [info] Got 5 sessions for ...
2025-12-28 20:15:32.538 [info] Getting sessions for read:user,repo,user:email,workflow...
2025-12-28 20:15:32.538 [info] Got 1 sessions for read:user,repo,user:email,workflow...
2025-12-28 20:15:33.046 [info] Getting sessions for all scopes...
2025-12-28 20:15:33.046 [info] Got 5 sessions for ...
2025-12-28 20:15:33.047 [info] Getting sessions for all scopes...
2025-12-28 20:15:33.047 [info] Got 5 sessions for ...
2025-12-28 20:15:34.334 [info] Getting sessions for read:user,repo,user:email,workflow...
2025-12-28 20:15:34.334 [info] Got 1 sessions for read:user,repo,user:email,workflow...
2025-12-28 20:15:34.796 [info] Getting sessions for all scopes...
2025-12-28 20:15:34.796 [info] Got 5 sessions for ...
2025-12-28 20:15:34.797 [info] Getting sessions for all scopes...
2025-12-28 20:15:34.797 [info] Got 5 sessions for ...
2025-12-28 20:15:34.909 [info] Getting sessions for read:user,repo,user:email,workflow...
2025-12-28 20:15:34.909 [info] Got 1 sessions for read:user,repo,user:email,workflow...
2025-12-28 20:15:38.715 [info] Getting sessions for all scopes...
2025-12-28 20:15:38.722 [info] Got 5 sessions for ...
2025-12-28 20:15:39.045 [info] Getting sessions for read:user,repo,user:email,workflow...
2025-12-28 20:15:39.045 [info] Got 1 sessions for read:user,repo,user:email,workflow...
2025-12-28 21:16:35.952 [info] Getting sessions for all scopes...
2025-12-28 21:16:35.952 [info] Got 5 sessions for ...
2025-12-28 21:16:36.301 [info] Getting sessions for read:user,repo,user:email,workflow...
2025-12-28 21:16:36.301 [info] Got 1 sessions for read:user,repo,user:email,workflow...
2025-12-28 21:16:36.603 [info] Getting sessions for all scopes...
2025-12-28 21:16:36.603 [info] Got 5 sessions for ...
2025-12-28 21:16:36.604 [info] Getting sessions for all scopes...
2025-12-28 21:16:36.605 [info] Got 5 sessions for ...
2025-12-28 21:16:36.823 [info] Getting sessions for read:user,repo,user:email,workflow...
2025-12-28 21:16:36.823 [info] Got 1 sessions for read:user,repo,user:email,workflow...
2025-12-28 21:16:36.952 [info] Getting sessions for all scopes...
2025-12-28 21:16:36.952 [info] Got 5 sessions for ...
2025-12-28 21:16:36.953 [info] Getting sessions for all scopes...
2025-12-28 21:16:36.953 [info] Got 5 sessions for ...
2025-12-28 21:16:37.063 [info] Getting sessions for read:user,repo,user:email,workflow...
2025-12-28 21:16:37.063 [info] Got 1 sessions for read:user,repo,user:email,workflow...
2025-12-28 21:16:37.556 [info] Getting sessions for all scopes...
2025-12-28 21:16:37.556 [info] Got 5 sessions for ...
2025-12-28 21:16:37.556 [info] Getting sessions for all scopes...
2025-12-28 21:16:37.556 [info] Got 5 sessions for ...
2025-12-28 21:16:37.564 [info] Getting sessions for read:user,repo,user:email,workflow...
2025-12-28 21:16:37.564 [info] Got 1 sessions for read:user,repo,user:email,workflow...
2025-12-28 21:16:38.912 [info] Getting sessions for all scopes...
2025-12-28 21:16:38.912 [info] Got 5 sessions for ...
2025-12-28 21:16:38.916 [info] Getting sessions for read:user,repo,user:email,workflow...
2025-12-28 21:16:38.916 [info] Got 1 sessions for read:user,repo,user:email,workflow...
2025-12-28 21:16:39.824 [info] Getting sessions for all scopes...
2025-12-28 21:16:39.824 [info] Got 5 sessions for ...
2025-12-28 21:16:39.839 [info] Getting sessions for read:user,repo,user:email,workflow...
2025-12-28 21:16:39.839 [info] Got 1 sessions for read:user,repo,user:email,workflow...
2025-12-28 22:17:39.408 [info] Getting sessions for all scopes...
2025-12-28 22:17:39.408 [info] Got 5 sessions for ...
2025-12-28 22:17:39.429 [info] Getting sessions for read:user,repo,user:email,workflow...
2025-12-28 22:17:39.429 [info] Got 1 sessions for read:user,repo,user:email,workflow...
2025-12-28 22:17:40.287 [info] Getting sessions for all scopes...
2025-12-28 22:17:40.287 [info] Got 5 sessions for ...
2025-12-28 22:17:40.290 [info] Getting sessions for all scopes...
2025-12-28 22:17:40.290 [info] Got 5 sessions for ...
2025-12-28 22:17:40.298 [info] Getting sessions for read:user,repo,user:email,workflow...
2025-12-28 22:17:40.298 [info] Got 1 sessions for read:user,repo,user:email,workflow...
2025-12-28 22:17:40.325 [info] Getting sessions for all scopes...
2025-12-28 22:17:40.325 [info] Got 5 sessions for ...
2025-12-28 22:17:40.597 [info] Getting sessions for read:user,repo,user:email,workflow...
2025-12-28 22:17:40.597 [info] Got 1 sessions for read:user,repo,user:email,workflow...
2025-12-28 22:17:41.373 [info] Getting sessions for all scopes...
2025-12-28 22:17:41.374 [info] Got 5 sessions for ...
2025-12-28 22:17:41.409 [info] Getting sessions for read:user,repo,user:email,workflow...
2025-12-28 22:17:41.409 [info] Got 1 sessions for read:user,repo,user:email,workflow...
2025-12-28 22:17:42.332 [info] Getting sessions for all scopes...
2025-12-28 22:17:42.332 [info] Got 5 sessions for ...
2025-12-28 22:17:42.537 [info] Getting sessions for read:user,repo,user:email,workflow...
2025-12-28 22:17:42.537 [info] Got 1 sessions for read:user,repo,user:email,workflow...
2025-12-28 23:18:39.209 [info] Getting sessions for all scopes...
2025-12-28 23:18:39.209 [info] Got 5 sessions for ...
2025-12-28 23:18:39.242 [info] Getting sessions for read:user,repo,user:email,workflow...
2025-12-28 23:18:39.242 [info] Got 1 sessions for read:user,repo,user:email,workflow...
2025-12-28 23:18:40.087 [info] Getting sessions for all scopes...
2025-12-28 23:18:40.087 [info] Got 5 sessions for ...
2025-12-28 23:18:40.088 [info] Getting sessions for all scopes...
2025-12-28 23:18:40.088 [info] Got 5 sessions for ...
2025-12-28 23:18:40.547 [info] Getting sessions for read:user,repo,user:email,workflow...
2025-12-28 23:18:40.547 [info] Got 1 sessions for read:user,repo,user:email,workflow...
2025-12-28 23:18:40.646 [info] Getting sessions for all scopes...
2025-12-28 23:18:40.646 [info] Got 5 sessions for ...
2025-12-28 23:18:40.647 [info] Getting sessions for all scopes...
2025-12-28 23:18:40.647 [info] Got 5 sessions for ...
2025-12-28 23:18:40.679 [info] Getting sessions for read:user,repo,user:email,workflow...
2025-12-28 23:18:40.679 [info] Got 1 sessions for read:user,repo,user:email,workflow...
2025-12-28 23:18:41.239 [info] Getting sessions for all scopes...
2025-12-28 23:18:41.239 [info] Got 5 sessions for ...
2025-12-28 23:18:41.239 [info] Getting sessions for all scopes...
2025-12-28 23:18:41.239 [info] Got 5 sessions for ...
2025-12-28 23:18:41.250 [info] Getting sessions for read:user,repo,user:email,workflow...
2025-12-28 23:18:41.250 [info] Got 1 sessions for read:user,repo,user:email,workflow...
2025-12-28 23:18:42.174 [info] Getting sessions for all scopes...
2025-12-28 23:18:42.174 [info] Got 5 sessions for ...
2025-12-28 23:18:42.181 [info] Getting sessions for read:user,repo,user:email,workflow...
2025-12-28 23:18:42.182 [info] Got 1 sessions for read:user,repo,user:email,workflow...
2025-12-28 23:18:43.160 [info] Getting sessions for all scopes...
2025-12-28 23:18:43.160 [info] Got 5 sessions for ...
2025-12-28 23:18:43.167 [info] Getting sessions for read:user,repo,user:email,workflow...
2025-12-28 23:18:43.168 [info] Got 1 sessions for read:user,repo,user:email,workflow...
2025-12-29 00:19:42.062 [info] Getting sessions for all scopes...
2025-12-29 00:19:42.063 [info] Got 5 sessions for ...
2025-12-29 00:19:42.489 [info] Getting sessions for read:user,repo,user:email,workflow...
2025-12-29 00:19:42.490 [info] Got 1 sessions for read:user,repo,user:email,workflow...
2025-12-29 00:19:42.982 [info] Getting sessions for all scopes...
2025-12-29 00:19:42.983 [info] Got 5 sessions for ...
2025-12-29 00:19:42.983 [info] Getting sessions for all scopes...
2025-12-29 00:19:42.983 [info] Got 5 sessions for ...
2025-12-29 00:19:42.994 [info] Getting sessions for read:user,repo,user:email,workflow...
2025-12-29 00:19:42.994 [info] Got 1 sessions for read:user,repo,user:email,workflow...
2025-12-29 00:19:43.084 [info] Getting sessions for all scopes...
2025-12-29 00:19:43.084 [info] Got 5 sessions for ...
2025-12-29 00:19:43.342 [info] Getting sessions for read:user,repo,user:email,workflow...
2025-12-29 00:19:43.342 [info] Got 1 sessions for read:user,repo,user:email,workflow...
2025-12-29 00:19:44.935 [info] Getting sessions for all scopes...
2025-12-29 00:19:44.935 [info] Got 5 sessions for ...
2025-12-29 00:19:45.056 [info] Getting sessions for read:user,repo,user:email,workflow...
2025-12-29 00:19:45.056 [info] Got 1 sessions for read:user,repo,user:email,workflow...
2025-12-29 00:19:46.416 [info] Getting sessions for all scopes...
2025-12-29 00:19:46.416 [info] Got 5 sessions for ...
2025-12-29 00:19:46.839 [info] Getting sessions for read:user,repo,user:email,workflow...
2025-12-29 00:19:46.839 [info] Got 1 sessions for read:user,repo,user:email,workflow...
2025-12-29 01:20:47.104 [info] Getting sessions for all scopes...
2025-12-29 01:20:47.105 [info] Got 5 sessions for ...
2025-12-29 01:20:47.348 [info] Getting sessions for read:user,repo,user:email,workflow...
2025-12-29 01:20:47.348 [info] Got 1 sessions for read:user,repo,user:email,workflow...
2025-12-29 01:20:47.968 [info] Getting sessions for all scopes...
2025-12-29 01:20:47.968 [info] Got 5 sessions for ...
2025-12-29 01:20:47.971 [info] Getting sessions for all scopes...
2025-12-29 01:20:47.971 [info] Got 5 sessions for ...
2025-12-29 01:20:48.180 [info] Getting sessions for read:user,repo,user:email,workflow...
2025-12-29 01:20:48.180 [info] Got 1 sessions for read:user,repo,user:email,workflow...
2025-12-29 01:20:48.346 [info] Getting sessions for all scopes...
2025-12-29 01:20:48.346 [info] Got 5 sessions for ...
2025-12-29 01:20:48.347 [info] Getting sessions for all scopes...
2025-12-29 01:20:48.347 [info] Got 5 sessions for ...
2025-12-29 01:20:48.933 [info] Getting sessions for read:user,repo,user:email,workflow...
2025-12-29 01:20:48.934 [info] Got 1 sessions for read:user,repo,user:email,workflow...
2025-12-29 01:20:49.276 [info] Getting sessions for all scopes...
2025-12-29 01:20:49.276 [info] Got 5 sessions for ...
2025-12-29 01:20:49.276 [info] Getting sessions for all scopes...
2025-12-29 01:20:49.276 [info] Got 5 sessions for ...
2025-12-29 01:20:49.295 [info] Getting sessions for read:user,repo,user:email,workflow...
2025-12-29 01:20:49.295 [info] Got 1 sessions for read:user,repo,user:email,workflow...
2025-12-29 02:21:50.502 [info] Getting sessions for all scopes...
2025-12-29 02:21:50.503 [info] Got 5 sessions for ...
2025-12-29 02:21:50.564 [info] Getting sessions for read:user,repo,user:email,workflow...
2025-12-29 02:21:50.564 [info] Got 1 sessions for read:user,repo,user:email,workflow...
2025-12-29 02:21:51.061 [info] Getting sessions for all scopes...
2025-12-29 02:21:51.061 [info] Got 5 sessions for ...
2025-12-29 02:21:51.069 [info] Getting sessions for all scopes...
2025-12-29 02:21:51.069 [info] Got 5 sessions for ...
2025-12-29 02:21:51.345 [info] Getting sessions for read:user,repo,user:email,workflow...
2025-12-29 02:21:51.346 [info] Got 1 sessions for read:user,repo,user:email,workflow...
2025-12-29 02:21:51.791 [info] Getting sessions for all scopes...
2025-12-29 02:21:51.792 [info] Got 5 sessions for ...
2025-12-29 02:21:51.792 [info] Getting sessions for all scopes...
2025-12-29 02:21:51.792 [info] Got 5 sessions for ...
2025-12-29 02:21:51.818 [info] Getting sessions for read:user,repo,user:email,workflow...
2025-12-29 02:21:51.818 [info] Got 1 sessions for read:user,repo,user:email,workflow...
2025-12-29 03:22:52.138 [info] Getting sessions for all scopes...
2025-12-29 03:22:52.141 [info] Got 5 sessions for ...
2025-12-29 03:22:52.785 [info] Getting sessions for read:user,repo,user:email,workflow...
2025-12-29 03:22:52.785 [info] Got 1 sessions for read:user,repo,user:email,workflow...
2025-12-29 03:22:53.927 [info] Getting sessions for all scopes...
2025-12-29 03:22:53.927 [info] Got 5 sessions for ...
2025-12-29 03:22:53.929 [info] Getting sessions for all scopes...
2025-12-29 03:22:53.929 [info] Got 5 sessions for ...
2025-12-29 03:22:54.255 [info] Getting sessions for read:user,repo,user:email,workflow...
2025-12-29 03:22:54.255 [info] Got 1 sessions for read:user,repo,user:email,workflow...
2025-12-29 03:22:55.199 [info] Getting sessions for all scopes...
2025-12-29 03:22:55.199 [info] Got 5 sessions for ...
2025-12-29 03:22:55.864 [info] Getting sessions for read:user,repo,user:email,workflow...
2025-12-29 03:22:55.864 [info] Got 1 sessions for read:user,repo,user:email,workflow...
2025-12-29 03:22:56.025 [info] Getting sessions for all scopes...
2025-12-29 03:22:56.025 [info] Got 5 sessions for ...
2025-12-29 03:22:56.025 [info] Getting sessions for all scopes...
2025-12-29 03:22:56.025 [info] Got 5 sessions for ...
2025-12-29 03:22:57.026 [info] Getting sessions for read:user,repo,user:email,workflow...
2025-12-29 03:22:57.027 [info] Got 1 sessions for read:user,repo,user:email,workflow...
2025-12-29 03:22:57.177 [info] Getting sessions for all scopes...
2025-12-29 03:22:57.177 [info] Got 5 sessions for ...
2025-12-29 03:22:57.713 [info] Getting sessions for read:user,repo,user:email,workflow...
2025-12-29 03:22:57.713 [info] Got 1 sessions for read:user,repo,user:email,workflow...
2025-12-29 03:54:22.032 [info] Getting sessions for all scopes...
2025-12-29 03:54:22.032 [info] Got 5 sessions for ...
2025-12-29 03:54:22.033 [info] Getting sessions for all scopes...
2025-12-29 03:54:22.033 [info] Got 5 sessions for ...
2025-12-29 03:54:22.039 [info] Getting sessions for read:user,repo,user:email,workflow...
2025-12-29 03:54:22.040 [info] Got 1 sessions for read:user,repo,user:email,workflow...
2025-12-29 04:23:58.206 [info] Getting sessions for all scopes...
2025-12-29 04:23:58.206 [info] Got 5 sessions for ...
2025-12-29 04:23:58.208 [info] Getting sessions for all scopes...
2025-12-29 04:23:58.208 [info] Got 5 sessions for ...
2025-12-29 04:23:58.213 [info] Getting sessions for all scopes...
2025-12-29 04:23:58.213 [info] Got 5 sessions for ...
2025-12-29 04:23:59.405 [info] Getting sessions for read:user,repo,user:email,workflow...
2025-12-29 04:23:59.406 [info] Got 1 sessions for read:user,repo,user:email,workflow...
2025-12-29 09:56:42.170 [info] Getting sessions for all scopes...
2025-12-29 09:56:42.175 [info] Got 5 sessions for ...
2025-12-29 09:56:42.185 [info] Getting sessions for read:user,repo,user:email,workflow...
2025-12-29 09:56:42.186 [info] Got 1 sessions for read:user,repo,user:email,workflow...
2025-12-29 10:01:44.697 [info] Getting sessions for all scopes...
2025-12-29 10:01:44.699 [info] Got 5 sessions for ...
2025-12-29 10:01:44.700 [info] Getting sessions for all scopes...
2025-12-29 10:01:44.700 [info] Got 5 sessions for ...
2025-12-29 10:01:44.706 [info] Getting sessions for read:user,repo,user:email,workflow...
2025-12-29 10:01:44.706 [info] Got 1 sessions for read:user,repo,user:email,workflow...
2025-12-29 10:01:45.646 [info] Getting sessions for all scopes...
2025-12-29 10:01:45.646 [info] Got 5 sessions for ...
2025-12-29 10:01:45.647 [info] Getting sessions for all scopes...
2025-12-29 10:01:45.647 [info] Got 5 sessions for ...
2025-12-29 10:01:45.647 [info] Getting sessions for all scopes...
2025-12-29 10:01:45.647 [info] Got 5 sessions for ...
2025-12-29 10:01:45.653 [info] Getting sessions for read:user,repo,user:email,workflow...
2025-12-29 10:01:45.654 [info] Got 1 sessions for read:user,repo,user:email,workflow...
2025-12-29 10:01:47.315 [info] Getting sessions for all scopes...
2025-12-29 10:01:47.316 [info] Got 5 sessions for ...
2025-12-29 10:01:47.316 [info] Getting sessions for all scopes...
2025-12-29 10:01:47.316 [info] Got 5 sessions for ...
2025-12-29 10:01:47.348 [info] Getting sessions for read:user,repo,user:email,workflow...
2025-12-29 10:01:47.348 [info] Got 1 sessions for read:user,repo,user:email,workflow...
2025-12-29 10:01:47.706 [info] Getting sessions for all scopes...
2025-12-29 10:01:47.706 [info] Got 5 sessions for ...
2025-12-29 10:01:47.880 [info] Getting sessions for read:user,repo,user:email,workflow...
2025-12-29 10:01:47.880 [info] Got 1 sessions for read:user,repo,user:email,workflow...
2025-12-29 10:01:47.899 [info] Getting sessions for all scopes...
2025-12-29 10:01:47.899 [info] Got 5 sessions for ...
2025-12-29 10:01:48.660 [info] Getting sessions for read:user,repo,user:email,workflow...
2025-12-29 10:01:48.660 [info] Got 1 sessions for read:user,repo,user:email,workflow...
2025-12-29 10:01:49.049 [info] Getting sessions for all scopes...
2025-12-29 10:01:49.049 [info] Got 5 sessions for ...
2025-12-29 10:01:49.080 [info] Getting sessions for read:user,repo,user:email,workflow...
2025-12-29 10:01:49.080 [info] Got 1 sessions for read:user,repo,user:email,workflow...
2025-12-29 10:01:49.855 [info] Getting sessions for all scopes...
2025-12-29 10:01:49.855 [info] Got 5 sessions for ...
2025-12-29 10:01:49.884 [info] Getting sessions for read:user,repo,user:email,workflow...
2025-12-29 10:01:49.884 [info] Got 1 sessions for read:user,repo,user:email,workflow...
2025-12-29 10:57:57.726 [info] Getting sessions for all scopes...
2025-12-29 10:57:57.734 [info] Got 5 sessions for ...
2025-12-29 10:58:00.896 [info] Getting sessions for read:user,repo,user:email,workflow...
2025-12-29 10:58:00.904 [info] Got 1 sessions for read:user,repo,user:email,workflow...
2025-12-29 10:58:01.641 [info] Getting sessions for all scopes...
2025-12-29 10:58:01.641 [info] Got 5 sessions for ...
2025-12-29 10:58:01.643 [info] Getting sessions for all scopes...
2025-12-29 10:58:01.643 [info] Got 5 sessions for ...
2025-12-29 10:58:04.818 [info] Getting sessions for read:user,repo,user:email,workflow...
2025-12-29 10:58:04.821 [info] Got 1 sessions for read:user,repo,user:email,workflow...
2025-12-29 10:58:06.096 [info] Getting sessions for all scopes...
2025-12-29 10:58:06.096 [info] Got 5 sessions for ...
2025-12-29 10:58:06.097 [info] Getting sessions for all scopes...
2025-12-29 10:58:06.097 [info] Got 5 sessions for ...
2025-12-29 10:58:06.114 [info] Getting sessions for read:user,repo,user:email,workflow...
2025-12-29 10:58:06.115 [info] Got 1 sessions for read:user,repo,user:email,workflow...
2025-12-29 10:58:06.923 [info] Getting sessions for all scopes...
2025-12-29 10:58:06.923 [info] Got 5 sessions for ...
2025-12-29 10:58:06.927 [info] Getting sessions for read:user,repo,user:email,workflow...
2025-12-29 10:58:06.927 [info] Got 1 sessions for read:user,repo,user:email,workflow...
2025-12-29 10:58:07.884 [info] Getting sessions for all scopes...
2025-12-29 10:58:07.884 [info] Got 5 sessions for ...
2025-12-29 10:58:07.888 [info] Getting sessions for read:user,repo,user:email,workflow...
2025-12-29 10:58:07.888 [info] Got 1 sessions for read:user,repo,user:email,workflow...
2025-12-29 12:06:56.832 [info] Getting sessions for all scopes...
2025-12-29 12:06:56.843 [info] Got 5 sessions for ...
2025-12-29 12:06:57.477 [info] Getting sessions for read:user,repo,user:email,workflow...
2025-12-29 12:06:57.477 [info] Got 1 sessions for read:user,repo,user:email,workflow...
2025-12-29 12:06:58.384 [info] Getting sessions for all scopes...
2025-12-29 12:06:58.384 [info] Got 5 sessions for ...
2025-12-29 12:06:58.384 [info] Getting sessions for all scopes...
2025-12-29 12:06:58.384 [info] Got 5 sessions for ...
2025-12-29 12:06:58.409 [info] Getting sessions for read:user,repo,user:email,workflow...
2025-12-29 12:06:58.409 [info] Got 1 sessions for read:user,repo,user:email,workflow...
2025-12-29 12:06:59.407 [info] Getting sessions for all scopes...
2025-12-29 12:06:59.407 [info] Got 5 sessions for ...
2025-12-29 12:06:59.408 [info] Getting sessions for all scopes...
2025-12-29 12:06:59.408 [info] Got 5 sessions for ...
2025-12-29 12:06:59.454 [info] Getting sessions for read:user,repo,user:email,workflow...
2025-12-29 12:06:59.455 [info] Got 1 sessions for read:user,repo,user:email,workflow...
2025-12-29 12:07:02.018 [info] Getting sessions for all scopes...
2025-12-29 12:07:02.018 [info] Got 5 sessions for ...
2025-12-29 12:07:02.045 [info] Getting sessions for read:user,repo,user:email,workflow...
2025-12-29 12:07:02.045 [info] Got 1 sessions for read:user,repo,user:email,workflow...
2025-12-29 12:22:07.231 [info] Getting sessions for all scopes...
2025-12-29 12:22:07.231 [info] Got 5 sessions for ...
2025-12-29 12:22:07.293 [info] Getting sessions for read:user,repo,user:email,workflow...
2025-12-29 12:22:07.293 [info] Got 1 sessions for read:user,repo,user:email,workflow...
2025-12-29 14:11:26.841 [info] Getting sessions for all scopes...
2025-12-29 14:11:26.843 [info] Got 5 sessions for ...
2025-12-29 14:11:26.929 [info] Getting sessions for read:user,repo,user:email,workflow...
2025-12-29 14:11:26.929 [info] Got 1 sessions for read:user,repo,user:email,workflow...
2025-12-29 14:11:27.738 [info] Getting sessions for all scopes...
2025-12-29 14:11:27.739 [info] Got 5 sessions for ...
2025-12-29 14:11:27.739 [info] Getting sessions for all scopes...
2025-12-29 14:11:27.739 [info] Got 5 sessions for ...
2025-12-29 14:11:27.758 [info] Getting sessions for read:user,repo,user:email,workflow...
2025-12-29 14:11:27.758 [info] Got 1 sessions for read:user,repo,user:email,workflow...
2025-12-29 14:11:28.923 [info] Getting sessions for all scopes...
2025-12-29 14:11:28.923 [info] Got 5 sessions for ...
2025-12-29 14:11:28.923 [info] Getting sessions for all scopes...
2025-12-29 14:11:28.923 [info] Got 5 sessions for ...
2025-12-29 14:11:28.932 [info] Getting sessions for read:user,repo,user:email,workflow...
2025-12-29 14:11:28.932 [info] Got 1 sessions for read:user,repo,user:email,workflow...
2025-12-29 14:11:30.473 [info] Getting sessions for all scopes...
2025-12-29 14:11:30.473 [info] Got 5 sessions for ...
2025-12-29 14:11:31.138 [info] Getting sessions for read:user,repo,user:email,workflow...
2025-12-29 14:11:31.138 [info] Got 1 sessions for read:user,repo,user:email,workflow...
2025-12-29 15:35:14.382 [info] Getting sessions for all scopes...
2025-12-29 15:35:14.382 [info] Got 5 sessions for ...
2025-12-29 15:35:14.525 [info] Getting sessions for read:user,repo,user:email,workflow...
2025-12-29 15:35:14.525 [info] Got 1 sessions for read:user,repo,user:email,workflow...
2025-12-29 15:35:15.461 [info] Getting sessions for all scopes...
2025-12-29 15:35:15.461 [info] Got 5 sessions for ...
2025-12-29 15:35:15.464 [info] Getting sessions for all scopes...
2025-12-29 15:35:15.464 [info] Got 5 sessions for ...
2025-12-29 15:35:15.476 [info] Getting sessions for read:user,repo,user:email,workflow...
2025-12-29 15:35:15.476 [info] Got 1 sessions for read:user,repo,user:email,workflow...
2025-12-29 15:35:15.980 [info] Getting sessions for all scopes...
2025-12-29 15:35:15.980 [info] Got 5 sessions for ...
2025-12-29 15:35:15.981 [info] Getting sessions for all scopes...
2025-12-29 15:35:15.981 [info] Got 5 sessions for ...
2025-12-29 15:35:16.285 [info] Getting sessions for read:user,repo,user:email,workflow...
2025-12-29 15:35:16.285 [info] Got 1 sessions for read:user,repo,user:email,workflow...
2025-12-29 15:35:16.649 [info] Getting sessions for all scopes...
2025-12-29 15:35:16.649 [info] Got 5 sessions for ...
2025-12-29 15:35:16.650 [info] Getting sessions for all scopes...
2025-12-29 15:35:16.650 [info] Got 5 sessions for ...
2025-12-29 15:35:16.655 [info] Getting sessions for read:user,repo,user:email,workflow...
2025-12-29 15:35:16.655 [info] Got 1 sessions for read:user,repo,user:email,workflow...
2025-12-29 16:36:24.372 [info] Getting sessions for all scopes...
2025-12-29 16:36:24.373 [info] Got 5 sessions for ...
2025-12-29 16:36:24.375 [info] Getting sessions for all scopes...
2025-12-29 16:36:24.375 [info] Got 5 sessions for ...
2025-12-29 16:36:25.401 [info] Getting sessions for read:user,repo,user:email,workflow...
2025-12-29 16:36:25.401 [info] Got 1 sessions for read:user,repo,user:email,workflow...
2025-12-29 16:36:26.025 [info] Getting sessions for all scopes...
2025-12-29 16:36:26.025 [info] Got 5 sessions for ...
2025-12-29 16:36:26.025 [info] Getting sessions for all scopes...
2025-12-29 16:36:26.025 [info] Got 5 sessions for ...
2025-12-29 16:36:26.044 [info] Getting sessions for read:user,repo,user:email,workflow...
2025-12-29 16:36:26.044 [info] Got 1 sessions for read:user,repo,user:email,workflow...
2025-12-29 16:36:26.059 [info] Getting sessions for all scopes...
2025-12-29 16:36:26.059 [info] Got 5 sessions for ...
2025-12-29 16:36:26.059 [info] Getting sessions for all scopes...
2025-12-29 16:36:26.059 [info] Got 5 sessions for ...
2025-12-29 16:36:26.071 [info] Getting sessions for read:user,repo,user:email,workflow...
2025-12-29 16:36:26.071 [info] Got 1 sessions for read:user,repo,user:email,workflow...
2025-12-29 16:36:27.856 [info] Getting sessions for all scopes...
2025-12-29 16:36:27.856 [info] Got 5 sessions for ...
2025-12-29 16:36:28.031 [info] Getting sessions for read:user,repo,user:email,workflow...
2025-12-29 16:36:28.031 [info] Got 1 sessions for read:user,repo,user:email,workflow...
2025-12-29 16:36:28.401 [info] Getting sessions for all scopes...
2025-12-29 16:36:28.401 [info] Got 5 sessions for ...
2025-12-29 16:36:28.404 [info] Getting sessions for read:user,repo,user:email,workflow...
2025-12-29 16:36:28.404 [info] Got 1 sessions for read:user,repo,user:email,workflow...
2025-12-29 17:37:35.240 [info] Getting sessions for all scopes...
2025-12-29 17:37:35.241 [info] Got 5 sessions for ...
2025-12-29 17:37:35.525 [info] Getting sessions for read:user,repo,user:email,workflow...
2025-12-29 17:37:35.527 [info] Got 1 sessions for read:user,repo,user:email,workflow...
2025-12-29 17:37:36.191 [info] Getting sessions for all scopes...
2025-12-29 17:37:36.191 [info] Got 5 sessions for ...
2025-12-29 17:37:36.191 [info] Getting sessions for all scopes...
2025-12-29 17:37:36.191 [info] Got 5 sessions for ...
2025-12-29 17:37:36.625 [info] Getting sessions for read:user,repo,user:email,workflow...
2025-12-29 17:37:36.625 [info] Got 1 sessions for read:user,repo,user:email,workflow...
2025-12-29 17:37:36.773 [info] Getting sessions for all scopes...
2025-12-29 17:37:36.773 [info] Got 5 sessions for ...
2025-12-29 17:37:36.774 [info] Getting sessions for all scopes...
2025-12-29 17:37:36.774 [info] Got 5 sessions for ...
2025-12-29 17:37:36.872 [info] Getting sessions for read:user,repo,user:email,workflow...
2025-12-29 17:37:36.872 [info] Got 1 sessions for read:user,repo,user:email,workflow...
2025-12-29 17:37:37.839 [info] Getting sessions for all scopes...
2025-12-29 17:37:37.839 [info] Got 5 sessions for ...
2025-12-29 17:37:37.840 [info] Getting sessions for all scopes...
2025-12-29 17:37:37.841 [info] Got 5 sessions for ...
2025-12-29 17:37:38.210 [info] Getting sessions for read:user,repo,user:email,workflow...
2025-12-29 17:37:38.210 [info] Got 1 sessions for read:user,repo,user:email,workflow...
2025-12-29 17:37:39.258 [info] Getting sessions for all scopes...
2025-12-29 17:37:39.258 [info] Got 5 sessions for ...
2025-12-29 17:37:39.265 [info] Getting sessions for read:user,repo,user:email,workflow...
2025-12-29 17:37:39.266 [info] Got 1 sessions for read:user,repo,user:email,workflow...
2025-12-29 18:38:45.765 [info] Getting sessions for all scopes...
2025-12-29 18:38:45.766 [info] Got 5 sessions for ...
2025-12-29 18:38:45.833 [info] Getting sessions for read:user,repo,user:email,workflow...
2025-12-29 18:38:45.833 [info] Got 1 sessions for read:user,repo,user:email,workflow...
2025-12-29 18:38:46.511 [info] Getting sessions for all scopes...
2025-12-29 18:38:46.511 [info] Got 5 sessions for ...
2025-12-29 18:38:46.512 [info] Getting sessions for all scopes...
2025-12-29 18:38:46.512 [info] Got 5 sessions for ...
2025-12-29 18:38:46.523 [info] Getting sessions for read:user,repo,user:email,workflow...
2025-12-29 18:38:46.523 [info] Got 1 sessions for read:user,repo,user:email,workflow...
2025-12-29 18:38:46.558 [info] Getting sessions for all scopes...
2025-12-29 18:38:46.558 [info] Got 5 sessions for ...
2025-12-29 18:38:46.559 [info] Getting sessions for all scopes...
2025-12-29 18:38:46.559 [info] Got 5 sessions for ...
2025-12-29 18:38:46.604 [info] Getting sessions for read:user,repo,user:email,workflow...
2025-12-29 18:38:46.604 [info] Got 1 sessions for read:user,repo,user:email,workflow...
2025-12-29 18:38:49.306 [info] Getting sessions for all scopes...
2025-12-29 18:38:49.306 [info] Got 5 sessions for ...
2025-12-29 18:38:49.325 [info] Getting sessions for read:user,repo,user:email,workflow...
2025-12-29 18:38:49.325 [info] Got 1 sessions for read:user,repo,user:email,workflow...
2025-12-29 18:38:49.807 [info] Getting sessions for all scopes...
2025-12-29 18:38:49.807 [info] Got 5 sessions for ...
2025-12-29 18:38:49.837 [info] Getting sessions for read:user,repo,user:email,workflow...
2025-12-29 18:38:49.837 [info] Got 1 sessions for read:user,repo,user:email,workflow...
2025-12-29 19:39:55.272 [info] Getting sessions for all scopes...
2025-12-29 19:39:55.272 [info] Got 5 sessions for ...
2025-12-29 19:39:55.693 [info] Getting sessions for read:user,repo,user:email,workflow...
2025-12-29 19:39:55.693 [info] Got 1 sessions for read:user,repo,user:email,workflow...
2025-12-29 19:39:56.196 [info] Getting sessions for all scopes...
2025-12-29 19:39:56.197 [info] Got 5 sessions for ...
2025-12-29 19:39:56.197 [info] Getting sessions for all scopes...
2025-12-29 19:39:56.197 [info] Got 5 sessions for ...
2025-12-29 19:39:56.211 [info] Getting sessions for read:user,repo,user:email,workflow...
2025-12-29 19:39:56.212 [info] Got 1 sessions for read:user,repo,user:email,workflow...
2025-12-29 19:39:56.384 [info] Getting sessions for all scopes...
2025-12-29 19:39:56.384 [info] Got 5 sessions for ...
2025-12-29 19:39:56.384 [info] Getting sessions for all scopes...
2025-12-29 19:39:56.384 [info] Got 5 sessions for ...
2025-12-29 19:39:56.517 [info] Getting sessions for read:user,repo,user:email,workflow...
2025-12-29 19:39:56.518 [info] Got 1 sessions for read:user,repo,user:email,workflow...
2025-12-29 19:39:57.589 [info] Getting sessions for all scopes...
2025-12-29 19:39:57.589 [info] Got 5 sessions for ...
2025-12-29 19:39:57.590 [info] Getting sessions for all scopes...
2025-12-29 19:39:57.590 [info] Got 5 sessions for ...
2025-12-29 19:39:57.598 [info] Getting sessions for read:user,repo,user:email,workflow...
2025-12-29 19:39:57.598 [info] Got 1 sessions for read:user,repo,user:email,workflow...
2025-12-29 19:39:59.450 [info] Getting sessions for all scopes...
2025-12-29 19:39:59.450 [info] Got 5 sessions for ...
2025-12-29 19:39:59.481 [info] Getting sessions for read:user,repo,user:email,workflow...
2025-12-29 19:39:59.481 [info] Got 1 sessions for read:user,repo,user:email,workflow...
2025-12-29 19:39:59.983 [info] Getting sessions for all scopes...
2025-12-29 19:39:59.983 [info] Got 5 sessions for ...
2025-12-29 19:39:59.987 [info] Getting sessions for read:user,repo,user:email,workflow...
2025-12-29 19:39:59.987 [info] Got 1 sessions for read:user,repo,user:email,workflow...
2025-12-29 20:41:02.624 [info] Getting sessions for all scopes...
2025-12-29 20:41:02.626 [info] Got 5 sessions for ...
2025-12-29 20:41:02.684 [info] Getting sessions for read:user,repo,user:email,workflow...
2025-12-29 20:41:02.685 [info] Got 1 sessions for read:user,repo,user:email,workflow...
2025-12-29 20:41:03.930 [info] Getting sessions for all scopes...
2025-12-29 20:41:03.930 [info] Got 5 sessions for ...
2025-12-29 20:41:03.931 [info] Getting sessions for all scopes...
2025-12-29 20:41:03.931 [info] Got 5 sessions for ...
2025-12-29 20:41:03.957 [info] Getting sessions for read:user,repo,user:email,workflow...
2025-12-29 20:41:03.957 [info] Got 1 sessions for read:user,repo,user:email,workflow...
2025-12-29 20:41:04.127 [info] Getting sessions for all scopes...
2025-12-29 20:41:04.127 [info] Got 5 sessions for ...
2025-12-29 20:41:06.628 [info] Getting sessions for read:user,repo,user:email,workflow...
2025-12-29 20:41:06.629 [info] Got 1 sessions for read:user,repo,user:email,workflow...
2025-12-29 20:41:07.547 [info] Getting sessions for all scopes...
2025-12-29 20:41:07.547 [info] Got 5 sessions for ...
2025-12-29 20:41:07.551 [info] Getting sessions for read:user,repo,user:email,workflow...
2025-12-29 20:41:07.551 [info] Got 1 sessions for read:user,repo,user:email,workflow...
2025-12-29 20:41:08.538 [info] Getting sessions for all scopes...
2025-12-29 20:41:08.538 [info] Got 5 sessions for ...
2025-12-29 20:41:08.543 [info] Getting sessions for read:user,repo,user:email,workflow...
2025-12-29 20:41:08.543 [info] Got 1 sessions for read:user,repo,user:email,workflow...
2025-12-29 21:42:14.084 [info] Getting sessions for all scopes...
2025-12-29 21:42:14.086 [info] Got 5 sessions for ...
2025-12-29 21:42:14.386 [info] Getting sessions for read:user,repo,user:email,workflow...
2025-12-29 21:42:14.386 [info] Got 1 sessions for read:user,repo,user:email,workflow...
2025-12-29 21:42:14.935 [info] Getting sessions for all scopes...
2025-12-29 21:42:14.935 [info] Got 5 sessions for ...
2025-12-29 21:42:14.935 [info] Getting sessions for all scopes...
2025-12-29 21:42:14.935 [info] Got 5 sessions for ...
2025-12-29 21:42:15.053 [info] Getting sessions for read:user,repo,user:email,workflow...
2025-12-29 21:42:15.053 [info] Got 1 sessions for read:user,repo,user:email,workflow...
2025-12-29 21:42:15.773 [info] Getting sessions for all scopes...
2025-12-29 21:42:15.773 [info] Got 5 sessions for ...
2025-12-29 21:42:15.773 [info] Getting sessions for all scopes...
2025-12-29 21:42:15.773 [info] Got 5 sessions for ...
2025-12-29 21:42:15.782 [info] Getting sessions for read:user,repo,user:email,workflow...
2025-12-29 21:42:15.782 [info] Got 1 sessions for read:user,repo,user:email,workflow...
2025-12-29 21:42:16.345 [info] Getting sessions for all scopes...
2025-12-29 21:42:16.345 [info] Got 5 sessions for ...
2025-12-29 21:42:16.346 [info] Getting sessions for all scopes...
2025-12-29 21:42:16.346 [info] Got 5 sessions for ...
2025-12-29 21:42:16.355 [info] Getting sessions for read:user,repo,user:email,workflow...
2025-12-29 21:42:16.355 [info] Got 1 sessions for read:user,repo,user:email,workflow...
2025-12-29 21:42:17.791 [info] Getting sessions for all scopes...
2025-12-29 21:42:17.791 [info] Got 5 sessions for ...
2025-12-29 21:42:17.796 [info] Getting sessions for read:user,repo,user:email,workflow...
2025-12-29 21:42:17.797 [info] Got 1 sessions for read:user,repo,user:email,workflow...
2025-12-29 21:42:18.453 [info] Getting sessions for all scopes...
2025-12-29 21:42:18.453 [info] Got 5 sessions for ...
2025-12-29 21:42:18.455 [info] Getting sessions for read:user,repo,user:email,workflow...
2025-12-29 21:42:18.455 [info] Got 1 sessions for read:user,repo,user:email,workflow...
2025-12-29 22:43:22.508 [info] Getting sessions for all scopes...
2025-12-29 22:43:22.510 [info] Got 5 sessions for ...
2025-12-29 22:43:23.482 [info] Getting sessions for read:user,repo,user:email,workflow...
2025-12-29 22:43:23.482 [info] Got 1 sessions for read:user,repo,user:email,workflow...
2025-12-29 22:43:24.275 [info] Getting sessions for all scopes...
2025-12-29 22:43:24.276 [info] Got 5 sessions for ...
2025-12-29 22:43:24.278 [info] Getting sessions for all scopes...
2025-12-29 22:43:24.278 [info] Got 5 sessions for ...
2025-12-29 22:43:24.810 [info] Getting sessions for read:user,repo,user:email,workflow...
2025-12-29 22:43:24.810 [info] Got 1 sessions for read:user,repo,user:email,workflow...
2025-12-29 22:43:25.659 [info] Getting sessions for all scopes...
2025-12-29 22:43:25.659 [info] Got 5 sessions for ...
2025-12-29 22:43:25.662 [info] Getting sessions for all scopes...
2025-12-29 22:43:25.662 [info] Got 5 sessions for ...
2025-12-29 22:43:25.703 [info] Getting sessions for read:user,repo,user:email,workflow...
2025-12-29 22:43:25.703 [info] Got 1 sessions for read:user,repo,user:email,workflow...
2025-12-29 22:43:28.099 [info] Getting sessions for all scopes...
2025-12-29 22:43:28.099 [info] Got 5 sessions for ...
2025-12-29 22:43:28.135 [info] Getting sessions for read:user,repo,user:email,workflow...
2025-12-29 22:43:28.135 [info] Got 1 sessions for read:user,repo,user:email,workflow...
2025-12-29 22:43:30.954 [info] Getting sessions for all scopes...
2025-12-29 22:43:30.954 [info] Got 5 sessions for ...
2025-12-29 22:43:30.959 [info] Getting sessions for read:user,repo,user:email,workflow...
2025-12-29 22:43:30.959 [info] Got 1 sessions for read:user,repo,user:email,workflow...
2025-12-29 23:44:33.222 [info] Getting sessions for all scopes...
2025-12-29 23:44:33.234 [info] Got 5 sessions for ...
2025-12-29 23:44:34.098 [info] Getting sessions for read:user,repo,user:email,workflow...
2025-12-29 23:44:34.098 [info] Got 1 sessions for read:user,repo,user:email,workflow...
2025-12-29 23:44:35.415 [info] Getting sessions for all scopes...
2025-12-29 23:44:35.415 [info] Got 5 sessions for ...
2025-12-29 23:44:35.415 [info] Getting sessions for all scopes...
2025-12-29 23:44:35.415 [info] Got 5 sessions for ...
2025-12-29 23:44:35.681 [info] Getting sessions for read:user,repo,user:email,workflow...
2025-12-29 23:44:35.681 [info] Got 1 sessions for read:user,repo,user:email,workflow...
2025-12-29 23:44:36.522 [info] Getting sessions for all scopes...
2025-12-29 23:44:36.522 [info] Got 5 sessions for ...
2025-12-29 23:44:36.523 [info] Getting sessions for all scopes...
2025-12-29 23:44:36.523 [info] Got 5 sessions for ...
2025-12-29 23:44:38.575 [info] Getting sessions for read:user,repo,user:email,workflow...
2025-12-29 23:44:38.575 [info] Got 1 sessions for read:user,repo,user:email,workflow...
2025-12-30 00:14:57.162 [info] Getting sessions for all scopes...
2025-12-30 00:14:57.164 [info] Got 5 sessions for ...
2025-12-30 00:14:57.165 [info] Getting sessions for all scopes...
2025-12-30 00:14:57.165 [info] Got 5 sessions for ...
2025-12-30 00:14:57.172 [info] Getting sessions for all scopes...
2025-12-30 00:14:57.173 [info] Got 5 sessions for ...
2025-12-30 00:14:57.181 [info] Getting sessions for read:user,repo,user:email,workflow...
2025-12-30 00:14:57.181 [info] Got 1 sessions for read:user,repo,user:email,workflow...
2025-12-30 00:14:59.249 [info] Getting sessions for all scopes...
2025-12-30 00:14:59.249 [info] Got 5 sessions for ...
2025-12-30 00:14:59.250 [info] Getting sessions for all scopes...
2025-12-30 00:14:59.250 [info] Got 5 sessions for ...
2025-12-30 00:14:59.262 [info] Getting sessions for read:user,repo,user:email,workflow...
2025-12-30 00:14:59.262 [info] Got 1 sessions for read:user,repo,user:email,workflow...
2025-12-30 00:14:59.344 [info] Getting sessions for all scopes...
2025-12-30 00:14:59.344 [info] Got 5 sessions for ...
2025-12-30 00:14:59.656 [info] Getting sessions for read:user,repo,user:email,workflow...
2025-12-30 00:14:59.657 [info] Got 1 sessions for read:user,repo,user:email,workflow...
2025-12-30 00:15:01.317 [info] Getting sessions for all scopes...
2025-12-30 00:15:01.317 [info] Got 5 sessions for ...
2025-12-30 00:15:01.325 [info] Getting sessions for read:user,repo,user:email,workflow...
2025-12-30 00:15:01.325 [info] Got 1 sessions for read:user,repo,user:email,workflow...
2025-12-30 00:15:05.158 [info] Getting sessions for all scopes...
2025-12-30 00:15:05.158 [info] Got 5 sessions for ...
2025-12-30 00:15:06.534 [info] Getting sessions for read:user,repo,user:email,workflow...
2025-12-30 00:15:06.534 [info] Got 1 sessions for read:user,repo,user:email,workflow...
2025-12-30 01:46:52.614 [info] Getting sessions for all scopes...
2025-12-30 01:46:52.615 [info] Got 5 sessions for ...
2025-12-30 01:46:57.847 [info] Getting sessions for read:user,repo,user:email,workflow...
2025-12-30 01:46:57.847 [info] Got 1 sessions for read:user,repo,user:email,workflow...
2025-12-30 01:46:58.269 [info] Getting sessions for all scopes...
2025-12-30 01:46:58.269 [info] Got 5 sessions for ...
2025-12-30 01:46:58.274 [info] Getting sessions for all scopes...
2025-12-30 01:46:58.274 [info] Got 5 sessions for ...
2025-12-30 01:46:58.426 [info] Getting sessions for read:user,repo,user:email,workflow...
2025-12-30 01:46:58.426 [info] Got 1 sessions for read:user,repo,user:email,workflow...
2025-12-30 01:46:59.293 [info] Getting sessions for all scopes...
2025-12-30 01:46:59.294 [info] Got 5 sessions for ...
2025-12-30 01:47:03.120 [info] Getting sessions for read:user,repo,user:email,workflow...
2025-12-30 01:47:03.120 [info] Got 1 sessions for read:user,repo,user:email,workflow...
2025-12-30 01:47:03.616 [info] Getting sessions for all scopes...
2025-12-30 01:47:03.616 [info] Got 5 sessions for ...
2025-12-30 01:47:03.617 [info] Getting sessions for all scopes...
2025-12-30 01:47:03.617 [info] Got 5 sessions for ...
2025-12-30 01:47:04.032 [info] Getting sessions for read:user,repo,user:email,workflow...
2025-12-30 01:47:04.032 [info] Got 1 sessions for read:user,repo,user:email,workflow...
2025-12-30 01:47:04.193 [info] Getting sessions for all scopes...
2025-12-30 01:47:04.193 [info] Got 5 sessions for ...
2025-12-30 01:47:04.818 [info] Getting sessions for read:user,repo,user:email,workflow...
2025-12-30 01:47:04.818 [info] Got 1 sessions for read:user,repo,user:email,workflow...
2025-12-30 01:47:07.368 [info] Getting sessions for all scopes...
2025-12-30 01:47:07.368 [info] Got 5 sessions for ...
2025-12-30 01:47:08.496 [info] Getting sessions for read:user,repo,user:email,workflow...
2025-12-30 01:47:08.496 [info] Got 1 sessions for read:user,repo,user:email,workflow...
2025-12-30 04:33:35.007 [info] Getting sessions for all scopes...
2025-12-30 04:33:35.008 [info] Got 5 sessions for ...
2025-12-30 04:33:35.009 [info] Getting sessions for all scopes...
2025-12-30 04:33:35.009 [info] Got 5 sessions for ...
2025-12-30 04:33:35.014 [info] Getting sessions for read:user,repo,user:email,workflow...
2025-12-30 04:33:35.014 [info] Got 1 sessions for read:user,repo,user:email,workflow...
2025-12-30 04:33:35.763 [info] Getting sessions for all scopes...
2025-12-30 04:33:35.763 [info] Got 5 sessions for ...
2025-12-30 04:33:35.764 [info] Getting sessions for all scopes...
2025-12-30 04:33:35.764 [info] Got 5 sessions for ...
2025-12-30 04:33:35.765 [info] Getting sessions for all scopes...
2025-12-30 04:33:35.765 [info] Got 5 sessions for ...
2025-12-30 04:33:35.770 [info] Getting sessions for read:user,repo,user:email,workflow...
2025-12-30 04:33:35.770 [info] Got 1 sessions for read:user,repo,user:email,workflow...
2025-12-30 04:33:36.720 [info] Getting sessions for all scopes...
2025-12-30 04:33:36.720 [info] Got 5 sessions for ...
2025-12-30 04:33:36.720 [info] Getting sessions for all scopes...
2025-12-30 04:33:36.720 [info] Got 5 sessions for ...
2025-12-30 04:33:36.740 [info] Getting sessions for read:user,repo,user:email,workflow...
2025-12-30 04:33:36.740 [info] Got 1 sessions for read:user,repo,user:email,workflow...
2025-12-30 04:33:36.935 [info] Getting sessions for all scopes...
2025-12-30 04:33:36.935 [info] Got 5 sessions for ...
2025-12-30 04:33:37.005 [info] Getting sessions for read:user,repo,user:email,workflow...
2025-12-30 04:33:37.006 [info] Got 1 sessions for read:user,repo,user:email,workflow...
2025-12-30 04:33:38.514 [info] Getting sessions for all scopes...
2025-12-30 04:33:38.514 [info] Got 5 sessions for ...
2025-12-30 04:33:38.521 [info] Getting sessions for read:user,repo,user:email,workflow...
2025-12-30 04:33:38.521 [info] Got 1 sessions for read:user,repo,user:email,workflow...
2025-12-30 04:33:54.286 [info] Getting sessions for all scopes...
2025-12-30 04:33:54.286 [info] Got 5 sessions for ...
2025-12-30 04:33:54.307 [info] Getting sessions for read:user,repo,user:email,workflow...
2025-12-30 04:33:54.307 [info] Got 1 sessions for read:user,repo,user:email,workflow...
2025-12-30 05:51:34.110 [info] Getting sessions for all scopes...
2025-12-30 05:51:34.112 [info] Got 5 sessions for ...
2025-12-30 05:51:35.678 [info] Getting sessions for read:user,repo,user:email,workflow...
2025-12-30 05:51:35.679 [info] Got 1 sessions for read:user,repo,user:email,workflow...
2025-12-30 05:51:36.082 [info] Getting sessions for all scopes...
2025-12-30 05:51:36.082 [info] Got 5 sessions for ...
2025-12-30 05:51:36.083 [info] Getting sessions for all scopes...
2025-12-30 05:51:36.083 [info] Got 5 sessions for ...
2025-12-30 05:51:36.197 [info] Getting sessions for read:user,repo,user:email,workflow...
2025-12-30 05:51:36.197 [info] Got 1 sessions for read:user,repo,user:email,workflow...
2025-12-30 05:51:36.462 [info] Getting sessions for all scopes...
2025-12-30 05:51:36.462 [info] Got 5 sessions for ...
2025-12-30 05:51:36.544 [info] Getting sessions for read:user,repo,user:email,workflow...
2025-12-30 05:51:36.544 [info] Got 1 sessions for read:user,repo,user:email,workflow...
2025-12-30 05:51:36.926 [info] Getting sessions for all scopes...
2025-12-30 05:51:36.926 [info] Got 5 sessions for ...
2025-12-30 05:51:36.927 [info] Getting sessions for all scopes...
2025-12-30 05:51:36.927 [info] Got 5 sessions for ...
2025-12-30 05:51:37.064 [info] Getting sessions for read:user,repo,user:email,workflow...
2025-12-30 05:51:37.064 [info] Got 1 sessions for read:user,repo,user:email,workflow...
2025-12-30 05:51:37.216 [info] Getting sessions for all scopes...
2025-12-30 05:51:37.216 [info] Got 5 sessions for ...
2025-12-30 05:51:38.239 [info] Getting sessions for read:user,repo,user:email,workflow...
2025-12-30 05:51:38.239 [info] Got 1 sessions for read:user,repo,user:email,workflow...
2025-12-30 05:51:38.241 [info] Getting sessions for all scopes...
2025-12-30 05:51:38.241 [info] Got 5 sessions for ...
2025-12-30 05:51:41.777 [info] Getting sessions for read:user,repo,user:email,workflow...
2025-12-30 05:51:41.777 [info] Got 1 sessions for read:user,repo,user:email,workflow...
2025-12-30 08:02:02.978 [info] Getting sessions for all scopes...
2025-12-30 08:02:02.979 [info] Got 5 sessions for ...
2025-12-30 08:02:02.980 [info] Getting sessions for all scopes...
2025-12-30 08:02:02.980 [info] Got 5 sessions for ...
2025-12-30 08:02:02.986 [info] Getting sessions for read:user,repo,user:email,workflow...
2025-12-30 08:02:02.987 [info] Got 1 sessions for read:user,repo,user:email,workflow...
2025-12-30 08:02:56.200 [info] Getting sessions for all scopes...
2025-12-30 08:02:56.200 [info] Got 5 sessions for ...
2025-12-30 08:02:56.201 [info] Getting sessions for all scopes...
2025-12-30 08:02:56.201 [info] Got 5 sessions for ...
2025-12-30 08:02:56.201 [info] Getting sessions for all scopes...
2025-12-30 08:02:56.201 [info] Got 5 sessions for ...
2025-12-30 08:02:56.204 [info] Getting sessions for read:user,repo,user:email,workflow...
2025-12-30 08:02:56.204 [info] Got 1 sessions for read:user,repo,user:email,workflow...
2025-12-30 08:02:57.752 [info] Getting sessions for all scopes...
2025-12-30 08:02:57.752 [info] Got 5 sessions for ...
2025-12-30 08:02:57.753 [info] Getting sessions for all scopes...
2025-12-30 08:02:57.753 [info] Got 5 sessions for ...
2025-12-30 08:02:57.775 [info] Getting sessions for read:user,repo,user:email,workflow...
2025-12-30 08:02:57.775 [info] Got 1 sessions for read:user,repo,user:email,workflow...
2025-12-30 08:02:57.791 [info] Getting sessions for all scopes...
2025-12-30 08:02:57.791 [info] Got 5 sessions for ...
2025-12-30 08:02:57.794 [info] Getting sessions for read:user,repo,user:email,workflow...
2025-12-30 08:02:57.794 [info] Got 1 sessions for read:user,repo,user:email,workflow...
2025-12-30 08:02:57.958 [info] Getting sessions for all scopes...
2025-12-30 08:02:57.958 [info] Got 5 sessions for ...
2025-12-30 08:02:57.962 [info] Getting sessions for read:user,repo,user:email,workflow...
2025-12-30 08:02:57.962 [info] Got 1 sessions for read:user,repo,user:email,workflow...
2025-12-30 08:02:58.627 [info] Getting sessions for all scopes...
2025-12-30 08:02:58.627 [info] Got 5 sessions for ...
2025-12-30 08:02:58.633 [info] Getting sessions for read:user,repo,user:email,workflow...
2025-12-30 08:02:58.633 [info] Got 1 sessions for read:user,repo,user:email,workflow...
2025-12-30 08:57:58.285 [info] Getting sessions for all scopes...
2025-12-30 08:57:58.289 [info] Got 5 sessions for ...
2025-12-30 08:57:58.358 [info] Getting sessions for read:user,repo,user:email,workflow...
2025-12-30 08:57:58.360 [info] Got 1 sessions for read:user,repo,user:email,workflow...
2025-12-30 08:57:59.484 [info] Getting sessions for all scopes...
2025-12-30 08:57:59.484 [info] Got 5 sessions for ...
2025-12-30 08:57:59.485 [info] Getting sessions for all scopes...
2025-12-30 08:57:59.485 [info] Got 5 sessions for ...
2025-12-30 08:57:59.587 [info] Getting sessions for read:user,repo,user:email,workflow...
2025-12-30 08:57:59.593 [info] Got 1 sessions for read:user,repo,user:email,workflow...
2025-12-30 08:58:00.902 [info] Getting sessions for all scopes...
2025-12-30 08:58:00.902 [info] Got 5 sessions for ...
2025-12-30 08:58:00.902 [info] Getting sessions for all scopes...
2025-12-30 08:58:00.902 [info] Got 5 sessions for ...
2025-12-30 08:58:01.292 [info] Getting sessions for read:user,repo,user:email,workflow...
2025-12-30 08:58:01.292 [info] Got 1 sessions for read:user,repo,user:email,workflow...
2025-12-30 08:58:01.545 [info] Getting sessions for all scopes...
2025-12-30 08:58:01.545 [info] Got 5 sessions for ...
2025-12-30 08:58:01.554 [info] Getting sessions for read:user,repo,user:email,workflow...
2025-12-30 08:58:01.554 [info] Got 1 sessions for read:user,repo,user:email,workflow...
2025-12-30 10:52:49.403 [info] Getting sessions for all scopes...
2025-12-30 10:52:49.407 [info] Got 5 sessions for ...
2025-12-30 10:52:50.024 [info] Getting sessions for read:user,repo,user:email,workflow...
2025-12-30 10:52:50.027 [info] Got 1 sessions for read:user,repo,user:email,workflow...
2025-12-30 10:52:51.230 [info] Getting sessions for all scopes...
2025-12-30 10:52:51.230 [info] Got 5 sessions for ...
2025-12-30 10:52:51.231 [info] Getting sessions for all scopes...
2025-12-30 10:52:51.232 [info] Got 5 sessions for ...
2025-12-30 10:52:51.235 [info] Getting sessions for read:user,repo,user:email,workflow...
2025-12-30 10:52:51.235 [info] Got 1 sessions for read:user,repo,user:email,workflow...
2025-12-30 10:52:55.915 [info] Getting sessions for all scopes...
2025-12-30 10:52:55.915 [info] Got 5 sessions for ...
2025-12-30 10:52:55.916 [info] Getting sessions for all scopes...
2025-12-30 10:52:55.916 [info] Got 5 sessions for ...
2025-12-30 10:52:55.920 [info] Getting sessions for read:user,repo,user:email,workflow...
2025-12-30 10:52:55.920 [info] Got 1 sessions for read:user,repo,user:email,workflow...
2025-12-30 10:52:58.718 [info] Getting sessions for all scopes...
2025-12-30 10:52:58.718 [info] Got 5 sessions for ...
2025-12-30 10:52:58.719 [info] Getting sessions for all scopes...
2025-12-30 10:52:58.719 [info] Got 5 sessions for ...
2025-12-30 10:52:58.984 [info] Getting sessions for read:user,repo,user:email,workflow...
2025-12-30 10:52:58.984 [info] Got 1 sessions for read:user,repo,user:email,workflow...
2025-12-30 10:52:59.587 [info] Getting sessions for all scopes...
2025-12-30 10:52:59.587 [info] Got 5 sessions for ...
2025-12-30 10:52:59.612 [info] Getting sessions for read:user,repo,user:email,workflow...
2025-12-30 10:52:59.612 [info] Got 1 sessions for read:user,repo,user:email,workflow...
2025-12-30 11:48:07.917 [info] Getting sessions for all scopes...
2025-12-30 11:48:07.921 [info] Got 5 sessions for ...
2025-12-30 11:48:09.757 [info] Getting sessions for read:user,repo,user:email,workflow...
2025-12-30 11:48:09.760 [info] Got 1 sessions for read:user,repo,user:email,workflow...
2025-12-30 11:48:10.972 [info] Getting sessions for all scopes...
2025-12-30 11:48:10.972 [info] Got 5 sessions for ...
2025-12-30 11:48:10.974 [info] Getting sessions for all scopes...
2025-12-30 11:48:10.974 [info] Got 5 sessions for ...
2025-12-30 11:48:11.388 [info] Getting sessions for read:user,repo,user:email,workflow...
2025-12-30 11:48:11.388 [info] Got 1 sessions for read:user,repo,user:email,workflow...
2025-12-30 11:52:44.423 [info] Getting sessions for all scopes...
2025-12-30 11:52:44.424 [info] Got 5 sessions for ...
2025-12-30 11:52:44.424 [info] Getting sessions for all scopes...
2025-12-30 11:52:44.424 [info] Got 5 sessions for ...
2025-12-30 11:52:46.118 [info] Getting sessions for read:user,repo,user:email,workflow...
2025-12-30 11:52:46.119 [info] Got 1 sessions for read:user,repo,user:email,workflow...
2025-12-30 12:45:26.596 [info] Getting sessions for all scopes...
2025-12-30 12:45:26.598 [info] Got 5 sessions for ...
2025-12-30 12:45:27.166 [info] Getting sessions for read:user,repo,user:email,workflow...
2025-12-30 12:45:27.167 [info] Got 1 sessions for read:user,repo,user:email,workflow...
2025-12-30 13:47:19.281 [info] Getting sessions for all scopes...
2025-12-30 13:47:19.286 [info] Got 5 sessions for ...
2025-12-30 13:47:19.288 [info] Getting sessions for all scopes...
2025-12-30 13:47:19.288 [info] Got 5 sessions for ...
2025-12-30 13:47:20.608 [info] Getting sessions for read:user,repo,user:email,workflow...
2025-12-30 13:47:20.610 [info] Got 1 sessions for read:user,repo,user:email,workflow...
2025-12-30 13:47:21.302 [info] Getting sessions for all scopes...
2025-12-30 13:47:21.302 [info] Got 5 sessions for ...
2025-12-30 13:47:21.310 [info] Getting sessions for read:user,repo,user:email,workflow...
2025-12-30 13:47:21.310 [info] Got 1 sessions for read:user,repo,user:email,workflow...
2025-12-30 13:47:22.586 [info] Getting sessions for all scopes...
2025-12-30 13:47:22.586 [info] Got 5 sessions for ...
2025-12-30 13:47:22.587 [info] Getting sessions for all scopes...
2025-12-30 13:47:22.587 [info] Got 5 sessions for ...
2025-12-30 13:47:22.993 [info] Getting sessions for read:user,repo,user:email,workflow...
2025-12-30 13:47:22.993 [info] Got 1 sessions for read:user,repo,user:email,workflow...
2025-12-30 13:47:23.347 [info] Getting sessions for all scopes...
2025-12-30 13:47:23.347 [info] Got 5 sessions for ...
2025-12-30 13:47:23.376 [info] Getting sessions for all scopes...
2025-12-30 13:47:23.376 [info] Got 5 sessions for ...
2025-12-30 13:47:23.507 [info] Getting sessions for read:user,repo,user:email,workflow...
2025-12-30 13:47:23.508 [info] Got 1 sessions for read:user,repo,user:email,workflow...
2025-12-30 13:47:24.386 [info] Getting sessions for all scopes...
2025-12-30 13:47:24.403 [info] Got 5 sessions for ...
2025-12-30 13:47:24.777 [info] Getting sessions for read:user,repo,user:email,workflow...
2025-12-30 13:47:24.777 [info] Got 1 sessions for read:user,repo,user:email,workflow...
2025-12-30 15:19:36.491 [info] Getting sessions for all scopes...
2025-12-30 15:19:36.492 [info] Got 5 sessions for ...
2025-12-30 15:19:36.501 [info] Getting sessions for read:user,repo,user:email,workflow...
2025-12-30 15:19:36.501 [info] Got 1 sessions for read:user,repo,user:email,workflow...
2025-12-30 15:19:37.498 [info] Getting sessions for all scopes...
2025-12-30 15:19:37.499 [info] Got 5 sessions for ...
2025-12-30 15:19:37.500 [info] Getting sessions for all scopes...
2025-12-30 15:19:37.500 [info] Got 5 sessions for ...
2025-12-30 15:19:37.509 [info] Getting sessions for read:user,repo,user:email,workflow...
2025-12-30 15:19:37.509 [info] Got 1 sessions for read:user,repo,user:email,workflow...
2025-12-30 15:19:37.529 [info] Getting sessions for all scopes...
2025-12-30 15:19:37.529 [info] Got 5 sessions for ...
2025-12-30 15:19:37.538 [info] Getting sessions for all scopes...
2025-12-30 15:19:37.538 [info] Got 5 sessions for ...
2025-12-30 15:19:37.542 [info] Getting sessions for read:user,repo,user:email,workflow...
2025-12-30 15:19:37.542 [info] Got 1 sessions for read:user,repo,user:email,workflow...
2025-12-30 15:19:38.296 [info] Getting sessions for all scopes...
2025-12-30 15:19:38.296 [info] Got 5 sessions for ...
2025-12-30 15:19:38.296 [info] Getting sessions for all scopes...
2025-12-30 15:19:38.297 [info] Got 5 sessions for ...
2025-12-30 15:19:38.298 [info] Getting sessions for read:user,repo,user:email,workflow...
2025-12-30 15:19:38.298 [info] Got 1 sessions for read:user,repo,user:email,workflow...
2025-12-30 15:19:39.226 [info] Getting sessions for all scopes...
2025-12-30 15:19:39.226 [info] Got 5 sessions for ...
2025-12-30 15:19:39.232 [info] Getting sessions for read:user,repo,user:email,workflow...
2025-12-30 15:19:39.232 [info] Got 1 sessions for read:user,repo,user:email,workflow...
2025-12-30 15:19:39.656 [info] Getting sessions for all scopes...
2025-12-30 15:19:39.656 [info] Got 5 sessions for ...
2025-12-30 15:19:39.668 [info] Getting sessions for read:user,repo,user:email,workflow...
2025-12-30 15:19:39.668 [info] Got 1 sessions for read:user,repo,user:email,workflow...
2025-12-30 17:20:44.430 [info] Getting sessions for all scopes...
2025-12-30 17:20:44.432 [info] Got 5 sessions for ...
2025-12-30 17:20:44.861 [info] Getting sessions for read:user,repo,user:email,workflow...
2025-12-30 17:20:44.861 [info] Got 1 sessions for read:user,repo,user:email,workflow...
2025-12-30 17:20:46.071 [info] Getting sessions for all scopes...
2025-12-30 17:20:46.071 [info] Got 5 sessions for ...
2025-12-30 17:20:46.073 [info] Getting sessions for all scopes...
2025-12-30 17:20:46.073 [info] Got 5 sessions for ...
2025-12-30 17:20:46.078 [info] Getting sessions for read:user,repo,user:email,workflow...
2025-12-30 17:20:46.078 [info] Got 1 sessions for read:user,repo,user:email,workflow...
2025-12-30 17:20:46.500 [info] Getting sessions for all scopes...
2025-12-30 17:20:46.501 [info] Got 5 sessions for ...
2025-12-30 17:20:46.548 [info] Getting sessions for all scopes...
2025-12-30 17:20:46.549 [info] Got 5 sessions for ...
2025-12-30 17:20:47.033 [info] Getting sessions for read:user,repo,user:email,workflow...
2025-12-30 17:20:47.033 [info] Got 1 sessions for read:user,repo,user:email,workflow...
2025-12-30 17:20:47.509 [info] Getting sessions for all scopes...
2025-12-30 17:20:47.509 [info] Got 5 sessions for ...
2025-12-30 17:20:47.509 [info] Getting sessions for all scopes...
2025-12-30 17:20:47.509 [info] Got 5 sessions for ...
2025-12-30 17:20:47.541 [info] Getting sessions for read:user,repo,user:email,workflow...
2025-12-30 17:20:47.541 [info] Got 1 sessions for read:user,repo,user:email,workflow...
2025-12-30 17:20:49.421 [info] Getting sessions for all scopes...
2025-12-30 17:20:49.421 [info] Got 5 sessions for ...
2025-12-30 17:20:49.576 [info] Getting sessions for read:user,repo,user:email,workflow...
2025-12-30 17:20:49.576 [info] Got 1 sessions for read:user,repo,user:email,workflow...
2025-12-30 17:20:50.681 [info] Getting sessions for all scopes...
2025-12-30 17:20:50.684 [info] Got 5 sessions for ...
2025-12-30 18:21:57.258 [info] Getting sessions for all scopes...
2025-12-30 18:21:57.259 [info] Got 5 sessions for ...
2025-12-30 18:21:57.262 [info] Getting sessions for read:user,repo,user:email,workflow...
2025-12-30 18:21:57.265 [info] Got 1 sessions for read:user,repo,user:email,workflow...
2025-12-30 18:21:58.267 [info] Getting sessions for all scopes...
2025-12-30 18:21:58.267 [info] Got 5 sessions for ...
2025-12-30 18:21:58.268 [info] Getting sessions for all scopes...
2025-12-30 18:21:58.269 [info] Got 5 sessions for ...
2025-12-30 18:21:58.725 [info] Getting sessions for read:user,repo,user:email,workflow...
2025-12-30 18:21:58.726 [info] Got 1 sessions for read:user,repo,user:email,workflow...
2025-12-30 18:21:59.402 [info] Getting sessions for all scopes...
2025-12-30 18:21:59.402 [info] Got 5 sessions for ...
2025-12-30 18:21:59.403 [info] Getting sessions for all scopes...
2025-12-30 18:21:59.403 [info] Got 5 sessions for ...
2025-12-30 18:21:59.416 [info] Getting sessions for read:user,repo,user:email,workflow...
2025-12-30 18:21:59.416 [info] Got 1 sessions for read:user,repo,user:email,workflow...
2025-12-30 18:22:01.307 [info] Getting sessions for all scopes...
2025-12-30 18:22:01.307 [info] Got 5 sessions for ...
2025-12-30 18:22:01.904 [info] Getting sessions for read:user,repo,user:email,workflow...
2025-12-30 18:22:01.904 [info] Got 1 sessions for read:user,repo,user:email,workflow...
2025-12-30 18:22:04.887 [info] Getting sessions for all scopes...
2025-12-30 18:22:04.888 [info] Got 5 sessions for ...
2025-12-30 18:22:07.632 [info] Getting sessions for read:user,repo,user:email,workflow...
2025-12-30 18:22:07.632 [info] Got 1 sessions for read:user,repo,user:email,workflow...
2025-12-30 19:23:10.096 [info] Getting sessions for all scopes...
2025-12-30 19:23:10.097 [info] Got 5 sessions for ...
2025-12-30 19:23:10.609 [info] Getting sessions for read:user,repo,user:email,workflow...
2025-12-30 19:23:10.609 [info] Got 1 sessions for read:user,repo,user:email,workflow...
2025-12-30 19:23:11.320 [info] Getting sessions for all scopes...
2025-12-30 19:23:11.320 [info] Got 5 sessions for ...
2025-12-30 19:23:11.321 [info] Getting sessions for all scopes...
2025-12-30 19:23:11.321 [info] Got 5 sessions for ...
2025-12-30 19:23:11.497 [info] Getting sessions for read:user,repo,user:email,workflow...
2025-12-30 19:23:11.497 [info] Got 1 sessions for read:user,repo,user:email,workflow...
2025-12-30 19:23:11.519 [info] Getting sessions for all scopes...
2025-12-30 19:23:11.519 [info] Got 5 sessions for ...
2025-12-30 19:23:11.520 [info] Getting sessions for all scopes...
2025-12-30 19:23:11.520 [info] Got 5 sessions for ...
2025-12-30 19:23:11.783 [info] Getting sessions for read:user,repo,user:email,workflow...
2025-12-30 19:23:11.784 [info] Got 1 sessions for read:user,repo,user:email,workflow...
2025-12-30 19:23:14.131 [info] Getting sessions for all scopes...
2025-12-30 19:23:14.131 [info] Got 5 sessions for ...
2025-12-30 19:23:14.228 [info] Getting sessions for all scopes...
2025-12-30 19:23:14.228 [info] Got 5 sessions for ...
2025-12-30 19:23:14.439 [info] Getting sessions for read:user,repo,user:email,workflow...
2025-12-30 19:23:14.439 [info] Got 1 sessions for read:user,repo,user:email,workflow...
2025-12-30 19:23:16.875 [info] Getting sessions for all scopes...
2025-12-30 19:23:16.875 [info] Got 5 sessions for ...
2025-12-30 19:23:17.026 [info] Getting sessions for read:user,repo,user:email,workflow...
2025-12-30 19:23:17.026 [info] Got 1 sessions for read:user,repo,user:email,workflow...
2025-12-30 19:23:19.955 [info] Getting sessions for all scopes...
2025-12-30 19:23:19.955 [info] Got 5 sessions for ...
2025-12-30 19:23:20.967 [info] Getting sessions for read:user,repo,user:email,workflow...
2025-12-30 19:23:20.969 [info] Got 1 sessions for read:user,repo,user:email,workflow...
2025-12-30 20:24:21.409 [info] Getting sessions for all scopes...
2025-12-30 20:24:21.411 [info] Got 5 sessions for ...
2025-12-30 20:24:22.161 [info] Getting sessions for read:user,repo,user:email,workflow...
2025-12-30 20:24:22.161 [info] Got 1 sessions for read:user,repo,user:email,workflow...
2025-12-30 20:24:22.732 [info] Getting sessions for all scopes...
2025-12-30 20:24:22.732 [info] Got 5 sessions for ...
2025-12-30 20:24:22.734 [info] Getting sessions for all scopes...
2025-12-30 20:24:22.734 [info] Got 5 sessions for ...
2025-12-30 20:24:23.239 [info] Getting sessions for read:user,repo,user:email,workflow...
2025-12-30 20:24:23.239 [info] Got 1 sessions for read:user,repo,user:email,workflow...
2025-12-30 20:24:23.317 [info] Getting sessions for all scopes...
2025-12-30 20:24:23.317 [info] Got 5 sessions for ...
2025-12-30 20:24:23.318 [info] Getting sessions for all scopes...
2025-12-30 20:24:23.319 [info] Got 5 sessions for ...
2025-12-30 20:24:23.369 [info] Getting sessions for read:user,repo,user:email,workflow...
2025-12-30 20:24:23.370 [info] Got 1 sessions for read:user,repo,user:email,workflow...
2025-12-30 20:24:27.202 [info] Getting sessions for all scopes...
2025-12-30 20:24:27.202 [info] Got 5 sessions for ...
2025-12-30 20:24:27.209 [info] Getting sessions for read:user,repo,user:email,workflow...
2025-12-30 20:24:27.209 [info] Got 1 sessions for read:user,repo,user:email,workflow...
2025-12-30 20:24:28.236 [info] Getting sessions for all scopes...
2025-12-30 20:24:28.236 [info] Got 5 sessions for ...
2025-12-30 20:24:29.283 [info] Getting sessions for read:user,repo,user:email,workflow...
2025-12-30 20:24:29.283 [info] Got 1 sessions for read:user,repo,user:email,workflow...
2025-12-30 21:25:33.350 [info] Getting sessions for all scopes...
2025-12-30 21:25:33.357 [info] Got 5 sessions for ...
2025-12-30 21:25:33.986 [info] Getting sessions for read:user,repo,user:email,workflow...
2025-12-30 21:25:33.987 [info] Got 1 sessions for read:user,repo,user:email,workflow...
2025-12-30 21:25:34.750 [info] Getting sessions for all scopes...
2025-12-30 21:25:34.750 [info] Got 5 sessions for ...
2025-12-30 21:25:34.752 [info] Getting sessions for all scopes...
2025-12-30 21:25:34.753 [info] Got 5 sessions for ...
2025-12-30 21:25:34.907 [info] Getting sessions for read:user,repo,user:email,workflow...
2025-12-30 21:25:34.907 [info] Got 1 sessions for read:user,repo,user:email,workflow...
2025-12-30 21:25:35.689 [info] Getting sessions for all scopes...
2025-12-30 21:25:35.689 [info] Got 5 sessions for ...
2025-12-30 21:25:35.689 [info] Getting sessions for all scopes...
2025-12-30 21:25:35.690 [info] Got 5 sessions for ...
2025-12-30 21:25:35.735 [info] Getting sessions for read:user,repo,user:email,workflow...
2025-12-30 21:25:35.735 [info] Got 1 sessions for read:user,repo,user:email,workflow...
2025-12-30 21:25:37.942 [info] Getting sessions for all scopes...
2025-12-30 21:25:37.942 [info] Got 5 sessions for ...
2025-12-30 21:25:37.943 [info] Getting sessions for all scopes...
2025-12-30 21:25:37.943 [info] Got 5 sessions for ...
2025-12-30 21:25:37.961 [info] Getting sessions for read:user,repo,user:email,workflow...
2025-12-30 21:25:37.961 [info] Got 1 sessions for read:user,repo,user:email,workflow...
2025-12-30 21:25:39.061 [info] Getting sessions for all scopes...
2025-12-30 21:25:39.061 [info] Got 5 sessions for ...
2025-12-30 21:25:39.387 [info] Getting sessions for read:user,repo,user:email,workflow...
2025-12-30 21:25:39.387 [info] Got 1 sessions for read:user,repo,user:email,workflow...
2025-12-30 21:25:39.993 [info] Getting sessions for all scopes...
2025-12-30 21:25:39.993 [info] Got 5 sessions for ...
2025-12-30 21:25:39.996 [info] Getting sessions for read:user,repo,user:email,workflow...
2025-12-30 21:25:39.996 [info] Got 1 sessions for read:user,repo,user:email,workflow...
2025-12-30 22:26:46.496 [info] Getting sessions for all scopes...
2025-12-30 22:26:46.497 [info] Got 5 sessions for ...
2025-12-30 22:26:46.984 [info] Getting sessions for read:user,repo,user:email,workflow...
2025-12-30 22:26:46.984 [info] Got 1 sessions for read:user,repo,user:email,workflow...
2025-12-30 22:26:47.649 [info] Getting sessions for all scopes...
2025-12-30 22:26:47.649 [info] Got 5 sessions for ...
2025-12-30 22:26:47.650 [info] Getting sessions for all scopes...
2025-12-30 22:26:47.650 [info] Got 5 sessions for ...
2025-12-30 22:26:47.858 [info] Getting sessions for read:user,repo,user:email,workflow...
2025-12-30 22:26:47.859 [info] Got 1 sessions for read:user,repo,user:email,workflow...
2025-12-30 22:26:47.989 [info] Getting sessions for all scopes...
2025-12-30 22:26:47.989 [info] Got 5 sessions for ...
2025-12-30 22:26:47.990 [info] Getting sessions for all scopes...
2025-12-30 22:26:47.990 [info] Got 5 sessions for ...
2025-12-30 22:26:48.138 [info] Getting sessions for read:user,repo,user:email,workflow...
2025-12-30 22:26:48.139 [info] Got 1 sessions for read:user,repo,user:email,workflow...
2025-12-30 22:26:49.518 [info] Getting sessions for all scopes...
2025-12-30 22:26:49.519 [info] Got 5 sessions for ...
2025-12-30 22:26:49.519 [info] Getting sessions for all scopes...
2025-12-30 22:26:49.519 [info] Got 5 sessions for ...
2025-12-30 22:26:49.530 [info] Getting sessions for read:user,repo,user:email,workflow...
2025-12-30 22:26:49.530 [info] Got 1 sessions for read:user,repo,user:email,workflow...
2025-12-30 23:27:55.608 [info] Getting sessions for all scopes...
2025-12-30 23:27:55.608 [info] Got 5 sessions for ...
2025-12-30 23:27:55.609 [info] Getting sessions for all scopes...
2025-12-30 23:27:55.609 [info] Got 5 sessions for ...
2025-12-30 23:27:55.647 [info] Getting sessions for read:user,repo,user:email,workflow...
2025-12-30 23:27:55.647 [info] Got 1 sessions for read:user,repo,user:email,workflow...
2025-12-30 23:27:58.387 [info] Getting sessions for all scopes...
2025-12-30 23:27:58.387 [info] Got 5 sessions for ...
2025-12-30 23:27:58.387 [info] Getting sessions for all scopes...
2025-12-30 23:27:58.388 [info] Got 5 sessions for ...
2025-12-30 23:27:58.697 [info] Getting sessions for read:user,repo,user:email,workflow...
2025-12-30 23:27:58.697 [info] Got 1 sessions for read:user,repo,user:email,workflow...
2025-12-30 23:27:59.463 [info] Getting sessions for all scopes...
2025-12-30 23:27:59.463 [info] Got 5 sessions for ...
2025-12-30 23:27:59.464 [info] Getting sessions for all scopes...
2025-12-30 23:27:59.464 [info] Got 5 sessions for ...
2025-12-30 23:27:59.527 [info] Getting sessions for read:user,repo,user:email,workflow...
2025-12-30 23:27:59.527 [info] Got 1 sessions for read:user,repo,user:email,workflow...
2025-12-30 23:27:59.620 [info] Getting sessions for all scopes...
2025-12-30 23:27:59.620 [info] Got 5 sessions for ...
2025-12-30 23:27:59.788 [info] Getting sessions for read:user,repo,user:email,workflow...
2025-12-30 23:27:59.788 [info] Got 1 sessions for read:user,repo,user:email,workflow...
2025-12-31 00:29:05.904 [info] Getting sessions for all scopes...
2025-12-31 00:29:05.905 [info] Got 5 sessions for ...
2025-12-31 00:29:05.905 [info] Getting sessions for all scopes...
2025-12-31 00:29:05.905 [info] Got 5 sessions for ...
2025-12-31 00:29:06.339 [info] Getting sessions for read:user,repo,user:email,workflow...
2025-12-31 00:29:06.339 [info] Got 1 sessions for read:user,repo,user:email,workflow...
2025-12-31 00:29:06.909 [info] Getting sessions for all scopes...
2025-12-31 00:29:06.909 [info] Got 5 sessions for ...
2025-12-31 00:29:06.912 [info] Getting sessions for all scopes...
2025-12-31 00:29:06.912 [info] Got 5 sessions for ...
2025-12-31 00:29:07.072 [info] Getting sessions for read:user,repo,user:email,workflow...
2025-12-31 00:29:07.072 [info] Got 1 sessions for read:user,repo,user:email,workflow...
2025-12-31 00:29:08.422 [info] Getting sessions for all scopes...
2025-12-31 00:29:08.423 [info] Got 5 sessions for ...
2025-12-31 00:29:08.424 [info] Getting sessions for all scopes...
2025-12-31 00:29:08.424 [info] Got 5 sessions for ...
2025-12-31 00:29:08.905 [info] Getting sessions for read:user,repo,user:email,workflow...
2025-12-31 00:29:08.905 [info] Got 1 sessions for read:user,repo,user:email,workflow...
2025-12-31 00:29:12.457 [info] Getting sessions for all scopes...
2025-12-31 00:29:12.457 [info] Got 5 sessions for ...
2025-12-31 00:29:12.602 [info] Getting sessions for read:user,repo,user:email,workflow...
2025-12-31 00:29:12.602 [info] Got 1 sessions for read:user,repo,user:email,workflow...
2025-12-31 00:29:13.350 [info] Getting sessions for all scopes...
2025-12-31 00:29:13.350 [info] Got 5 sessions for ...
2025-12-31 00:29:13.372 [info] Getting sessions for read:user,repo,user:email,workflow...
2025-12-31 00:29:13.372 [info] Got 1 sessions for read:user,repo,user:email,workflow...
2025-12-31 01:30:15.372 [info] Getting sessions for all scopes...
2025-12-31 01:30:15.375 [info] Got 5 sessions for ...
2025-12-31 01:30:16.488 [info] Getting sessions for read:user,repo,user:email,workflow...
2025-12-31 01:30:16.488 [info] Got 1 sessions for read:user,repo,user:email,workflow...
2025-12-31 01:30:17.075 [info] Getting sessions for all scopes...
2025-12-31 01:30:17.075 [info] Got 5 sessions for ...
2025-12-31 01:30:17.076 [info] Getting sessions for all scopes...
2025-12-31 01:30:17.076 [info] Got 5 sessions for ...
2025-12-31 01:30:17.182 [info] Getting sessions for read:user,repo,user:email,workflow...
2025-12-31 01:30:17.182 [info] Got 1 sessions for read:user,repo,user:email,workflow...
2025-12-31 01:30:18.217 [info] Getting sessions for all scopes...
2025-12-31 01:30:18.217 [info] Got 5 sessions for ...
2025-12-31 01:30:18.217 [info] Getting sessions for all scopes...
2025-12-31 01:30:18.217 [info] Got 5 sessions for ...
2025-12-31 01:30:18.256 [info] Getting sessions for read:user,repo,user:email,workflow...
2025-12-31 01:30:18.256 [info] Got 1 sessions for read:user,repo,user:email,workflow...
2025-12-31 01:30:19.628 [info] Getting sessions for all scopes...
2025-12-31 01:30:19.628 [info] Got 5 sessions for ...
2025-12-31 01:30:19.636 [info] Getting sessions for read:user,repo,user:email,workflow...
2025-12-31 01:30:19.636 [info] Got 1 sessions for read:user,repo,user:email,workflow...
2025-12-31 01:30:20.619 [info] Getting sessions for all scopes...
2025-12-31 01:30:20.619 [info] Got 5 sessions for ...
2025-12-31 01:30:20.622 [info] Getting sessions for read:user,repo,user:email,workflow...
2025-12-31 01:30:20.623 [info] Got 1 sessions for read:user,repo,user:email,workflow...
2025-12-31 02:31:26.070 [info] Getting sessions for all scopes...
2025-12-31 02:31:26.071 [info] Got 5 sessions for ...
2025-12-31 02:31:26.102 [info] Getting sessions for read:user,repo,user:email,workflow...
2025-12-31 02:31:26.102 [info] Got 1 sessions for read:user,repo,user:email,workflow...
2025-12-31 02:31:26.407 [info] Getting sessions for all scopes...
2025-12-31 02:31:26.407 [info] Got 5 sessions for ...
2025-12-31 02:31:26.407 [info] Getting sessions for all scopes...
2025-12-31 02:31:26.407 [info] Got 5 sessions for ...
2025-12-31 02:31:26.424 [info] Getting sessions for read:user,repo,user:email,workflow...
2025-12-31 02:31:26.424 [info] Got 1 sessions for read:user,repo,user:email,workflow...
2025-12-31 02:31:27.542 [info] Getting sessions for all scopes...
2025-12-31 02:31:27.542 [info] Got 5 sessions for ...
2025-12-31 02:31:27.542 [info] Getting sessions for all scopes...
2025-12-31 02:31:27.542 [info] Got 5 sessions for ...
2025-12-31 02:31:27.630 [info] Getting sessions for read:user,repo,user:email,workflow...
2025-12-31 02:31:27.631 [info] Got 1 sessions for read:user,repo,user:email,workflow...
2025-12-31 02:31:28.742 [info] Getting sessions for all scopes...
2025-12-31 02:31:28.742 [info] Got 5 sessions for ...
2025-12-31 02:31:28.838 [info] Getting sessions for read:user,repo,user:email,workflow...
2025-12-31 02:31:28.838 [info] Got 1 sessions for read:user,repo,user:email,workflow...
2025-12-31 02:31:29.575 [info] Getting sessions for all scopes...
2025-12-31 02:31:29.575 [info] Got 5 sessions for ...
2025-12-31 02:31:29.585 [info] Getting sessions for read:user,repo,user:email,workflow...
2025-12-31 02:31:29.585 [info] Got 1 sessions for read:user,repo,user:email,workflow...
2025-12-31 03:32:33.820 [info] Getting sessions for all scopes...
2025-12-31 03:32:33.823 [info] Got 5 sessions for ...
2025-12-31 03:32:34.539 [info] Getting sessions for read:user,repo,user:email,workflow...
2025-12-31 03:32:34.539 [info] Got 1 sessions for read:user,repo,user:email,workflow...
2025-12-31 03:32:36.599 [info] Getting sessions for all scopes...
2025-12-31 03:32:36.599 [info] Got 5 sessions for ...
2025-12-31 03:32:36.599 [info] Getting sessions for all scopes...
2025-12-31 03:32:36.599 [info] Got 5 sessions for ...
2025-12-31 03:32:36.767 [info] Getting sessions for read:user,repo,user:email,workflow...
2025-12-31 03:32:36.767 [info] Got 1 sessions for read:user,repo,user:email,workflow...
2025-12-31 03:32:37.519 [info] Getting sessions for all scopes...
2025-12-31 03:32:37.519 [info] Got 5 sessions for ...
2025-12-31 03:32:38.710 [info] Getting sessions for read:user,repo,user:email,workflow...
2025-12-31 03:32:38.710 [info] Got 1 sessions for read:user,repo,user:email,workflow...
2025-12-31 03:32:40.847 [info] Getting sessions for all scopes...
2025-12-31 03:32:40.848 [info] Got 5 sessions for ...
2025-12-31 03:32:40.849 [info] Getting sessions for all scopes...
2025-12-31 03:32:40.849 [info] Got 5 sessions for ...
2025-12-31 03:32:41.743 [info] Getting sessions for read:user,repo,user:email,workflow...
2025-12-31 03:32:41.743 [info] Got 1 sessions for read:user,repo,user:email,workflow...
2025-12-31 03:32:41.941 [info] Getting sessions for all scopes...
2025-12-31 03:32:41.941 [info] Got 5 sessions for ...
2025-12-31 03:32:42.895 [info] Getting sessions for read:user,repo,user:email,workflow...
2025-12-31 03:32:42.895 [info] Got 1 sessions for read:user,repo,user:email,workflow...
2025-12-31 03:32:43.057 [info] Getting sessions for all scopes...
2025-12-31 03:32:43.057 [info] Got 5 sessions for ...
2025-12-31 03:32:45.108 [info] Getting sessions for read:user,repo,user:email,workflow...
2025-12-31 03:32:45.108 [info] Got 1 sessions for read:user,repo,user:email,workflow...
2025-12-31 08:41:56.479 [info] Getting sessions for all scopes...
2025-12-31 08:41:56.481 [info] Got 5 sessions for ...
2025-12-31 08:41:56.481 [info] Getting sessions for all scopes...
2025-12-31 08:41:56.481 [info] Got 5 sessions for ...
2025-12-31 08:41:56.490 [info] Getting sessions for read:user,repo,user:email,workflow...
2025-12-31 08:41:56.491 [info] Got 1 sessions for read:user,repo,user:email,workflow...
2025-12-31 08:42:04.914 [info] Getting sessions for all scopes...
2025-12-31 08:42:04.914 [info] Got 5 sessions for ...
2025-12-31 08:42:04.919 [info] Getting sessions for read:user,repo,user:email,workflow...
2025-12-31 08:42:04.919 [info] Got 1 sessions for read:user,repo,user:email,workflow...
2025-12-31 08:42:06.938 [info] Getting sessions for all scopes...
2025-12-31 08:42:06.939 [info] Got 5 sessions for ...
2025-12-31 08:42:06.939 [info] Getting sessions for all scopes...
2025-12-31 08:42:06.940 [info] Got 5 sessions for ...
2025-12-31 08:42:06.996 [info] Getting sessions for read:user,repo,user:email,workflow...
2025-12-31 08:42:06.996 [info] Got 1 sessions for read:user,repo,user:email,workflow...
2025-12-31 08:42:07.302 [info] Getting sessions for all scopes...
2025-12-31 08:42:07.302 [info] Got 5 sessions for ...
2025-12-31 08:42:07.340 [info] Getting sessions for all scopes...
2025-12-31 08:42:07.340 [info] Got 5 sessions for ...
2025-12-31 08:42:07.340 [info] Getting sessions for read:user,repo,user:email,workflow...
2025-12-31 08:42:07.340 [info] Got 1 sessions for read:user,repo,user:email,workflow...
2025-12-31 08:42:07.719 [info] Getting sessions for all scopes...
2025-12-31 08:42:07.719 [info] Got 5 sessions for ...
2025-12-31 08:42:07.721 [info] Getting sessions for read:user,repo,user:email,workflow...
2025-12-31 08:42:07.721 [info] Got 1 sessions for read:user,repo,user:email,workflow...
2025-12-31 09:07:18.141 [info] Getting sessions for read:user,repo,user:email...
2025-12-31 09:07:18.145 [info] Got 1 sessions for read:user,repo,user:email...
2025-12-31 09:39:27.355 [info] Getting sessions for all scopes...
2025-12-31 09:39:27.358 [info] Got 5 sessions for ...
2025-12-31 09:39:28.039 [info] Getting sessions for read:user,repo,user:email,workflow...
2025-12-31 09:39:28.045 [info] Got 1 sessions for read:user,repo,user:email,workflow...
2025-12-31 09:39:29.854 [info] Getting sessions for all scopes...
2025-12-31 09:39:29.854 [info] Got 5 sessions for ...
2025-12-31 09:39:29.866 [info] Getting sessions for all scopes...
2025-12-31 09:39:29.867 [info] Got 5 sessions for ...
2025-12-31 09:39:31.181 [info] Getting sessions for read:user,repo,user:email,workflow...
2025-12-31 09:39:31.181 [info] Got 1 sessions for read:user,repo,user:email,workflow...
2025-12-31 09:39:33.678 [info] Getting sessions for all scopes...
2025-12-31 09:39:33.680 [info] Got 5 sessions for ...
2025-12-31 09:39:33.680 [info] Getting sessions for all scopes...
2025-12-31 09:39:33.680 [info] Got 5 sessions for ...
2025-12-31 09:39:34.644 [info] Getting sessions for read:user,repo,user:email,workflow...
2025-12-31 09:39:34.644 [info] Got 1 sessions for read:user,repo,user:email,workflow...
2025-12-31 09:39:43.954 [info] Getting sessions for all scopes...
2025-12-31 09:39:43.954 [info] Got 5 sessions for ...
2025-12-31 09:39:48.315 [info] Getting sessions for read:user,repo,user:email,workflow...
2025-12-31 09:39:48.315 [info] Got 1 sessions for read:user,repo,user:email,workflow...
2025-12-31 11:20:01.403 [info] Getting sessions for all scopes...
2025-12-31 11:20:01.413 [info] Got 5 sessions for ...
2025-12-31 11:20:05.278 [info] Getting sessions for read:user,repo,user:email,workflow...
2025-12-31 11:20:05.279 [info] Got 1 sessions for read:user,repo,user:email,workflow...
2025-12-31 11:20:05.385 [info] Getting sessions for all scopes...
2025-12-31 11:20:05.385 [info] Got 5 sessions for ...
2025-12-31 11:20:05.387 [info] Getting sessions for all scopes...
2025-12-31 11:20:05.387 [info] Got 5 sessions for ...
2025-12-31 11:20:05.411 [info] Getting sessions for read:user,repo,user:email,workflow...
2025-12-31 11:20:05.411 [info] Got 1 sessions for read:user,repo,user:email,workflow...
2025-12-31 11:20:05.651 [info] Getting sessions for all scopes...
2025-12-31 11:20:05.651 [info] Got 5 sessions for ...
2025-12-31 11:20:05.654 [info] Getting sessions for all scopes...
2025-12-31 11:20:05.654 [info] Got 5 sessions for ...
2025-12-31 11:20:05.681 [info] Getting sessions for read:user,repo,user:email,workflow...
2025-12-31 11:20:05.681 [info] Got 1 sessions for read:user,repo,user:email,workflow...
2025-12-31 11:20:07.081 [info] Getting sessions for all scopes...
2025-12-31 11:20:07.081 [info] Got 5 sessions for ...
2025-12-31 11:20:07.164 [info] Getting sessions for read:user,repo,user:email,workflow...
2025-12-31 11:20:07.164 [info] Got 1 sessions for read:user,repo,user:email,workflow...
2025-12-31 11:20:08.609 [info] Getting sessions for all scopes...
2025-12-31 11:20:08.609 [info] Got 5 sessions for ...
2025-12-31 11:20:08.746 [info] Getting sessions for read:user,repo,user:email,workflow...
2025-12-31 11:20:08.746 [info] Got 1 sessions for read:user,repo,user:email,workflow...
2025-12-31 11:20:09.576 [info] Getting sessions for all scopes...
2025-12-31 11:20:09.576 [info] Got 5 sessions for ...
2025-12-31 11:20:09.579 [info] Getting sessions for read:user,repo,user:email,workflow...
2025-12-31 11:20:09.579 [info] Got 1 sessions for read:user,repo,user:email,workflow...
2025-12-31 12:38:36.291 [info] Getting sessions for all scopes...
2025-12-31 12:38:36.291 [info] Got 5 sessions for ...
2025-12-31 12:38:37.498 [info] Getting sessions for read:user,repo,user:email,workflow...
2025-12-31 12:38:37.499 [info] Got 1 sessions for read:user,repo,user:email,workflow...
2025-12-31 12:38:38.265 [info] Getting sessions for all scopes...
2025-12-31 12:38:38.265 [info] Got 5 sessions for ...
2025-12-31 12:38:38.266 [info] Getting sessions for all scopes...
2025-12-31 12:38:38.266 [info] Got 5 sessions for ...
2025-12-31 12:38:38.459 [info] Getting sessions for read:user,repo,user:email,workflow...
2025-12-31 12:38:38.459 [info] Got 1 sessions for read:user,repo,user:email,workflow...
2025-12-31 12:38:38.703 [info] Getting sessions for all scopes...
2025-12-31 12:38:38.704 [info] Got 5 sessions for ...
2025-12-31 12:38:38.705 [info] Getting sessions for all scopes...
2025-12-31 12:38:38.705 [info] Got 5 sessions for ...
2025-12-31 12:38:38.888 [info] Getting sessions for read:user,repo,user:email,workflow...
2025-12-31 12:38:38.888 [info] Got 1 sessions for read:user,repo,user:email,workflow...
2025-12-31 12:38:40.306 [info] Getting sessions for all scopes...
2025-12-31 12:38:40.306 [info] Got 5 sessions for ...
2025-12-31 12:38:40.307 [info] Getting sessions for all scopes...
2025-12-31 12:38:40.307 [info] Got 5 sessions for ...
2025-12-31 12:38:40.398 [info] Getting sessions for read:user,repo,user:email,workflow...
2025-12-31 12:38:40.399 [info] Got 1 sessions for read:user,repo,user:email,workflow...
2025-12-31 12:38:41.416 [info] Getting sessions for all scopes...
2025-12-31 12:38:41.417 [info] Got 5 sessions for ...
2025-12-31 12:38:41.510 [info] Getting sessions for read:user,repo,user:email,workflow...
2025-12-31 12:38:41.510 [info] Got 1 sessions for read:user,repo,user:email,workflow...
2025-12-31 12:38:56.741 [info] Getting sessions for all scopes...
2025-12-31 12:38:56.743 [info] Got 5 sessions for ...
2025-12-31 12:38:57.716 [info] Getting sessions for read:user,repo,user:email,workflow...
2025-12-31 12:38:57.716 [info] Got 1 sessions for read:user,repo,user:email,workflow...
2025-12-31 14:39:41.214 [info] Getting sessions for all scopes...
2025-12-31 14:39:41.215 [info] Got 5 sessions for ...
2025-12-31 14:39:41.509 [info] Getting sessions for read:user,repo,user:email,workflow...
2025-12-31 14:39:41.509 [info] Got 1 sessions for read:user,repo,user:email,workflow...
2025-12-31 14:39:41.881 [info] Getting sessions for all scopes...
2025-12-31 14:39:41.882 [info] Got 5 sessions for ...
2025-12-31 14:39:41.883 [info] Getting sessions for all scopes...
2025-12-31 14:39:41.883 [info] Got 5 sessions for ...
2025-12-31 14:39:42.319 [info] Getting sessions for read:user,repo,user:email,workflow...
2025-12-31 14:39:42.319 [info] Got 1 sessions for read:user,repo,user:email,workflow...
2025-12-31 14:39:42.762 [info] Getting sessions for all scopes...
2025-12-31 14:39:42.762 [info] Got 5 sessions for ...
2025-12-31 14:39:42.766 [info] Getting sessions for all scopes...
2025-12-31 14:39:42.766 [info] Got 5 sessions for ...
2025-12-31 14:39:42.790 [info] Getting sessions for read:user,repo,user:email,workflow...
2025-12-31 14:39:42.790 [info] Got 1 sessions for read:user,repo,user:email,workflow...
2025-12-31 14:39:43.832 [info] Getting sessions for all scopes...
2025-12-31 14:39:43.832 [info] Got 5 sessions for ...
2025-12-31 14:39:43.832 [info] Getting sessions for all scopes...
2025-12-31 14:39:43.832 [info] Got 5 sessions for ...
2025-12-31 14:39:43.845 [info] Getting sessions for read:user,repo,user:email,workflow...
2025-12-31 14:39:43.845 [info] Got 1 sessions for read:user,repo,user:email,workflow...
2025-12-31 14:39:44.920 [info] Getting sessions for all scopes...
2025-12-31 14:39:44.920 [info] Got 5 sessions for ...
2025-12-31 14:39:45.166 [info] Getting sessions for read:user,repo,user:email,workflow...
2025-12-31 14:39:45.166 [info] Got 1 sessions for read:user,repo,user:email,workflow...
2025-12-31 14:39:45.851 [info] Getting sessions for all scopes...
2025-12-31 14:39:45.851 [info] Got 5 sessions for ...
2025-12-31 14:39:46.655 [info] Getting sessions for read:user,repo,user:email,workflow...
2025-12-31 14:39:46.656 [info] Got 1 sessions for read:user,repo,user:email,workflow...
2025-12-31 15:34:45.863 [info] Getting sessions for all scopes...
2025-12-31 15:34:45.866 [info] Got 5 sessions for ...
2025-12-31 15:34:45.901 [info] Getting sessions for read:user,repo,user:email,workflow...
2025-12-31 15:34:45.907 [info] Got 1 sessions for read:user,repo,user:email,workflow...
2025-12-31 15:34:46.520 [info] Getting sessions for all scopes...
2025-12-31 15:34:46.520 [info] Got 5 sessions for ...
2025-12-31 15:34:46.521 [info] Getting sessions for all scopes...
2025-12-31 15:34:46.521 [info] Got 5 sessions for ...
2025-12-31 15:34:46.583 [info] Getting sessions for read:user,repo,user:email,workflow...
2025-12-31 15:34:46.583 [info] Got 1 sessions for read:user,repo,user:email,workflow...
2025-12-31 15:34:46.740 [info] Getting sessions for all scopes...
2025-12-31 15:34:46.740 [info] Got 5 sessions for ...
2025-12-31 15:34:46.749 [info] Getting sessions for read:user,repo,user:email,workflow...
2025-12-31 15:34:46.749 [info] Got 1 sessions for read:user,repo,user:email,workflow...
2025-12-31 15:34:47.406 [info] Getting sessions for all scopes...
2025-12-31 15:34:47.406 [info] Got 5 sessions for ...
2025-12-31 15:34:47.409 [info] Getting sessions for read:user,repo,user:email,workflow...
2025-12-31 15:34:47.409 [info] Got 1 sessions for read:user,repo,user:email,workflow...
2025-12-31 16:04:52.755 [info] Getting sessions for all scopes...
2025-12-31 16:04:52.758 [info] Got 5 sessions for ...
2025-12-31 16:04:52.759 [info] Getting sessions for all scopes...
2025-12-31 16:04:52.759 [info] Got 5 sessions for ...
2025-12-31 16:04:52.812 [info] Getting sessions for read:user,repo,user:email,workflow...
2025-12-31 16:04:52.812 [info] Got 1 sessions for read:user,repo,user:email,workflow...
2025-12-31 16:04:54.040 [info] Getting sessions for all scopes...
2025-12-31 16:04:54.040 [info] Got 5 sessions for ...
2025-12-31 16:04:54.043 [info] Getting sessions for all scopes...
2025-12-31 16:04:54.043 [info] Got 5 sessions for ...
2025-12-31 16:04:54.045 [info] Getting sessions for all scopes...
2025-12-31 16:04:54.045 [info] Got 5 sessions for ...
2025-12-31 16:04:54.063 [info] Getting sessions for read:user,repo,user:email,workflow...
2025-12-31 16:04:54.074 [info] Got 1 sessions for read:user,repo,user:email,workflow...
2025-12-31 16:04:55.048 [info] Getting sessions for all scopes...
2025-12-31 16:04:55.048 [info] Got 5 sessions for ...
2025-12-31 16:04:55.049 [info] Getting sessions for all scopes...
2025-12-31 16:04:55.049 [info] Got 5 sessions for ...
2025-12-31 16:04:55.054 [info] Getting sessions for read:user,repo,user:email,workflow...
2025-12-31 16:04:55.054 [info] Got 1 sessions for read:user,repo,user:email,workflow...
2025-12-31 16:04:55.085 [info] Getting sessions for all scopes...
2025-12-31 16:04:55.085 [info] Got 5 sessions for ...
2025-12-31 16:04:55.086 [info] Getting sessions for read:user,repo,user:email,workflow...
2025-12-31 16:04:55.086 [info] Got 1 sessions for read:user,repo,user:email,workflow...
2025-12-31 16:04:56.413 [info] Getting sessions for all scopes...
2025-12-31 16:04:56.413 [info] Got 5 sessions for ...
2025-12-31 16:04:56.428 [info] Getting sessions for read:user,repo,user:email,workflow...
2025-12-31 16:04:56.428 [info] Got 1 sessions for read:user,repo,user:email,workflow...
2025-12-31 17:00:08.480 [info] Getting sessions for all scopes...
2025-12-31 17:00:08.481 [info] Got 5 sessions for ...
2025-12-31 17:00:08.663 [info] Getting sessions for read:user,repo,user:email,workflow...
2025-12-31 17:00:08.664 [info] Got 1 sessions for read:user,repo,user:email,workflow...
2025-12-31 17:00:09.211 [info] Getting sessions for all scopes...
2025-12-31 17:00:09.211 [info] Got 5 sessions for ...
2025-12-31 17:00:09.212 [info] Getting sessions for all scopes...
2025-12-31 17:00:09.212 [info] Got 5 sessions for ...
2025-12-31 17:00:09.229 [info] Getting sessions for read:user,repo,user:email,workflow...
2025-12-31 17:00:09.229 [info] Got 1 sessions for read:user,repo,user:email,workflow...
2025-12-31 17:00:09.945 [info] Getting sessions for all scopes...
2025-12-31 17:00:09.945 [info] Got 5 sessions for ...
2025-12-31 17:00:09.946 [info] Getting sessions for all scopes...
2025-12-31 17:00:09.946 [info] Got 5 sessions for ...
2025-12-31 17:00:09.958 [info] Getting sessions for read:user,repo,user:email,workflow...
2025-12-31 17:00:09.958 [info] Got 1 sessions for read:user,repo,user:email,workflow...
2025-12-31 17:00:12.732 [info] Getting sessions for all scopes...
2025-12-31 17:00:12.745 [info] Got 5 sessions for ...
2025-12-31 17:00:12.816 [info] Getting sessions for read:user,repo,user:email,workflow...
2025-12-31 17:00:12.816 [info] Got 1 sessions for read:user,repo,user:email,workflow...
2025-12-31 17:00:13.641 [info] Getting sessions for all scopes...
2025-12-31 17:00:13.641 [info] Got 5 sessions for ...
2025-12-31 17:00:13.645 [info] Getting sessions for read:user,repo,user:email,workflow...
2025-12-31 17:00:13.645 [info] Got 1 sessions for read:user,repo,user:email,workflow...
2025-12-31 17:55:10.251 [info] Getting sessions for all scopes...
2025-12-31 17:55:10.253 [info] Got 5 sessions for ...
2025-12-31 17:55:10.282 [info] Getting sessions for read:user,repo,user:email,workflow...
2025-12-31 17:55:10.283 [info] Got 1 sessions for read:user,repo,user:email,workflow...
2025-12-31 17:55:11.096 [info] Getting sessions for all scopes...
2025-12-31 17:55:11.096 [info] Got 5 sessions for ...
2025-12-31 17:55:11.096 [info] Getting sessions for all scopes...
2025-12-31 17:55:11.096 [info] Got 5 sessions for ...
2025-12-31 17:55:11.133 [info] Getting sessions for read:user,repo,user:email,workflow...
2025-12-31 17:55:11.133 [info] Got 1 sessions for read:user,repo,user:email,workflow...
2025-12-31 17:55:12.017 [info] Getting sessions for all scopes...
2025-12-31 17:55:12.017 [info] Got 5 sessions for ...
2025-12-31 17:55:12.018 [info] Getting sessions for all scopes...
2025-12-31 17:55:12.018 [info] Got 5 sessions for ...
2025-12-31 17:55:12.038 [info] Getting sessions for read:user,repo,user:email,workflow...
2025-12-31 17:55:12.044 [info] Got 1 sessions for read:user,repo,user:email,workflow...
2025-12-31 17:55:12.734 [info] Getting sessions for all scopes...
2025-12-31 17:55:12.734 [info] Got 5 sessions for ...
2025-12-31 17:55:12.742 [info] Getting sessions for read:user,repo,user:email,workflow...
2025-12-31 17:55:12.742 [info] Got 1 sessions for read:user,repo,user:email,workflow...
2025-12-31 17:55:12.933 [info] Getting sessions for all scopes...
2025-12-31 17:55:12.933 [info] Got 5 sessions for ...
2025-12-31 17:55:12.933 [info] Getting sessions for all scopes...
2025-12-31 17:55:12.933 [info] Got 5 sessions for ...
2025-12-31 17:55:12.937 [info] Getting sessions for read:user,repo,user:email,workflow...
2025-12-31 17:55:12.937 [info] Got 1 sessions for read:user,repo,user:email,workflow...
2025-12-31 18:50:11.998 [info] Getting sessions for all scopes...
2025-12-31 18:50:12.002 [info] Got 5 sessions for ...
2025-12-31 18:50:12.056 [info] Getting sessions for read:user,repo,user:email,workflow...
2025-12-31 18:50:12.058 [info] Got 1 sessions for read:user,repo,user:email,workflow...
2025-12-31 18:50:12.936 [info] Getting sessions for all scopes...
2025-12-31 18:50:12.936 [info] Got 5 sessions for ...
2025-12-31 18:50:12.936 [info] Getting sessions for all scopes...
2025-12-31 18:50:12.936 [info] Got 5 sessions for ...
2025-12-31 18:50:13.001 [info] Getting sessions for read:user,repo,user:email,workflow...
2025-12-31 18:50:13.001 [info] Got 1 sessions for read:user,repo,user:email,workflow...
2025-12-31 18:50:14.027 [info] Getting sessions for all scopes...
2025-12-31 18:50:14.027 [info] Got 5 sessions for ...
2025-12-31 18:50:14.027 [info] Getting sessions for all scopes...
2025-12-31 18:50:14.027 [info] Got 5 sessions for ...
2025-12-31 18:50:14.044 [info] Getting sessions for read:user,repo,user:email,workflow...
2025-12-31 18:50:14.044 [info] Got 1 sessions for read:user,repo,user:email,workflow...
2025-12-31 18:50:14.690 [info] Getting sessions for all scopes...
2025-12-31 18:50:14.690 [info] Got 5 sessions for ...
2025-12-31 18:50:14.694 [info] Getting sessions for read:user,repo,user:email,workflow...
2025-12-31 18:50:14.694 [info] Got 1 sessions for read:user,repo,user:email,workflow...
2025-12-31 19:45:14.512 [info] Getting sessions for all scopes...
2025-12-31 19:45:14.518 [info] Got 5 sessions for ...
2025-12-31 19:45:14.588 [info] Getting sessions for read:user,repo,user:email,workflow...
2025-12-31 19:45:14.593 [info] Got 1 sessions for read:user,repo,user:email,workflow...
2025-12-31 19:45:15.500 [info] Getting sessions for all scopes...
2025-12-31 19:45:15.500 [info] Got 5 sessions for ...
2025-12-31 19:45:15.500 [info] Getting sessions for all scopes...
2025-12-31 19:45:15.500 [info] Got 5 sessions for ...
2025-12-31 19:45:15.618 [info] Getting sessions for read:user,repo,user:email,workflow...
2025-12-31 19:45:15.618 [info] Got 1 sessions for read:user,repo,user:email,workflow...
2025-12-31 19:45:16.553 [info] Getting sessions for all scopes...
2025-12-31 19:45:16.553 [info] Got 5 sessions for ...
2025-12-31 19:45:16.560 [info] Getting sessions for all scopes...
2025-12-31 19:45:16.560 [info] Got 5 sessions for ...
2025-12-31 19:45:16.567 [info] Getting sessions for read:user,repo,user:email,workflow...
2025-12-31 19:45:16.567 [info] Got 1 sessions for read:user,repo,user:email,workflow...
2025-12-31 19:45:17.406 [info] Getting sessions for all scopes...
2025-12-31 19:45:17.406 [info] Got 5 sessions for ...
2025-12-31 19:45:17.410 [info] Getting sessions for read:user,repo,user:email,workflow...
2025-12-31 19:45:17.410 [info] Got 1 sessions for read:user,repo,user:email,workflow...
2025-12-31 19:45:17.960 [info] Getting sessions for all scopes...
2025-12-31 19:45:17.960 [info] Got 5 sessions for ...
2025-12-31 19:45:17.972 [info] Getting sessions for all scopes...
2025-12-31 19:45:17.972 [info] Got 5 sessions for ...
2025-12-31 19:45:17.988 [info] Getting sessions for read:user,repo,user:email,workflow...
2025-12-31 19:45:17.988 [info] Got 1 sessions for read:user,repo,user:email,workflow...
2025-12-31 20:40:16.237 [info] Getting sessions for all scopes...
2025-12-31 20:40:16.239 [info] Got 5 sessions for ...
2025-12-31 20:40:16.321 [info] Getting sessions for read:user,repo,user:email,workflow...
2025-12-31 20:40:16.321 [info] Got 1 sessions for read:user,repo,user:email,workflow...
2025-12-31 20:40:17.083 [info] Getting sessions for all scopes...
2025-12-31 20:40:17.083 [info] Got 5 sessions for ...
2025-12-31 20:40:17.084 [info] Getting sessions for all scopes...
2025-12-31 20:40:17.084 [info] Got 5 sessions for ...
2025-12-31 20:40:17.178 [info] Getting sessions for read:user,repo,user:email,workflow...
2025-12-31 20:40:17.178 [info] Got 1 sessions for read:user,repo,user:email,workflow...
2025-12-31 20:40:18.048 [info] Getting sessions for all scopes...
2025-12-31 20:40:18.048 [info] Got 5 sessions for ...
2025-12-31 20:40:18.048 [info] Getting sessions for all scopes...
2025-12-31 20:40:18.048 [info] Got 5 sessions for ...
2025-12-31 20:40:18.069 [info] Getting sessions for read:user,repo,user:email,workflow...
2025-12-31 20:40:18.069 [info] Got 1 sessions for read:user,repo,user:email,workflow...
2025-12-31 20:42:11.971 [info] Getting sessions for all scopes...
2025-12-31 20:42:11.973 [info] Got 5 sessions for ...
2025-12-31 20:42:11.980 [info] Getting sessions for read:user,repo,user:email,workflow...
2025-12-31 20:42:11.980 [info] Got 1 sessions for read:user,repo,user:email,workflow...
2025-12-31 20:42:18.576 [info] Getting sessions for all scopes...
2025-12-31 20:42:18.576 [info] Got 5 sessions for ...
2025-12-31 20:42:18.620 [info] Getting sessions for read:user,repo,user:email,workflow...
2025-12-31 20:42:18.620 [info] Got 1 sessions for read:user,repo,user:email,workflow...
2025-12-31 22:54:26.201 [info] Getting sessions for all scopes...
2025-12-31 22:54:26.204 [info] Got 5 sessions for ...
2025-12-31 22:54:39.285 [info] Getting sessions for read:user,repo,user:email,workflow...
2025-12-31 22:54:39.286 [info] Got 1 sessions for read:user,repo,user:email,workflow...
2025-12-31 22:54:44.940 [info] Getting sessions for all scopes...
2025-12-31 22:54:44.940 [info] Got 5 sessions for ...
2025-12-31 22:54:44.944 [info] Getting sessions for all scopes...
2025-12-31 22:54:44.944 [info] Got 5 sessions for ...
2025-12-31 22:54:45.933 [info] Getting sessions for read:user,repo,user:email,workflow...
2025-12-31 22:54:45.950 [info] Got 1 sessions for read:user,repo,user:email,workflow...
2026-01-01 00:11:07.499 [info] Getting sessions for all scopes...
2026-01-01 00:11:07.506 [info] Got 5 sessions for ...
2026-01-01 00:11:07.506 [info] Getting sessions for all scopes...
2026-01-01 00:11:07.506 [info] Got 5 sessions for ...
2026-01-01 00:11:07.506 [info] Getting sessions for all scopes...
2026-01-01 00:11:07.506 [info] Got 5 sessions for ...
2026-01-01 00:11:07.517 [info] Getting sessions for read:user,repo,user:email,workflow...
2026-01-01 00:11:07.517 [info] Got 1 sessions for read:user,repo,user:email,workflow...
2026-01-01 00:11:08.169 [info] Getting sessions for all scopes...
2026-01-01 00:11:08.169 [info] Got 5 sessions for ...
2026-01-01 00:11:08.171 [info] Getting sessions for all scopes...
2026-01-01 00:11:08.171 [info] Got 5 sessions for ...
2026-01-01 00:11:15.713 [info] Getting sessions for read:user,repo,user:email,workflow...
2026-01-01 00:11:15.716 [info] Got 1 sessions for read:user,repo,user:email,workflow...
2026-01-01 00:11:23.267 [info] Getting sessions for all scopes...
2026-01-01 00:11:23.269 [info] Got 5 sessions for ...
2026-01-01 00:11:23.391 [info] Getting sessions for all scopes...
2026-01-01 00:11:23.391 [info] Got 5 sessions for ...
2026-01-01 00:11:25.061 [info] Getting sessions for read:user,repo,user:email,workflow...
2026-01-01 00:11:25.061 [info] Got 1 sessions for read:user,repo,user:email,workflow...
2026-01-01 00:11:29.019 [info] Getting sessions for all scopes...
2026-01-01 00:11:29.021 [info] Got 5 sessions for ...
2026-01-01 00:11:39.037 [info] Getting sessions for read:user,repo,user:email,workflow...
2026-01-01 00:11:39.048 [info] Got 1 sessions for read:user,repo,user:email,workflow...
2026-01-01 02:12:56.554 [info] Getting sessions for all scopes...
2026-01-01 02:12:56.555 [info] Got 5 sessions for ...
2026-01-01 02:12:57.175 [info] Getting sessions for read:user,repo,user:email,workflow...
2026-01-01 02:12:57.175 [info] Got 1 sessions for read:user,repo,user:email,workflow...
2026-01-01 02:12:58.024 [info] Getting sessions for all scopes...
2026-01-01 02:12:58.024 [info] Got 5 sessions for ...
2026-01-01 02:12:58.026 [info] Getting sessions for all scopes...
2026-01-01 02:12:58.026 [info] Got 5 sessions for ...
2026-01-01 02:12:58.241 [info] Getting sessions for read:user,repo,user:email,workflow...
2026-01-01 02:12:58.241 [info] Got 1 sessions for read:user,repo,user:email,workflow...
2026-01-01 02:12:58.476 [info] Getting sessions for all scopes...
2026-01-01 02:12:58.476 [info] Got 5 sessions for ...
2026-01-01 02:12:58.699 [info] Getting sessions for all scopes...
2026-01-01 02:12:58.699 [info] Got 5 sessions for ...
2026-01-01 02:12:58.874 [info] Getting sessions for read:user,repo,user:email,workflow...
2026-01-01 02:12:58.874 [info] Got 1 sessions for read:user,repo,user:email,workflow...
2026-01-01 02:12:59.388 [info] Getting sessions for all scopes...
2026-01-01 02:12:59.388 [info] Got 5 sessions for ...
2026-01-01 02:12:59.400 [info] Getting sessions for all scopes...
2026-01-01 02:12:59.400 [info] Got 5 sessions for ...
2026-01-01 02:12:59.722 [info] Getting sessions for read:user,repo,user:email,workflow...
2026-01-01 02:12:59.722 [info] Got 1 sessions for read:user,repo,user:email,workflow...
2026-01-01 02:13:02.326 [info] Getting sessions for all scopes...
2026-01-01 02:13:02.328 [info] Got 5 sessions for ...
2026-01-01 02:13:02.491 [info] Getting sessions for read:user,repo,user:email,workflow...
2026-01-01 02:13:02.491 [info] Got 1 sessions for read:user,repo,user:email,workflow...
2026-01-01 02:13:05.638 [info] Getting sessions for all scopes...
2026-01-01 02:13:05.646 [info] Got 5 sessions for ...
2026-01-01 02:13:06.501 [info] Getting sessions for read:user,repo,user:email,workflow...
2026-01-01 02:13:06.504 [info] Got 1 sessions for read:user,repo,user:email,workflow...
2026-01-01 03:14:09.414 [info] Getting sessions for all scopes...
2026-01-01 03:14:09.423 [info] Got 5 sessions for ...
2026-01-01 03:14:10.025 [info] Getting sessions for read:user,repo,user:email,workflow...
2026-01-01 03:14:10.025 [info] Got 1 sessions for read:user,repo,user:email,workflow...
2026-01-01 03:14:10.931 [info] Getting sessions for all scopes...
2026-01-01 03:14:10.931 [info] Got 5 sessions for ...
2026-01-01 03:14:10.988 [info] Getting sessions for all scopes...
2026-01-01 03:14:10.989 [info] Got 5 sessions for ...
2026-01-01 03:14:11.510 [info] Getting sessions for read:user,repo,user:email,workflow...
2026-01-01 03:14:11.510 [info] Got 1 sessions for read:user,repo,user:email,workflow...
2026-01-01 03:14:12.773 [info] Getting sessions for all scopes...
2026-01-01 03:14:12.773 [info] Got 5 sessions for ...
2026-01-01 03:14:12.774 [info] Getting sessions for all scopes...
2026-01-01 03:14:12.774 [info] Got 5 sessions for ...
2026-01-01 03:14:12.837 [info] Getting sessions for read:user,repo,user:email,workflow...
2026-01-01 03:14:12.837 [info] Got 1 sessions for read:user,repo,user:email,workflow...
2026-01-01 03:14:15.248 [info] Getting sessions for all scopes...
2026-01-01 03:14:15.248 [info] Got 5 sessions for ...
2026-01-01 03:14:15.616 [info] Getting sessions for read:user,repo,user:email,workflow...
2026-01-01 03:14:15.616 [info] Got 1 sessions for read:user,repo,user:email,workflow...
2026-01-01 04:15:24.694 [info] Getting sessions for all scopes...
2026-01-01 04:15:24.695 [info] Got 5 sessions for ...
2026-01-01 04:15:24.733 [info] Getting sessions for read:user,repo,user:email,workflow...
2026-01-01 04:15:24.733 [info] Got 1 sessions for read:user,repo,user:email,workflow...
2026-01-01 04:15:26.084 [info] Getting sessions for all scopes...
2026-01-01 04:15:26.085 [info] Got 5 sessions for ...
2026-01-01 04:15:26.085 [info] Getting sessions for all scopes...
2026-01-01 04:15:26.085 [info] Got 5 sessions for ...
2026-01-01 04:15:26.444 [info] Getting sessions for read:user,repo,user:email,workflow...
2026-01-01 04:15:26.444 [info] Got 1 sessions for read:user,repo,user:email,workflow...
2026-01-01 04:15:27.009 [info] Getting sessions for all scopes...
2026-01-01 04:15:27.009 [info] Got 5 sessions for ...
2026-01-01 04:15:27.009 [info] Getting sessions for all scopes...
2026-01-01 04:15:27.009 [info] Got 5 sessions for ...
2026-01-01 04:15:27.025 [info] Getting sessions for read:user,repo,user:email,workflow...
2026-01-01 04:15:27.025 [info] Got 1 sessions for read:user,repo,user:email,workflow...
2026-01-01 04:15:28.676 [info] Getting sessions for all scopes...
2026-01-01 04:15:28.676 [info] Got 5 sessions for ...
2026-01-01 04:15:28.680 [info] Getting sessions for all scopes...
2026-01-01 04:15:28.680 [info] Got 5 sessions for ...
2026-01-01 04:15:28.888 [info] Getting sessions for read:user,repo,user:email,workflow...
2026-01-01 04:15:28.888 [info] Got 1 sessions for read:user,repo,user:email,workflow...
2026-01-01 04:15:30.273 [info] Getting sessions for all scopes...
2026-01-01 04:15:30.275 [info] Got 5 sessions for ...
2026-01-01 04:15:31.540 [info] Getting sessions for read:user,repo,user:email,workflow...
2026-01-01 04:15:31.540 [info] Got 1 sessions for read:user,repo,user:email,workflow...
2026-01-01 04:15:32.657 [info] Getting sessions for all scopes...
2026-01-01 04:15:32.657 [info] Got 5 sessions for ...
2026-01-01 04:15:34.728 [info] Getting sessions for read:user,repo,user:email,workflow...
2026-01-01 04:15:34.728 [info] Got 1 sessions for read:user,repo,user:email,workflow...
2026-01-01 05:16:34.713 [info] Getting sessions for all scopes...
2026-01-01 05:16:34.715 [info] Got 5 sessions for ...
2026-01-01 05:16:35.728 [info] Getting sessions for read:user,repo,user:email,workflow...
2026-01-01 05:16:35.728 [info] Got 1 sessions for read:user,repo,user:email,workflow...
2026-01-01 05:16:36.781 [info] Getting sessions for all scopes...
2026-01-01 05:16:36.781 [info] Got 5 sessions for ...
2026-01-01 05:16:36.782 [info] Getting sessions for all scopes...
2026-01-01 05:16:36.783 [info] Got 5 sessions for ...
2026-01-01 05:16:37.163 [info] Getting sessions for read:user,repo,user:email,workflow...
2026-01-01 05:16:37.165 [info] Got 1 sessions for read:user,repo,user:email,workflow...
2026-01-01 05:16:37.730 [info] Getting sessions for all scopes...
2026-01-01 05:16:37.730 [info] Got 5 sessions for ...
2026-01-01 05:16:37.738 [info] Getting sessions for all scopes...
2026-01-01 05:16:37.738 [info] Got 5 sessions for ...
2026-01-01 05:16:37.889 [info] Getting sessions for read:user,repo,user:email,workflow...
2026-01-01 05:16:37.889 [info] Got 1 sessions for read:user,repo,user:email,workflow...
2026-01-01 05:16:38.439 [info] Getting sessions for all scopes...
2026-01-01 05:16:38.439 [info] Got 5 sessions for ...
2026-01-01 05:16:38.440 [info] Getting sessions for all scopes...
2026-01-01 05:16:38.440 [info] Got 5 sessions for ...
2026-01-01 05:16:39.024 [info] Getting sessions for read:user,repo,user:email,workflow...
2026-01-01 05:16:39.024 [info] Got 1 sessions for read:user,repo,user:email,workflow...
2026-01-01 05:16:42.114 [info] Getting sessions for all scopes...
2026-01-01 05:16:42.114 [info] Got 5 sessions for ...
2026-01-01 05:16:44.096 [info] Getting sessions for read:user,repo,user:email,workflow...
2026-01-01 05:16:44.096 [info] Got 1 sessions for read:user,repo,user:email,workflow...
2026-01-01 06:17:52.188 [info] Getting sessions for all scopes...
2026-01-01 06:17:52.189 [info] Got 5 sessions for ...
2026-01-01 06:17:52.220 [info] Getting sessions for read:user,repo,user:email,workflow...
2026-01-01 06:17:52.220 [info] Got 1 sessions for read:user,repo,user:email,workflow...
2026-01-01 06:17:52.764 [info] Getting sessions for all scopes...
2026-01-01 06:17:52.764 [info] Got 5 sessions for ...
2026-01-01 06:17:52.764 [info] Getting sessions for all scopes...
2026-01-01 06:17:52.764 [info] Got 5 sessions for ...
2026-01-01 06:17:52.972 [info] Getting sessions for read:user,repo,user:email,workflow...
2026-01-01 06:17:52.972 [info] Got 1 sessions for read:user,repo,user:email,workflow...
2026-01-01 06:17:54.256 [info] Getting sessions for all scopes...
2026-01-01 06:17:54.257 [info] Got 5 sessions for ...
2026-01-01 06:17:54.258 [info] Getting sessions for all scopes...
2026-01-01 06:17:54.258 [info] Got 5 sessions for ...
2026-01-01 06:17:54.456 [info] Getting sessions for read:user,repo,user:email,workflow...
2026-01-01 06:17:54.456 [info] Got 1 sessions for read:user,repo,user:email,workflow...
2026-01-01 06:17:55.672 [info] Getting sessions for all scopes...
2026-01-01 06:17:55.672 [info] Got 5 sessions for ...
2026-01-01 06:17:55.673 [info] Getting sessions for all scopes...
2026-01-01 06:17:55.673 [info] Got 5 sessions for ...
2026-01-01 06:17:55.683 [info] Getting sessions for read:user,repo,user:email,workflow...
2026-01-01 06:17:55.683 [info] Got 1 sessions for read:user,repo,user:email,workflow...
2026-01-01 06:17:59.567 [info] Getting sessions for all scopes...
2026-01-01 06:17:59.567 [info] Got 5 sessions for ...
2026-01-01 06:17:59.771 [info] Getting sessions for read:user,repo,user:email,workflow...
2026-01-01 06:17:59.771 [info] Got 1 sessions for read:user,repo,user:email,workflow...
2026-01-01 06:18:00.102 [info] Getting sessions for all scopes...
2026-01-01 06:18:00.103 [info] Got 5 sessions for ...
2026-01-01 06:18:00.270 [info] Getting sessions for read:user,repo,user:email,workflow...
2026-01-01 06:18:00.270 [info] Got 1 sessions for read:user,repo,user:email,workflow...
2026-01-01 10:04:53.659 [info] Getting sessions for all scopes...
2026-01-01 10:04:53.666 [info] Got 5 sessions for ...
2026-01-01 10:05:02.903 [info] Getting sessions for read:user,repo,user:email,workflow...
2026-01-01 10:05:02.903 [info] Got 1 sessions for read:user,repo,user:email,workflow...
2026-01-01 10:05:19.990 [info] Getting sessions for all scopes...
2026-01-01 10:05:19.993 [info] Got 5 sessions for ...
2026-01-01 10:05:20.020 [info] Getting sessions for all scopes...
2026-01-01 10:05:20.020 [info] Got 5 sessions for ...
2026-01-01 10:05:20.254 [info] Getting sessions for read:user,repo,user:email,workflow...
2026-01-01 10:05:20.254 [info] Got 1 sessions for read:user,repo,user:email,workflow...
2026-01-01 10:05:25.582 [info] Getting sessions for all scopes...
2026-01-01 10:05:25.583 [info] Got 5 sessions for ...
2026-01-01 10:05:26.743 [info] Getting sessions for read:user,repo,user:email,workflow...
2026-01-01 10:05:26.743 [info] Got 1 sessions for read:user,repo,user:email,workflow...
2026-01-01 10:05:43.598 [info] Getting sessions for all scopes...
2026-01-01 10:05:43.601 [info] Got 5 sessions for ...
2026-01-01 10:05:43.710 [info] Getting sessions for all scopes...
2026-01-01 10:05:43.710 [info] Got 5 sessions for ...
2026-01-01 10:05:57.132 [info] Getting sessions for read:user,repo,user:email,workflow...
2026-01-01 10:05:57.135 [info] Got 1 sessions for read:user,repo,user:email,workflow...
2026-01-01 10:05:57.961 [info] Getting sessions for all scopes...
2026-01-01 10:05:57.961 [info] Got 5 sessions for ...
2026-01-01 10:05:58.020 [info] Getting sessions for all scopes...
2026-01-01 10:05:58.020 [info] Got 5 sessions for ...
2026-01-01 10:05:58.949 [info] Getting sessions for read:user,repo,user:email,workflow...
2026-01-01 10:05:58.949 [info] Got 1 sessions for read:user,repo,user:email,workflow...
2026-01-01 10:09:40.171 [info] Getting sessions for all scopes...
2026-01-01 10:09:40.172 [info] Got 5 sessions for ...
2026-01-01 10:09:40.173 [info] Getting sessions for all scopes...
2026-01-01 10:09:40.173 [info] Got 5 sessions for ...
2026-01-01 10:09:40.555 [info] Getting sessions for read:user,repo,user:email,workflow...
2026-01-01 10:09:40.555 [info] Got 1 sessions for read:user,repo,user:email,workflow...
2026-01-01 10:09:42.620 [info] Getting sessions for all scopes...
2026-01-01 10:09:42.620 [info] Got 5 sessions for ...
2026-01-01 10:09:42.621 [info] Getting sessions for all scopes...
2026-01-01 10:09:42.621 [info] Got 5 sessions for ...
2026-01-01 10:09:42.621 [info] Getting sessions for all scopes...
2026-01-01 10:09:42.622 [info] Got 5 sessions for ...
2026-01-01 10:09:42.784 [info] Getting sessions for read:user,repo,user:email,workflow...
2026-01-01 10:09:42.784 [info] Got 1 sessions for read:user,repo,user:email,workflow...
2026-01-01 10:09:49.692 [info] Getting sessions for all scopes...
2026-01-01 10:09:49.694 [info] Got 5 sessions for ...
2026-01-01 10:09:49.694 [info] Getting sessions for all scopes...
2026-01-01 10:09:49.694 [info] Got 5 sessions for ...
2026-01-01 10:09:50.544 [info] Getting sessions for read:user,repo,user:email,workflow...
2026-01-01 10:09:50.544 [info] Got 1 sessions for read:user,repo,user:email,workflow...
2026-01-01 10:09:52.150 [info] Getting sessions for all scopes...
2026-01-01 10:09:52.150 [info] Got 5 sessions for ...
2026-01-01 10:09:52.674 [info] Getting sessions for read:user,repo,user:email,workflow...
2026-01-01 10:09:52.674 [info] Got 1 sessions for read:user,repo,user:email,workflow...
2026-01-01 10:14:16.524 [info] Getting sessions for all scopes...
2026-01-01 10:14:16.526 [info] Got 5 sessions for ...
2026-01-01 10:14:16.729 [info] Getting sessions for read:user,repo,user:email,workflow...
2026-01-01 10:14:16.731 [info] Got 1 sessions for read:user,repo,user:email,workflow...
2026-01-01 11:04:52.184 [info] Getting sessions for all scopes...
2026-01-01 11:04:52.187 [info] Got 5 sessions for ...
2026-01-01 11:04:52.630 [info] Getting sessions for read:user,repo,user:email,workflow...
2026-01-01 11:04:52.630 [info] Got 1 sessions for read:user,repo,user:email,workflow...
2026-01-01 11:04:53.696 [info] Getting sessions for all scopes...
2026-01-01 11:04:53.696 [info] Got 5 sessions for ...
2026-01-01 11:04:53.696 [info] Getting sessions for all scopes...
2026-01-01 11:04:53.696 [info] Got 5 sessions for ...
2026-01-01 11:04:53.785 [info] Getting sessions for read:user,repo,user:email,workflow...
2026-01-01 11:04:53.785 [info] Got 1 sessions for read:user,repo,user:email,workflow...
2026-01-01 11:04:55.792 [info] Getting sessions for all scopes...
2026-01-01 11:04:55.792 [info] Got 5 sessions for ...
2026-01-01 11:04:55.792 [info] Getting sessions for all scopes...
2026-01-01 11:04:55.792 [info] Got 5 sessions for ...
2026-01-01 11:04:55.922 [info] Getting sessions for read:user,repo,user:email,workflow...
2026-01-01 11:04:55.922 [info] Got 1 sessions for read:user,repo,user:email,workflow...
2026-01-01 11:17:53.555 [info] Getting sessions for all scopes...
2026-01-01 11:17:53.557 [info] Got 5 sessions for ...
2026-01-01 11:17:53.842 [info] Getting sessions for read:user,repo,user:email,workflow...
2026-01-01 11:17:53.843 [info] Got 1 sessions for read:user,repo,user:email,workflow...
2026-01-01 11:22:08.496 [info] Getting sessions for all scopes...
2026-01-01 11:22:08.500 [info] Got 5 sessions for ...
2026-01-01 11:22:08.591 [info] Getting sessions for read:user,repo,user:email,workflow...
2026-01-01 11:22:08.592 [info] Got 1 sessions for read:user,repo,user:email,workflow...
2026-01-01 12:41:50.810 [info] Getting sessions for all scopes...
2026-01-01 12:41:50.812 [info] Got 5 sessions for ...
2026-01-01 12:41:51.579 [info] Getting sessions for read:user,repo,user:email,workflow...
2026-01-01 12:41:51.579 [info] Got 1 sessions for read:user,repo,user:email,workflow...
2026-01-01 12:42:01.317 [info] Getting sessions for all scopes...
2026-01-01 12:42:01.317 [info] Got 5 sessions for ...
2026-01-01 12:42:04.271 [info] Getting sessions for all scopes...
2026-01-01 12:42:04.271 [info] Got 5 sessions for ...
2026-01-01 12:42:06.538 [info] Getting sessions for read:user,repo,user:email,workflow...
2026-01-01 12:42:06.538 [info] Got 1 sessions for read:user,repo,user:email,workflow...
2026-01-01 12:42:09.133 [info] Getting sessions for all scopes...
2026-01-01 12:42:09.135 [info] Got 5 sessions for ...
2026-01-01 12:42:09.136 [info] Getting sessions for all scopes...
2026-01-01 12:42:09.136 [info] Got 5 sessions for ...
2026-01-01 12:42:09.151 [info] Getting sessions for read:user,repo,user:email,workflow...
2026-01-01 12:42:09.151 [info] Got 1 sessions for read:user,repo,user:email,workflow...
2026-01-01 12:42:10.996 [info] Getting sessions for all scopes...
2026-01-01 12:42:10.996 [info] Got 5 sessions for ...
2026-01-01 12:42:10.996 [info] Getting sessions for all scopes...
2026-01-01 12:42:10.996 [info] Got 5 sessions for ...
2026-01-01 12:42:11.670 [info] Getting sessions for read:user,repo,user:email,workflow...
2026-01-01 12:42:11.670 [info] Got 1 sessions for read:user,repo,user:email,workflow...
2026-01-01 12:42:12.354 [info] Getting sessions for all scopes...
2026-01-01 12:42:12.355 [info] Got 5 sessions for ...
2026-01-01 12:42:13.051 [info] Getting sessions for read:user,repo,user:email,workflow...
2026-01-01 12:42:13.051 [info] Got 1 sessions for read:user,repo,user:email,workflow...
2026-01-01 12:42:13.661 [info] Getting sessions for all scopes...
2026-01-01 12:42:13.661 [info] Got 5 sessions for ...
2026-01-01 12:42:14.517 [info] Getting sessions for read:user,repo,user:email,workflow...
2026-01-01 12:42:14.518 [info] Got 1 sessions for read:user,repo,user:email,workflow...
2026-01-01 13:37:12.448 [info] Getting sessions for all scopes...
2026-01-01 13:37:12.452 [info] Got 5 sessions for ...
2026-01-01 13:37:13.691 [info] Getting sessions for read:user,repo,user:email,workflow...
2026-01-01 13:37:13.701 [info] Got 1 sessions for read:user,repo,user:email,workflow...
2026-01-01 13:37:15.252 [info] Getting sessions for all scopes...
2026-01-01 13:37:15.252 [info] Got 5 sessions for ...
2026-01-01 13:37:15.253 [info] Getting sessions for all scopes...
2026-01-01 13:37:15.253 [info] Got 5 sessions for ...
2026-01-01 13:37:15.909 [info] Getting sessions for read:user,repo,user:email,workflow...
2026-01-01 13:37:15.909 [info] Got 1 sessions for read:user,repo,user:email,workflow...
2026-01-01 13:37:17.982 [info] Getting sessions for all scopes...
2026-01-01 13:37:17.983 [info] Got 5 sessions for ...
2026-01-01 13:37:17.983 [info] Getting sessions for all scopes...
2026-01-01 13:37:17.983 [info] Got 5 sessions for ...
2026-01-01 13:37:18.399 [info] Getting sessions for read:user,repo,user:email,workflow...
2026-01-01 13:37:18.399 [info] Got 1 sessions for read:user,repo,user:email,workflow...
2026-01-01 13:37:40.449 [info] Getting sessions for all scopes...
2026-01-01 13:37:40.450 [info] Got 5 sessions for ...
2026-01-01 13:37:40.496 [info] Getting sessions for read:user,repo,user:email,workflow...
2026-01-01 13:37:40.497 [info] Got 1 sessions for read:user,repo,user:email,workflow...
2026-01-01 13:37:56.596 [info] Getting sessions for all scopes...
2026-01-01 13:37:56.597 [info] Got 5 sessions for ...
2026-01-01 13:37:56.703 [info] Getting sessions for read:user,repo,user:email,workflow...
2026-01-01 13:37:56.703 [info] Got 1 sessions for read:user,repo,user:email,workflow...
2026-01-01 14:47:22.982 [info] Getting sessions for all scopes...
2026-01-01 14:47:22.997 [info] Got 5 sessions for ...
2026-01-01 14:47:25.811 [info] Getting sessions for read:user,repo,user:email,workflow...
2026-01-01 14:47:25.812 [info] Got 1 sessions for read:user,repo,user:email,workflow...
2026-01-01 14:47:29.150 [info] Getting sessions for all scopes...
2026-01-01 14:47:29.153 [info] Got 5 sessions for ...
2026-01-01 14:47:29.154 [info] Getting sessions for all scopes...
2026-01-01 14:47:29.154 [info] Got 5 sessions for ...
2026-01-01 14:47:30.740 [info] Getting sessions for read:user,repo,user:email,workflow...
2026-01-01 14:47:30.742 [info] Got 1 sessions for read:user,repo,user:email,workflow...
2026-01-01 14:47:31.129 [info] Getting sessions for all scopes...
2026-01-01 14:47:31.129 [info] Got 5 sessions for ...
2026-01-01 14:47:31.130 [info] Getting sessions for all scopes...
2026-01-01 14:47:31.131 [info] Got 5 sessions for ...
2026-01-01 14:47:31.420 [info] Getting sessions for read:user,repo,user:email,workflow...
2026-01-01 14:47:31.420 [info] Got 1 sessions for read:user,repo,user:email,workflow...
2026-01-01 14:47:31.900 [info] Getting sessions for all scopes...
2026-01-01 14:47:31.900 [info] Got 5 sessions for ...
2026-01-01 14:47:37.599 [info] Getting sessions for read:user,repo,user:email,workflow...
2026-01-01 14:47:37.604 [info] Got 1 sessions for read:user,repo,user:email,workflow...
2026-01-01 14:52:31.481 [info] Getting sessions for all scopes...
2026-01-01 14:52:31.488 [info] Got 5 sessions for ...
2026-01-01 14:52:32.435 [info] Getting sessions for read:user,repo,user:email,workflow...
2026-01-01 14:52:32.436 [info] Got 1 sessions for read:user,repo,user:email,workflow...
2026-01-01 15:42:32.089 [info] Getting sessions for all scopes...
2026-01-01 15:42:32.113 [info] Got 5 sessions for ...
2026-01-01 15:42:32.160 [info] Getting sessions for read:user,repo,user:email,workflow...
2026-01-01 15:42:32.160 [info] Got 1 sessions for read:user,repo,user:email,workflow...
2026-01-01 15:42:33.015 [info] Getting sessions for all scopes...
2026-01-01 15:42:33.016 [info] Got 5 sessions for ...
2026-01-01 15:42:33.032 [info] Getting sessions for all scopes...
2026-01-01 15:42:33.032 [info] Got 5 sessions for ...
2026-01-01 15:42:33.119 [info] Getting sessions for read:user,repo,user:email,workflow...
2026-01-01 15:42:33.120 [info] Got 1 sessions for read:user,repo,user:email,workflow...
2026-01-01 15:42:33.233 [info] Getting sessions for all scopes...
2026-01-01 15:42:33.248 [info] Got 5 sessions for ...
2026-01-01 15:42:33.264 [info] Getting sessions for read:user,repo,user:email,workflow...
2026-01-01 15:42:33.282 [info] Got 1 sessions for read:user,repo,user:email,workflow...
2026-01-01 15:42:34.710 [info] Getting sessions for all scopes...
2026-01-01 15:42:34.710 [info] Got 5 sessions for ...
2026-01-01 15:42:34.713 [info] Getting sessions for read:user,repo,user:email,workflow...
2026-01-01 15:42:34.713 [info] Got 1 sessions for read:user,repo,user:email,workflow...
2026-01-01 15:42:35.724 [info] Getting sessions for all scopes...
2026-01-01 15:42:35.724 [info] Got 5 sessions for ...
2026-01-01 15:42:35.728 [info] Getting sessions for read:user,repo,user:email,workflow...
2026-01-01 15:42:35.728 [info] Got 1 sessions for read:user,repo,user:email,workflow...
2026-01-01 16:37:41.819 [info] Getting sessions for all scopes...
2026-01-01 16:37:41.825 [info] Got 5 sessions for ...
2026-01-01 16:37:42.559 [info] Getting sessions for read:user,repo,user:email,workflow...
2026-01-01 16:37:42.564 [info] Got 1 sessions for read:user,repo,user:email,workflow...
2026-01-01 16:37:43.656 [info] Getting sessions for all scopes...
2026-01-01 16:37:43.656 [info] Got 5 sessions for ...
2026-01-01 16:37:43.657 [info] Getting sessions for all scopes...
2026-01-01 16:37:43.657 [info] Got 5 sessions for ...
2026-01-01 16:37:43.731 [info] Getting sessions for read:user,repo,user:email,workflow...
2026-01-01 16:37:43.731 [info] Got 1 sessions for read:user,repo,user:email,workflow...
2026-01-01 16:37:44.025 [info] Getting sessions for all scopes...
2026-01-01 16:37:44.025 [info] Got 5 sessions for ...
2026-01-01 16:37:44.111 [info] Getting sessions for read:user,repo,user:email,workflow...
2026-01-01 16:37:44.111 [info] Got 1 sessions for read:user,repo,user:email,workflow...
2026-01-01 16:58:39.410 [info] Getting sessions for all scopes...
2026-01-01 16:58:39.415 [info] Got 5 sessions for ...
2026-01-01 16:58:39.497 [info] Getting sessions for read:user,repo,user:email,workflow...
2026-01-01 16:58:39.501 [info] Got 1 sessions for read:user,repo,user:email,workflow...
2026-01-01 16:58:43.144 [info] Getting sessions for all scopes...
2026-01-01 16:58:43.144 [info] Got 5 sessions for ...
2026-01-01 16:58:43.192 [info] Getting sessions for read:user,repo,user:email,workflow...
2026-01-01 16:58:43.192 [info] Got 1 sessions for read:user,repo,user:email,workflow...
2026-01-01 17:32:43.972 [info] Getting sessions for all scopes...
2026-01-01 17:32:43.973 [info] Got 5 sessions for ...
2026-01-01 17:32:44.125 [info] Getting sessions for read:user,repo,user:email,workflow...
2026-01-01 17:32:44.125 [info] Got 1 sessions for read:user,repo,user:email,workflow...
2026-01-01 17:32:44.786 [info] Getting sessions for all scopes...
2026-01-01 17:32:44.786 [info] Got 5 sessions for ...
2026-01-01 17:32:44.786 [info] Getting sessions for all scopes...
2026-01-01 17:32:44.786 [info] Got 5 sessions for ...
2026-01-01 17:32:44.820 [info] Getting sessions for read:user,repo,user:email,workflow...
2026-01-01 17:32:44.820 [info] Got 1 sessions for read:user,repo,user:email,workflow...
2026-01-01 17:32:44.983 [info] Getting sessions for all scopes...
2026-01-01 17:32:44.983 [info] Got 5 sessions for ...
2026-01-01 17:32:45.115 [info] Getting sessions for read:user,repo,user:email,workflow...
2026-01-01 17:32:45.115 [info] Got 1 sessions for read:user,repo,user:email,workflow...
2026-01-01 17:32:46.225 [info] Getting sessions for all scopes...
2026-01-01 17:32:46.225 [info] Got 5 sessions for ...
2026-01-01 17:32:46.367 [info] Getting sessions for read:user,repo,user:email,workflow...
2026-01-01 17:32:46.367 [info] Got 1 sessions for read:user,repo,user:email,workflow...
2026-01-01 17:32:47.165 [info] Getting sessions for all scopes...
2026-01-01 17:32:47.165 [info] Got 5 sessions for ...
2026-01-01 17:32:47.175 [info] Getting sessions for read:user,repo,user:email,workflow...
2026-01-01 17:32:47.175 [info] Got 1 sessions for read:user,repo,user:email,workflow...
2026-01-01 18:27:45.386 [info] Getting sessions for all scopes...
2026-01-01 18:27:45.409 [info] Got 5 sessions for ...
2026-01-01 18:27:45.506 [info] Getting sessions for read:user,repo,user:email,workflow...
2026-01-01 18:27:45.524 [info] Got 1 sessions for read:user,repo,user:email,workflow...
2026-01-01 18:27:46.556 [info] Getting sessions for all scopes...
2026-01-01 18:27:46.556 [info] Got 5 sessions for ...
2026-01-01 18:27:46.556 [info] Getting sessions for all scopes...
2026-01-01 18:27:46.556 [info] Got 5 sessions for ...
2026-01-01 18:27:46.595 [info] Getting sessions for read:user,repo,user:email,workflow...
2026-01-01 18:27:46.595 [info] Got 1 sessions for read:user,repo,user:email,workflow...
2026-01-01 18:27:46.740 [info] Getting sessions for all scopes...
2026-01-01 18:27:46.740 [info] Got 5 sessions for ...
2026-01-01 18:27:46.793 [info] Getting sessions for read:user,repo,user:email,workflow...
2026-01-01 18:27:46.793 [info] Got 1 sessions for read:user,repo,user:email,workflow...
2026-01-01 18:27:48.232 [info] Getting sessions for all scopes...
2026-01-01 18:27:48.232 [info] Got 5 sessions for ...
2026-01-01 18:27:48.234 [info] Getting sessions for read:user,repo,user:email,workflow...
2026-01-01 18:27:48.234 [info] Got 1 sessions for read:user,repo,user:email,workflow...
2026-01-01 18:27:49.231 [info] Getting sessions for all scopes...
2026-01-01 18:27:49.232 [info] Got 5 sessions for ...
2026-01-01 18:27:49.235 [info] Getting sessions for read:user,repo,user:email,workflow...
2026-01-01 18:27:49.235 [info] Got 1 sessions for read:user,repo,user:email,workflow...
2026-01-01 20:30:01.189 [info] Getting sessions for all scopes...
2026-01-01 20:30:01.191 [info] Got 5 sessions for ...
2026-01-01 20:30:02.727 [info] Getting sessions for read:user,repo,user:email,workflow...
2026-01-01 20:30:02.728 [info] Got 1 sessions for read:user,repo,user:email,workflow...
2026-01-01 20:30:03.986 [info] Getting sessions for all scopes...
2026-01-01 20:30:03.986 [info] Got 5 sessions for ...
2026-01-01 20:30:03.987 [info] Getting sessions for all scopes...
2026-01-01 20:30:03.987 [info] Got 5 sessions for ...
2026-01-01 20:30:04.011 [info] Getting sessions for read:user,repo,user:email,workflow...
2026-01-01 20:30:04.011 [info] Got 1 sessions for read:user,repo,user:email,workflow...
2026-01-01 20:30:06.866 [info] Getting sessions for all scopes...
2026-01-01 20:30:06.866 [info] Got 5 sessions for ...
2026-01-01 20:30:06.872 [info] Getting sessions for all scopes...
2026-01-01 20:30:06.872 [info] Got 5 sessions for ...
2026-01-01 20:30:07.862 [info] Getting sessions for read:user,repo,user:email,workflow...
2026-01-01 20:30:07.867 [info] Got 1 sessions for read:user,repo,user:email,workflow...
2026-01-01 21:17:30.494 [info] Getting sessions for all scopes...
2026-01-01 21:17:30.498 [info] Got 5 sessions for ...
2026-01-01 21:17:30.972 [info] Getting sessions for read:user,repo,user:email,workflow...
2026-01-01 21:17:30.973 [info] Got 1 sessions for read:user,repo,user:email,workflow...
2026-01-01 21:21:23.235 [info] Getting sessions for read:user,repo,user:email...
2026-01-01 21:21:23.236 [info] Got 1 sessions for read:user,repo,user:email...
2026-01-01 21:25:05.970 [info] Getting sessions for all scopes...
2026-01-01 21:25:05.971 [info] Got 5 sessions for ...
2026-01-01 21:25:06.006 [info] Getting sessions for read:user,repo,user:email,workflow...
2026-01-01 21:25:06.007 [info] Got 1 sessions for read:user,repo,user:email,workflow...
2026-01-01 21:25:07.184 [info] Getting sessions for all scopes...
2026-01-01 21:25:07.186 [info] Got 5 sessions for ...
2026-01-01 21:25:07.191 [info] Getting sessions for all scopes...
2026-01-01 21:25:07.191 [info] Got 5 sessions for ...
2026-01-01 21:25:07.332 [info] Getting sessions for read:user,repo,user:email,workflow...
2026-01-01 21:25:07.332 [info] Got 1 sessions for read:user,repo,user:email,workflow...
2026-01-01 21:25:08.521 [info] Getting sessions for all scopes...
2026-01-01 21:25:08.521 [info] Got 5 sessions for ...
2026-01-01 21:25:08.522 [info] Getting sessions for all scopes...
2026-01-01 21:25:08.522 [info] Got 5 sessions for ...
2026-01-01 21:25:08.540 [info] Getting sessions for read:user,repo,user:email,workflow...
2026-01-01 21:25:08.540 [info] Got 1 sessions for read:user,repo,user:email,workflow...
2026-01-01 21:25:09.340 [info] Getting sessions for all scopes...
2026-01-01 21:25:09.340 [info] Got 5 sessions for ...
2026-01-01 21:25:09.343 [info] Getting sessions for read:user,repo,user:email,workflow...
2026-01-01 21:25:09.343 [info] Got 1 sessions for read:user,repo,user:email,workflow...
2026-01-01 22:20:09.373 [info] Getting sessions for all scopes...
2026-01-01 22:20:09.376 [info] Got 5 sessions for ...
2026-01-01 22:20:09.419 [info] Getting sessions for read:user,repo,user:email,workflow...
2026-01-01 22:20:09.422 [info] Got 1 sessions for read:user,repo,user:email,workflow...
2026-01-01 22:20:10.134 [info] Getting sessions for all scopes...
2026-01-01 22:20:10.134 [info] Got 5 sessions for ...
2026-01-01 22:20:10.135 [info] Getting sessions for all scopes...
2026-01-01 22:20:10.135 [info] Got 5 sessions for ...
2026-01-01 22:20:10.224 [info] Getting sessions for read:user,repo,user:email,workflow...
2026-01-01 22:20:10.224 [info] Got 1 sessions for read:user,repo,user:email,workflow...
2026-01-01 22:20:11.045 [info] Getting sessions for all scopes...
2026-01-01 22:20:11.045 [info] Got 5 sessions for ...
2026-01-01 22:20:11.046 [info] Getting sessions for all scopes...
2026-01-01 22:20:11.046 [info] Got 5 sessions for ...
2026-01-01 22:20:11.048 [info] Getting sessions for read:user,repo,user:email,workflow...
2026-01-01 22:20:11.048 [info] Got 1 sessions for read:user,repo,user:email,workflow...
2026-01-01 22:20:11.856 [info] Getting sessions for all scopes...
2026-01-01 22:20:11.856 [info] Got 5 sessions for ...
2026-01-01 22:20:11.857 [info] Getting sessions for all scopes...
2026-01-01 22:20:11.858 [info] Got 5 sessions for ...
2026-01-01 22:20:11.864 [info] Getting sessions for read:user,repo,user:email,workflow...
2026-01-01 22:20:11.864 [info] Got 1 sessions for read:user,repo,user:email,workflow...
2026-01-01 23:09:35.405 [info] Getting sessions for all scopes...
2026-01-01 23:09:35.407 [info] Got 5 sessions for ...
2026-01-01 23:09:35.414 [info] Getting sessions for read:user,repo,user:email,workflow...
2026-01-01 23:09:35.414 [info] Got 1 sessions for read:user,repo,user:email,workflow...
2026-01-01 23:09:41.933 [info] Getting sessions for all scopes...
2026-01-01 23:09:41.933 [info] Got 5 sessions for ...
2026-01-01 23:09:41.950 [info] Getting sessions for read:user,repo,user:email,workflow...
2026-01-01 23:09:41.950 [info] Got 1 sessions for read:user,repo,user:email,workflow...
2026-01-01 23:29:18.217 [info] Getting sessions for all scopes...
2026-01-01 23:29:18.220 [info] Got 5 sessions for ...
2026-01-01 23:29:18.616 [info] Getting sessions for read:user,repo,user:email,workflow...
2026-01-01 23:29:18.616 [info] Got 1 sessions for read:user,repo,user:email,workflow...
2026-01-01 23:29:19.061 [info] Getting sessions for all scopes...
2026-01-01 23:29:19.061 [info] Got 5 sessions for ...
2026-01-01 23:29:19.062 [info] Getting sessions for all scopes...
2026-01-01 23:29:19.062 [info] Got 5 sessions for ...
2026-01-01 23:29:19.194 [info] Getting sessions for read:user,repo,user:email,workflow...
2026-01-01 23:29:19.194 [info] Got 1 sessions for read:user,repo,user:email,workflow...
2026-01-01 23:29:19.438 [info] Getting sessions for all scopes...
2026-01-01 23:29:19.438 [info] Got 5 sessions for ...
2026-01-01 23:29:19.531 [info] Getting sessions for read:user,repo,user:email,workflow...
2026-01-01 23:29:19.531 [info] Got 1 sessions for read:user,repo,user:email,workflow...
2026-01-01 23:29:21.706 [info] Getting sessions for all scopes...
2026-01-01 23:29:21.706 [info] Got 5 sessions for ...
2026-01-01 23:29:23.070 [info] Getting sessions for read:user,repo,user:email,workflow...
2026-01-01 23:29:23.072 [info] Got 1 sessions for read:user,repo,user:email,workflow...
2026-01-01 23:29:35.185 [info] Getting sessions for all scopes...
2026-01-01 23:29:35.186 [info] Got 5 sessions for ...
2026-01-01 23:29:35.685 [info] Getting sessions for read:user,repo,user:email,workflow...
2026-01-01 23:29:35.685 [info] Got 1 sessions for read:user,repo,user:email,workflow...
2026-01-02 00:31:01.369 [info] Getting sessions for all scopes...
2026-01-02 00:31:01.374 [info] Got 5 sessions for ...
2026-01-02 00:31:15.721 [info] Getting sessions for read:user,repo,user:email,workflow...
2026-01-02 00:31:15.723 [info] Got 1 sessions for read:user,repo,user:email,workflow...
2026-01-02 01:32:18.800 [info] Getting sessions for all scopes...
2026-01-02 01:32:18.807 [info] Got 5 sessions for ...
2026-01-02 01:32:19.032 [info] Getting sessions for all scopes...
2026-01-02 01:32:19.032 [info] Got 5 sessions for ...
2026-01-02 01:32:19.440 [info] Getting sessions for read:user,repo,user:email,workflow...
2026-01-02 01:32:19.440 [info] Got 1 sessions for read:user,repo,user:email,workflow...
2026-01-02 01:32:20.136 [info] Getting sessions for all scopes...
2026-01-02 01:32:20.136 [info] Got 5 sessions for ...
2026-01-02 01:32:20.145 [info] Getting sessions for all scopes...
2026-01-02 01:32:20.145 [info] Got 5 sessions for ...
2026-01-02 01:32:20.165 [info] Getting sessions for read:user,repo,user:email,workflow...
2026-01-02 01:32:20.165 [info] Got 1 sessions for read:user,repo,user:email,workflow...
2026-01-02 01:32:24.675 [info] Getting sessions for all scopes...
2026-01-02 01:32:24.679 [info] Got 5 sessions for ...
2026-01-02 02:33:18.899 [info] Getting sessions for read:user,repo,user:email,workflow...
2026-01-02 02:33:18.913 [info] Got 1 sessions for read:user,repo,user:email,workflow...
2026-01-02 02:33:24.687 [info] Getting sessions for all scopes...
2026-01-02 02:33:24.687 [info] Got 5 sessions for ...
2026-01-02 02:33:24.688 [info] Getting sessions for all scopes...
2026-01-02 02:33:24.688 [info] Got 5 sessions for ...
2026-01-02 02:33:24.727 [info] Getting sessions for read:user,repo,user:email,workflow...
2026-01-02 02:33:24.727 [info] Got 1 sessions for read:user,repo,user:email,workflow...
2026-01-02 02:33:24.828 [info] Getting sessions for all scopes...
2026-01-02 02:33:24.829 [info] Got 5 sessions for ...
2026-01-02 02:33:24.918 [info] Getting sessions for read:user,repo,user:email,workflow...
2026-01-02 02:33:24.918 [info] Got 1 sessions for read:user,repo,user:email,workflow...
2026-01-02 02:33:26.307 [info] Getting sessions for all scopes...
2026-01-02 02:33:26.307 [info] Got 5 sessions for ...
2026-01-02 02:33:26.311 [info] Getting sessions for read:user,repo,user:email,workflow...
2026-01-02 02:33:26.311 [info] Got 1 sessions for read:user,repo,user:email,workflow...
2026-01-02 02:33:28.069 [info] Getting sessions for all scopes...
2026-01-02 02:33:28.069 [info] Got 5 sessions for ...
2026-01-02 02:33:28.076 [info] Getting sessions for read:user,repo,user:email,workflow...
2026-01-02 02:33:28.076 [info] Got 1 sessions for read:user,repo,user:email,workflow...
2026-01-02 03:34:03.845 [info] Getting sessions for all scopes...
2026-01-02 03:34:03.847 [info] Got 5 sessions for ...
2026-01-02 03:34:05.644 [info] Getting sessions for read:user,repo,user:email,workflow...
2026-01-02 03:34:05.644 [info] Got 1 sessions for read:user,repo,user:email,workflow...
2026-01-02 03:34:06.281 [info] Getting sessions for all scopes...
2026-01-02 03:34:06.281 [info] Got 5 sessions for ...
2026-01-02 03:34:06.685 [info] Getting sessions for all scopes...
2026-01-02 03:34:06.685 [info] Got 5 sessions for ...
2026-01-02 03:34:06.809 [info] Getting sessions for read:user,repo,user:email,workflow...
2026-01-02 03:34:06.810 [info] Got 1 sessions for read:user,repo,user:email,workflow...
2026-01-02 03:34:12.375 [info] Getting sessions for all scopes...
2026-01-02 03:34:12.376 [info] Got 5 sessions for ...
2026-01-02 03:34:12.377 [info] Getting sessions for all scopes...
2026-01-02 03:34:12.377 [info] Got 5 sessions for ...
2026-01-02 03:34:12.560 [info] Getting sessions for read:user,repo,user:email,workflow...
2026-01-02 03:34:12.564 [info] Got 1 sessions for read:user,repo,user:email,workflow...
2026-01-02 03:34:14.662 [info] Getting sessions for all scopes...
2026-01-02 03:34:14.662 [info] Got 5 sessions for ...
2026-01-02 03:34:14.662 [info] Getting sessions for all scopes...
2026-01-02 03:34:14.662 [info] Got 5 sessions for ...
2026-01-02 03:34:15.220 [info] Getting sessions for read:user,repo,user:email,workflow...
2026-01-02 03:34:15.220 [info] Got 1 sessions for read:user,repo,user:email,workflow...
2026-01-02 03:34:16.558 [info] Getting sessions for all scopes...
2026-01-02 03:34:16.558 [info] Got 5 sessions for ...
2026-01-02 03:34:17.389 [info] Getting sessions for read:user,repo,user:email,workflow...
2026-01-02 03:34:17.392 [info] Got 1 sessions for read:user,repo,user:email,workflow...
2026-01-02 04:35:16.859 [info] Getting sessions for all scopes...
2026-01-02 04:35:16.862 [info] Got 5 sessions for ...
2026-01-02 04:35:17.274 [info] Getting sessions for read:user,repo,user:email,workflow...
2026-01-02 04:35:17.274 [info] Got 1 sessions for read:user,repo,user:email,workflow...
2026-01-02 04:35:18.050 [info] Getting sessions for all scopes...
2026-01-02 04:35:18.050 [info] Got 5 sessions for ...
2026-01-02 04:35:18.051 [info] Getting sessions for all scopes...
2026-01-02 04:35:18.051 [info] Got 5 sessions for ...
2026-01-02 04:35:18.976 [info] Getting sessions for read:user,repo,user:email,workflow...
2026-01-02 04:35:18.976 [info] Got 1 sessions for read:user,repo,user:email,workflow...
2026-01-02 04:35:20.117 [info] Getting sessions for all scopes...
2026-01-02 04:35:20.117 [info] Got 5 sessions for ...
2026-01-02 04:35:20.119 [info] Getting sessions for all scopes...
2026-01-02 04:35:20.119 [info] Got 5 sessions for ...
2026-01-02 04:35:20.197 [info] Getting sessions for read:user,repo,user:email,workflow...
2026-01-02 04:35:20.197 [info] Got 1 sessions for read:user,repo,user:email,workflow...
2026-01-02 05:36:30.168 [info] Getting sessions for all scopes...
2026-01-02 05:36:30.170 [info] Got 5 sessions for ...
2026-01-02 05:36:30.331 [info] Getting sessions for read:user,repo,user:email,workflow...
2026-01-02 05:36:30.332 [info] Got 1 sessions for read:user,repo,user:email,workflow...
2026-01-02 05:36:30.837 [info] Getting sessions for all scopes...
2026-01-02 05:36:30.837 [info] Got 5 sessions for ...
2026-01-02 05:36:30.838 [info] Getting sessions for all scopes...
2026-01-02 05:36:30.838 [info] Got 5 sessions for ...
2026-01-02 05:36:31.039 [info] Getting sessions for read:user,repo,user:email,workflow...
2026-01-02 05:36:31.039 [info] Got 1 sessions for read:user,repo,user:email,workflow...
2026-01-02 05:36:32.097 [info] Getting sessions for all scopes...
2026-01-02 05:36:32.097 [info] Got 5 sessions for ...
2026-01-02 05:36:32.098 [info] Getting sessions for all scopes...
2026-01-02 05:36:32.098 [info] Got 5 sessions for ...
2026-01-02 05:36:32.227 [info] Getting sessions for read:user,repo,user:email,workflow...
2026-01-02 05:36:32.227 [info] Got 1 sessions for read:user,repo,user:email,workflow...
2026-01-02 06:31:44.800 [info] Getting sessions for all scopes...
2026-01-02 06:31:44.803 [info] Got 5 sessions for ...
2026-01-02 06:31:50.228 [info] Getting sessions for read:user,repo,user:email,workflow...
2026-01-02 06:31:50.233 [info] Got 1 sessions for read:user,repo,user:email,workflow...
2026-01-02 06:31:51.632 [info] Getting sessions for all scopes...
2026-01-02 06:31:51.632 [info] Got 5 sessions for ...
2026-01-02 06:31:51.632 [info] Getting sessions for all scopes...
2026-01-02 06:31:51.633 [info] Got 5 sessions for ...
2026-01-02 06:31:51.699 [info] Getting sessions for read:user,repo,user:email,workflow...
2026-01-02 06:31:51.699 [info] Got 1 sessions for read:user,repo,user:email,workflow...
2026-01-02 06:31:51.922 [info] Getting sessions for all scopes...
2026-01-02 06:31:51.922 [info] Got 5 sessions for ...
2026-01-02 06:31:52.019 [info] Getting sessions for read:user,repo,user:email,workflow...
2026-01-02 06:31:52.022 [info] Got 1 sessions for read:user,repo,user:email,workflow...
2026-01-02 06:33:19.885 [info] Getting sessions for all scopes...
2026-01-02 06:33:19.889 [info] Got 5 sessions for ...
2026-01-02 06:33:19.904 [info] Getting sessions for read:user,repo,user:email,workflow...
2026-01-02 06:33:19.904 [info] Got 1 sessions for read:user,repo,user:email,workflow...
2026-01-02 06:33:43.951 [info] Getting sessions for all scopes...
2026-01-02 06:33:43.951 [info] Got 5 sessions for ...
2026-01-02 06:33:43.956 [info] Getting sessions for read:user,repo,user:email,workflow...
2026-01-02 06:33:43.956 [info] Got 1 sessions for read:user,repo,user:email,workflow...
2026-01-02 07:26:52.229 [info] Getting sessions for all scopes...
2026-01-02 07:26:52.231 [info] Got 5 sessions for ...
2026-01-02 07:26:52.361 [info] Getting sessions for read:user,repo,user:email,workflow...
2026-01-02 07:26:52.361 [info] Got 1 sessions for read:user,repo,user:email,workflow...
2026-01-02 07:26:52.824 [info] Getting sessions for all scopes...
2026-01-02 07:26:52.824 [info] Got 5 sessions for ...
2026-01-02 07:26:52.825 [info] Getting sessions for all scopes...
2026-01-02 07:26:52.825 [info] Got 5 sessions for ...
2026-01-02 07:26:52.927 [info] Getting sessions for read:user,repo,user:email,workflow...
2026-01-02 07:26:52.927 [info] Got 1 sessions for read:user,repo,user:email,workflow...
2026-01-02 07:26:54.286 [info] Getting sessions for all scopes...
2026-01-02 07:26:54.286 [info] Got 5 sessions for ...
2026-01-02 07:26:54.286 [info] Getting sessions for all scopes...
2026-01-02 07:26:54.286 [info] Got 5 sessions for ...
2026-01-02 07:26:54.549 [info] Getting sessions for read:user,repo,user:email,workflow...
2026-01-02 07:26:54.549 [info] Got 1 sessions for read:user,repo,user:email,workflow...
2026-01-02 07:26:56.020 [info] Getting sessions for all scopes...
2026-01-02 07:26:56.020 [info] Got 5 sessions for ...
2026-01-02 07:26:56.032 [info] Getting sessions for all scopes...
2026-01-02 07:26:56.032 [info] Got 5 sessions for ...
2026-01-02 07:26:56.033 [info] Getting sessions for all scopes...
2026-01-02 07:26:56.033 [info] Got 5 sessions for ...
2026-01-02 07:26:56.259 [info] Getting sessions for read:user,repo,user:email,workflow...
2026-01-02 07:26:56.259 [info] Got 1 sessions for read:user,repo,user:email,workflow...
2026-01-02 07:26:56.789 [info] Getting sessions for all scopes...
2026-01-02 07:26:56.789 [info] Got 5 sessions for ...
2026-01-02 07:26:56.820 [info] Getting sessions for read:user,repo,user:email,workflow...
2026-01-02 07:26:56.820 [info] Got 1 sessions for read:user,repo,user:email,workflow...
2026-01-02 07:26:57.474 [info] Getting sessions for all scopes...
2026-01-02 07:26:57.474 [info] Got 5 sessions for ...
2026-01-02 07:26:57.475 [info] Getting sessions for all scopes...
2026-01-02 07:26:57.475 [info] Got 5 sessions for ...
2026-01-02 07:26:57.507 [info] Getting sessions for read:user,repo,user:email,workflow...
2026-01-02 07:26:57.507 [info] Got 1 sessions for read:user,repo,user:email,workflow...
2026-01-02 08:21:54.406 [info] Getting sessions for all scopes...
2026-01-02 08:21:54.411 [info] Got 5 sessions for ...
2026-01-02 08:21:54.573 [info] Getting sessions for read:user,repo,user:email,workflow...
2026-01-02 08:21:54.579 [info] Got 1 sessions for read:user,repo,user:email,workflow...
2026-01-02 08:21:55.836 [info] Getting sessions for all scopes...
2026-01-02 08:21:55.836 [info] Got 5 sessions for ...
2026-01-02 08:21:55.836 [info] Getting sessions for all scopes...
2026-01-02 08:21:55.836 [info] Got 5 sessions for ...
2026-01-02 08:21:56.021 [info] Getting sessions for read:user,repo,user:email,workflow...
2026-01-02 08:21:56.021 [info] Got 1 sessions for read:user,repo,user:email,workflow...
2026-01-02 08:21:57.168 [info] Getting sessions for all scopes...
2026-01-02 08:21:57.168 [info] Got 5 sessions for ...
2026-01-02 08:21:57.168 [info] Getting sessions for all scopes...
2026-01-02 08:21:57.168 [info] Got 5 sessions for ...
2026-01-02 08:21:57.238 [info] Getting sessions for read:user,repo,user:email,workflow...
2026-01-02 08:21:57.238 [info] Got 1 sessions for read:user,repo,user:email,workflow...
2026-01-02 08:21:59.046 [info] Getting sessions for all scopes...
2026-01-02 08:21:59.048 [info] Got 5 sessions for ...
2026-01-02 08:21:59.189 [info] Getting sessions for read:user,repo,user:email,workflow...
2026-01-02 08:21:59.189 [info] Got 1 sessions for read:user,repo,user:email,workflow...
2026-01-02 08:22:00.116 [info] Getting sessions for all scopes...
2026-01-02 08:22:00.116 [info] Got 5 sessions for ...
2026-01-02 08:22:00.131 [info] Getting sessions for read:user,repo,user:email,workflow...
2026-01-02 08:22:00.131 [info] Got 1 sessions for read:user,repo,user:email,workflow...
2026-01-02 09:16:57.961 [info] Getting sessions for all scopes...
2026-01-02 09:16:57.963 [info] Got 5 sessions for ...
2026-01-02 09:16:58.673 [info] Getting sessions for read:user,repo,user:email,workflow...
2026-01-02 09:16:58.673 [info] Got 1 sessions for read:user,repo,user:email,workflow...
2026-01-02 09:16:59.276 [info] Getting sessions for all scopes...
2026-01-02 09:16:59.276 [info] Got 5 sessions for ...
2026-01-02 09:16:59.277 [info] Getting sessions for all scopes...
2026-01-02 09:16:59.277 [info] Got 5 sessions for ...
2026-01-02 09:16:59.402 [info] Getting sessions for read:user,repo,user:email,workflow...
2026-01-02 09:16:59.402 [info] Got 1 sessions for read:user,repo,user:email,workflow...
2026-01-02 09:17:00.369 [info] Getting sessions for all scopes...
2026-01-02 09:17:00.369 [info] Got 5 sessions for ...
2026-01-02 09:17:00.370 [info] Getting sessions for all scopes...
2026-01-02 09:17:00.370 [info] Got 5 sessions for ...
2026-01-02 09:17:00.765 [info] Getting sessions for read:user,repo,user:email,workflow...
2026-01-02 09:17:00.765 [info] Got 1 sessions for read:user,repo,user:email,workflow...
2026-01-02 09:17:01.408 [info] Getting sessions for all scopes...
2026-01-02 09:17:01.408 [info] Got 5 sessions for ...
2026-01-02 09:17:01.408 [info] Getting sessions for all scopes...
2026-01-02 09:17:01.408 [info] Got 5 sessions for ...
2026-01-02 09:17:01.440 [info] Getting sessions for read:user,repo,user:email,workflow...
2026-01-02 09:17:01.440 [info] Got 1 sessions for read:user,repo,user:email,workflow...
2026-01-02 09:17:02.923 [info] Getting sessions for all scopes...
2026-01-02 09:17:02.923 [info] Got 5 sessions for ...
2026-01-02 09:17:03.464 [info] Getting sessions for read:user,repo,user:email,workflow...
2026-01-02 09:17:03.465 [info] Got 1 sessions for read:user,repo,user:email,workflow...
2026-01-02 09:17:03.914 [info] Getting sessions for all scopes...
2026-01-02 09:17:03.914 [info] Got 5 sessions for ...
2026-01-02 09:17:03.921 [info] Getting sessions for read:user,repo,user:email,workflow...
2026-01-02 09:17:03.921 [info] Got 1 sessions for read:user,repo,user:email,workflow...
2026-01-02 10:12:00.114 [info] Getting sessions for all scopes...
2026-01-02 10:12:00.119 [info] Got 5 sessions for ...
2026-01-02 10:12:00.137 [info] Getting sessions for read:user,repo,user:email,workflow...
2026-01-02 10:12:00.138 [info] Got 1 sessions for read:user,repo,user:email,workflow...
2026-01-02 10:12:00.623 [info] Getting sessions for all scopes...
2026-01-02 10:12:00.623 [info] Got 5 sessions for ...
2026-01-02 10:12:00.624 [info] Getting sessions for all scopes...
2026-01-02 10:12:00.625 [info] Got 5 sessions for ...
2026-01-02 10:12:00.666 [info] Getting sessions for read:user,repo,user:email,workflow...
2026-01-02 10:12:00.666 [info] Got 1 sessions for read:user,repo,user:email,workflow...
2026-01-02 10:12:02.562 [info] Getting sessions for all scopes...
2026-01-02 10:12:02.562 [info] Got 5 sessions for ...
2026-01-02 10:12:02.562 [info] Getting sessions for all scopes...
2026-01-02 10:12:02.562 [info] Got 5 sessions for ...
2026-01-02 10:12:02.818 [info] Getting sessions for read:user,repo,user:email,workflow...
2026-01-02 10:12:02.818 [info] Got 1 sessions for read:user,repo,user:email,workflow...
2026-01-02 10:12:03.146 [info] Getting sessions for all scopes...
2026-01-02 10:12:03.146 [info] Got 5 sessions for ...
2026-01-02 10:12:03.165 [info] Getting sessions for read:user,repo,user:email,workflow...
2026-01-02 10:12:03.165 [info] Got 1 sessions for read:user,repo,user:email,workflow...
2026-01-02 10:12:03.594 [info] Getting sessions for all scopes...
2026-01-02 10:12:03.594 [info] Got 5 sessions for ...
2026-01-02 10:12:03.604 [info] Getting sessions for read:user,repo,user:email,workflow...
2026-01-02 10:12:03.604 [info] Got 1 sessions for read:user,repo,user:email,workflow...
2026-01-02 11:07:02.038 [info] Getting sessions for all scopes...
2026-01-02 11:07:02.044 [info] Got 5 sessions for ...
2026-01-02 11:07:02.060 [info] Getting sessions for read:user,repo,user:email,workflow...
2026-01-02 11:07:02.063 [info] Got 1 sessions for read:user,repo,user:email,workflow...
2026-01-02 11:07:02.553 [info] Getting sessions for all scopes...
2026-01-02 11:07:02.553 [info] Got 5 sessions for ...
2026-01-02 11:07:02.554 [info] Getting sessions for all scopes...
2026-01-02 11:07:02.557 [info] Got 5 sessions for ...
2026-01-02 11:07:02.618 [info] Getting sessions for read:user,repo,user:email,workflow...
2026-01-02 11:07:02.618 [info] Got 1 sessions for read:user,repo,user:email,workflow...
2026-01-02 11:07:03.370 [info] Getting sessions for all scopes...
2026-01-02 11:07:03.370 [info] Got 5 sessions for ...
2026-01-02 11:07:03.371 [info] Getting sessions for all scopes...
2026-01-02 11:07:03.371 [info] Got 5 sessions for ...
2026-01-02 11:07:03.402 [info] Getting sessions for read:user,repo,user:email,workflow...
2026-01-02 11:07:03.402 [info] Got 1 sessions for read:user,repo,user:email,workflow...
2026-01-02 11:07:04.040 [info] Getting sessions for all scopes...
2026-01-02 11:07:04.040 [info] Got 5 sessions for ...
2026-01-02 11:07:04.041 [info] Getting sessions for read:user,repo,user:email,workflow...
2026-01-02 11:07:04.041 [info] Got 1 sessions for read:user,repo,user:email,workflow...
2026-01-02 11:07:04.106 [info] Getting sessions for all scopes...
2026-01-02 11:07:04.106 [info] Got 5 sessions for ...
2026-01-02 11:07:04.107 [info] Getting sessions for all scopes...
2026-01-02 11:07:04.107 [info] Got 5 sessions for ...
2026-01-02 11:07:04.108 [info] Getting sessions for read:user,repo,user:email,workflow...
2026-01-02 11:07:04.109 [info] Got 1 sessions for read:user,repo,user:email,workflow...
2026-01-02 12:02:03.095 [info] Getting sessions for all scopes...
2026-01-02 12:02:03.097 [info] Got 5 sessions for ...
2026-01-02 12:02:03.105 [info] Getting sessions for read:user,repo,user:email,workflow...
2026-01-02 12:02:03.109 [info] Got 1 sessions for read:user,repo,user:email,workflow...
2026-01-02 12:02:03.563 [info] Getting sessions for all scopes...
2026-01-02 12:02:03.563 [info] Got 5 sessions for ...
2026-01-02 12:02:03.571 [info] Getting sessions for all scopes...
2026-01-02 12:02:03.571 [info] Got 5 sessions for ...
2026-01-02 12:02:03.606 [info] Getting sessions for read:user,repo,user:email,workflow...
2026-01-02 12:02:03.606 [info] Got 1 sessions for read:user,repo,user:email,workflow...
2026-01-02 12:02:03.649 [info] Getting sessions for all scopes...
2026-01-02 12:02:03.649 [info] Got 5 sessions for ...
2026-01-02 12:02:03.653 [info] Getting sessions for read:user,repo,user:email,workflow...
2026-01-02 12:02:03.653 [info] Got 1 sessions for read:user,repo,user:email,workflow...
2026-01-02 12:02:04.351 [info] Getting sessions for all scopes...
2026-01-02 12:02:04.351 [info] Got 5 sessions for ...
2026-01-02 12:02:04.354 [info] Getting sessions for read:user,repo,user:email,workflow...
2026-01-02 12:02:04.355 [info] Got 1 sessions for read:user,repo,user:email,workflow...
2026-01-02 12:57:03.100 [info] Getting sessions for all scopes...
2026-01-02 12:57:03.101 [info] Got 5 sessions for ...
2026-01-02 12:57:03.119 [info] Getting sessions for read:user,repo,user:email,workflow...
2026-01-02 12:57:03.119 [info] Got 1 sessions for read:user,repo,user:email,workflow...
2026-01-02 12:57:03.688 [info] Getting sessions for all scopes...
2026-01-02 12:57:03.688 [info] Got 5 sessions for ...
2026-01-02 12:57:03.689 [info] Getting sessions for all scopes...
2026-01-02 12:57:03.689 [info] Got 5 sessions for ...
2026-01-02 12:57:03.709 [info] Getting sessions for read:user,repo,user:email,workflow...
2026-01-02 12:57:03.709 [info] Got 1 sessions for read:user,repo,user:email,workflow...
2026-01-02 12:57:03.768 [info] Getting sessions for all scopes...
2026-01-02 12:57:03.768 [info] Got 5 sessions for ...
2026-01-02 12:57:03.769 [info] Getting sessions for read:user,repo,user:email,workflow...
2026-01-02 12:57:03.770 [info] Got 1 sessions for read:user,repo,user:email,workflow...
2026-01-02 12:57:04.442 [info] Getting sessions for all scopes...
2026-01-02 12:57:04.442 [info] Got 5 sessions for ...
2026-01-02 12:57:04.443 [info] Getting sessions for read:user,repo,user:email,workflow...
2026-01-02 12:57:04.443 [info] Got 1 sessions for read:user,repo,user:email,workflow...
2026-01-02 13:52:03.941 [info] Getting sessions for all scopes...
2026-01-02 13:52:03.945 [info] Got 5 sessions for ...
2026-01-02 13:52:03.971 [info] Getting sessions for read:user,repo,user:email,workflow...
2026-01-02 13:52:03.973 [info] Got 1 sessions for read:user,repo,user:email,workflow...
2026-01-02 13:52:05.056 [info] Getting sessions for all scopes...
2026-01-02 13:52:05.056 [info] Got 5 sessions for ...
2026-01-02 13:52:05.058 [info] Getting sessions for all scopes...
2026-01-02 13:52:05.058 [info] Got 5 sessions for ...
2026-01-02 13:52:05.154 [info] Getting sessions for read:user,repo,user:email,workflow...
2026-01-02 13:52:05.154 [info] Got 1 sessions for read:user,repo,user:email,workflow...
2026-01-02 13:52:05.274 [info] Getting sessions for all scopes...
2026-01-02 13:52:05.274 [info] Got 5 sessions for ...
2026-01-02 13:52:05.277 [info] Getting sessions for read:user,repo,user:email,workflow...
2026-01-02 13:52:05.277 [info] Got 1 sessions for read:user,repo,user:email,workflow...
2026-01-02 13:52:06.658 [info] Getting sessions for all scopes...
2026-01-02 13:52:06.659 [info] Got 5 sessions for ...
2026-01-02 13:52:06.664 [info] Getting sessions for read:user,repo,user:email,workflow...
2026-01-02 13:52:06.664 [info] Got 1 sessions for read:user,repo,user:email,workflow...
2026-01-02 13:52:07.657 [info] Getting sessions for all scopes...
2026-01-02 13:52:07.657 [info] Got 5 sessions for ...
2026-01-02 13:52:07.662 [info] Getting sessions for read:user,repo,user:email,workflow...
2026-01-02 13:52:07.662 [info] Got 1 sessions for read:user,repo,user:email,workflow...
