2025-12-30 08:03:14.820 [info] Reading sessions from keychain...
2025-12-30 08:03:14.820 [info] Getting sessions for all scopes...
2025-12-30 08:03:14.820 [info] Got stored sessions!
2025-12-30 08:03:14.820 [info] Got 5 verified sessions.
2025-12-30 08:03:14.820 [info] Got 5 sessions for ...
2025-12-30 08:03:14.820 [info] Getting sessions for all scopes...
2025-12-30 08:03:14.820 [info] Got 5 sessions for ...
2025-12-30 08:03:14.820 [info] Getting sessions for all scopes...
2025-12-30 08:03:14.820 [info] Got 5 sessions for ...
2025-12-30 08:03:14.820 [info] Getting sessions for all scopes...
2025-12-30 08:03:14.820 [info] Got 5 sessions for ...
2025-12-30 08:03:14.820 [info] Getting sessions for all scopes...
2025-12-30 08:03:14.820 [info] Got 5 sessions for ...
2025-12-30 08:03:14.820 [info] Getting sessions for all scopes...
2025-12-30 08:03:14.820 [info] Got 5 sessions for ...
2025-12-30 08:03:14.820 [info] Getting sessions for all scopes...
2025-12-30 08:03:14.820 [info] Got 5 sessions for ...
2025-12-30 08:03:14.820 [info] Getting sessions for all scopes...
2025-12-30 08:03:14.820 [info] Got 5 sessions for ...
2025-12-30 08:03:14.820 [info] Getting sessions for all scopes...
2025-12-30 08:03:14.820 [info] Got 5 sessions for ...
2025-12-30 08:03:14.820 [info] Getting sessions for all scopes...
2025-12-30 08:03:14.820 [info] Got 5 sessions for ...
2025-12-30 08:03:16.693 [info] Getting sessions for all scopes...
2025-12-30 08:03:16.693 [info] Got 5 sessions for ...
2025-12-30 08:03:16.694 [info] Getting sessions for all scopes...
2025-12-30 08:03:16.694 [info] Got 5 sessions for ...
2025-12-30 08:03:16.694 [info] Getting sessions for all scopes...
2025-12-30 08:03:16.694 [info] Got 5 sessions for ...
2025-12-30 08:03:16.694 [info] Getting sessions for all scopes...
2025-12-30 08:03:16.694 [info] Got 5 sessions for ...
2025-12-30 08:03:16.694 [info] Getting sessions for all scopes...
2025-12-30 08:03:16.694 [info] Got 5 sessions for ...
2025-12-30 08:03:16.695 [info] Getting sessions for all scopes...
2025-12-30 08:03:16.695 [info] Got 5 sessions for ...
2025-12-30 08:03:16.695 [info] Getting sessions for all scopes...
2025-12-30 08:03:16.695 [info] Got 5 sessions for ...
2025-12-30 08:03:16.695 [info] Getting sessions for all scopes...
2025-12-30 08:03:16.696 [info] Got 5 sessions for ...
2025-12-30 08:03:26.642 [info] Getting sessions for all scopes...
2025-12-30 08:03:26.643 [info] Got 5 sessions for ...
2025-12-30 08:03:27.236 [info] FetcherService: Electron fetch failed with status: 429 
2025-12-30 08:03:30.377 [info] Getting sessions for read:user,repo,user:email,workflow...
2025-12-30 08:03:30.378 [info] Got 1 sessions for read:user,repo,user:email,workflow...
2025-12-30 08:03:30.456 [info] Getting sessions for read:user,repo,user:email...
2025-12-30 08:03:30.457 [info] Got 1 sessions for read:user,repo,user:email...
2025-12-30 08:03:30.458 [info] Getting sessions for project,read:org,read:user,repo,user:email,workflow...
2025-12-30 08:03:30.458 [info] Got 0 sessions for project,read:org,read:user,repo,user:email,workflow...
2025-12-30 08:03:32.709 [info] Getting sessions for all scopes...
2025-12-30 08:03:32.709 [info] Got 5 sessions for ...
2025-12-30 08:03:32.718 [info] FetcherService: Node fetch failed with status: 429 Too Many Requests
2025-12-30 08:03:33.554 [info] FetcherService: Node http/s failed with status: 429 Too Many Requests
2025-12-30 08:03:33.568 [info] Getting sessions for read:user,repo,user:email,workflow...
2025-12-30 08:03:33.568 [info] Got 1 sessions for read:user,repo,user:email,workflow...
2025-12-30 08:03:46.090 [info] Getting sessions for all scopes...
2025-12-30 08:03:46.093 [info] Got 5 sessions for ...
2025-12-30 08:03:48.385 [info] Getting sessions for read:user,repo,user:email...
2025-12-30 08:03:48.385 [info] Got 1 sessions for read:user,repo,user:email...
2025-12-30 08:03:48.705 [info] Getting sessions for read:user,repo,user:email,workflow...
2025-12-30 08:03:48.705 [info] Got 1 sessions for read:user,repo,user:email,workflow...
2025-12-30 08:03:50.395 [info] Getting sessions for all scopes...
2025-12-30 08:03:50.395 [info] Got 5 sessions for ...
2025-12-30 08:03:50.396 [info] Getting sessions for all scopes...
2025-12-30 08:03:50.396 [info] Got 5 sessions for ...
2025-12-30 08:03:50.476 [info] Getting sessions for all scopes...
2025-12-30 08:03:50.476 [info] Got 5 sessions for ...
2025-12-30 08:03:50.614 [info] Getting sessions for read:user,repo,user:email,workflow...
2025-12-30 08:03:50.614 [info] Got 1 sessions for read:user,repo,user:email,workflow...
2025-12-30 08:03:51.203 [info] Getting sessions for all scopes...
2025-12-30 08:03:51.203 [info] Got 5 sessions for ...
2025-12-30 08:03:51.481 [info] Getting sessions for all scopes...
2025-12-30 08:03:51.481 [info] Got 5 sessions for ...
2025-12-30 08:03:51.482 [info] Getting sessions for all scopes...
2025-12-30 08:03:51.482 [info] Got 5 sessions for ...
2025-12-30 08:03:51.486 [info] Getting sessions for all scopes...
2025-12-30 08:03:51.486 [info] Got 5 sessions for ...
2025-12-30 08:03:51.545 [info] Getting sessions for repo,user:email...
2025-12-30 08:03:51.545 [info] Got 1 sessions for repo,user:email...
2025-12-30 08:03:51.552 [info] Getting sessions for read:user,repo,user:email,workflow...
2025-12-30 08:03:51.553 [info] Got 1 sessions for read:user,repo,user:email,workflow...
2025-12-30 08:03:51.575 [info] Getting sessions for all scopes...
2025-12-30 08:03:51.575 [info] Got 5 sessions for ...
2025-12-30 08:03:51.575 [info] Getting sessions for all scopes...
2025-12-30 08:03:51.575 [info] Got 5 sessions for ...
2025-12-30 08:03:51.656 [info] Getting sessions for read:user,repo,user:email,workflow...
2025-12-30 08:03:51.656 [info] Got 1 sessions for read:user,repo,user:email,workflow...
2025-12-30 08:09:37.959 [info] Getting sessions for all scopes...
2025-12-30 08:09:37.959 [info] Got 5 sessions for ...
2025-12-30 08:09:38.030 [info] Getting sessions for all scopes...
2025-12-30 08:09:38.030 [info] Got 5 sessions for ...
2025-12-30 08:44:49.295 [info] Getting sessions for read:user,repo,user:email...
2025-12-30 08:44:49.297 [info] Got 1 sessions for read:user,repo,user:email...
2025-12-30 08:58:53.052 [info] Getting sessions for all scopes...
2025-12-30 08:58:53.054 [info] Got 5 sessions for ...
2025-12-30 08:58:53.192 [info] Getting sessions for read:user,repo,user:email,workflow...
2025-12-30 08:58:53.193 [info] Got 1 sessions for read:user,repo,user:email,workflow...
2025-12-30 08:58:54.235 [info] Getting sessions for all scopes...
2025-12-30 08:58:54.235 [info] Got 5 sessions for ...
2025-12-30 08:58:54.240 [info] Getting sessions for all scopes...
2025-12-30 08:58:54.240 [info] Got 5 sessions for ...
2025-12-30 08:58:54.419 [info] Getting sessions for read:user,repo,user:email,workflow...
2025-12-30 08:58:54.419 [info] Got 1 sessions for read:user,repo,user:email,workflow...
2025-12-30 08:58:54.729 [info] Getting sessions for all scopes...
2025-12-30 08:58:54.729 [info] Got 5 sessions for ...
2025-12-30 08:58:55.036 [info] Getting sessions for read:user,repo,user:email,workflow...
2025-12-30 08:58:55.036 [info] Got 1 sessions for read:user,repo,user:email,workflow...
2025-12-30 08:58:55.935 [info] Getting sessions for all scopes...
2025-12-30 08:58:55.935 [info] Got 5 sessions for ...
2025-12-30 08:58:55.989 [info] Getting sessions for read:user,repo,user:email,workflow...
2025-12-30 08:58:55.989 [info] Got 1 sessions for read:user,repo,user:email,workflow...
2025-12-30 08:58:56.639 [info] Getting sessions for all scopes...
2025-12-30 08:58:56.639 [info] Got 5 sessions for ...
2025-12-30 08:58:56.684 [info] Getting sessions for read:user,repo,user:email,workflow...
2025-12-30 08:58:56.684 [info] Got 1 sessions for read:user,repo,user:email,workflow...
2025-12-30 10:52:45.881 [info] Getting sessions for all scopes...
2025-12-30 10:52:45.884 [info] Got 5 sessions for ...
2025-12-30 10:52:48.328 [info] Getting sessions for read:user,repo,user:email,workflow...
2025-12-30 10:52:48.332 [info] Got 1 sessions for read:user,repo,user:email,workflow...
2025-12-30 10:52:49.050 [info] Getting sessions for all scopes...
2025-12-30 10:52:49.050 [info] Got 5 sessions for ...
2025-12-30 10:52:49.051 [info] Getting sessions for all scopes...
2025-12-30 10:52:49.051 [info] Got 5 sessions for ...
2025-12-30 10:52:50.932 [info] Getting sessions for read:user,repo,user:email,workflow...
2025-12-30 10:52:50.932 [info] Got 1 sessions for read:user,repo,user:email,workflow...
2025-12-30 10:52:57.307 [info] Getting sessions for all scopes...
2025-12-30 10:52:57.310 [info] Got 5 sessions for ...
2025-12-30 10:52:57.320 [info] Getting sessions for all scopes...
2025-12-30 10:52:57.320 [info] Got 5 sessions for ...
2025-12-30 10:52:57.364 [info] Getting sessions for read:user,repo,user:email,workflow...
2025-12-30 10:52:57.364 [info] Got 1 sessions for read:user,repo,user:email,workflow...
2025-12-30 10:53:02.518 [info] Getting sessions for all scopes...
2025-12-30 10:53:02.518 [info] Got 5 sessions for ...
2025-12-30 10:53:02.519 [info] Getting sessions for all scopes...
2025-12-30 10:53:02.519 [info] Got 5 sessions for ...
2025-12-30 10:53:03.261 [info] Getting sessions for read:user,repo,user:email,workflow...
2025-12-30 10:53:03.261 [info] Got 1 sessions for read:user,repo,user:email,workflow...
2025-12-30 10:53:03.819 [info] Getting sessions for all scopes...
2025-12-30 10:53:03.831 [info] Got 5 sessions for ...
2025-12-30 10:53:04.024 [info] Getting sessions for read:user,repo,user:email,workflow...
2025-12-30 10:53:04.024 [info] Got 1 sessions for read:user,repo,user:email,workflow...
2025-12-30 10:53:06.126 [info] Getting sessions for all scopes...
2025-12-30 10:53:06.126 [info] Got 5 sessions for ...
2025-12-30 10:53:06.270 [info] Getting sessions for read:user,repo,user:email,workflow...
2025-12-30 10:53:06.270 [info] Got 1 sessions for read:user,repo,user:email,workflow...
2025-12-30 10:53:06.278 [info] Getting sessions for all scopes...
2025-12-30 10:53:06.278 [info] Got 5 sessions for ...
2025-12-30 10:53:06.303 [info] Getting sessions for all scopes...
2025-12-30 10:53:06.303 [info] Got 5 sessions for ...
2025-12-30 10:53:08.541 [info] Getting sessions for read:user,repo,user:email,workflow...
2025-12-30 10:53:08.541 [info] Got 1 sessions for read:user,repo,user:email,workflow...
2025-12-30 15:19:37.457 [info] Getting sessions for all scopes...
2025-12-30 15:19:37.471 [info] Got 5 sessions for ...
2025-12-30 15:19:37.472 [info] Getting sessions for all scopes...
2025-12-30 15:19:37.472 [info] Got 5 sessions for ...
2025-12-30 15:19:37.565 [info] Getting sessions for read:user,repo,user:email,workflow...
2025-12-30 15:19:37.565 [info] Got 1 sessions for read:user,repo,user:email,workflow...
2025-12-30 15:19:38.584 [info] Getting sessions for all scopes...
2025-12-30 15:19:38.584 [info] Got 5 sessions for ...
2025-12-30 15:19:38.585 [info] Getting sessions for all scopes...
2025-12-30 15:19:38.585 [info] Got 5 sessions for ...
2025-12-30 15:19:38.590 [info] Getting sessions for all scopes...
2025-12-30 15:19:38.591 [info] Got 5 sessions for ...
2025-12-30 15:19:39.430 [info] Getting sessions for read:user,repo,user:email,workflow...
2025-12-30 15:19:39.430 [info] Got 1 sessions for read:user,repo,user:email,workflow...
2025-12-30 15:19:47.969 [info] Getting sessions for all scopes...
2025-12-30 15:19:47.970 [info] Got 5 sessions for ...
2025-12-30 15:19:48.102 [info] Getting sessions for all scopes...
2025-12-30 15:19:48.102 [info] Got 5 sessions for ...
2025-12-30 15:19:49.889 [info] Getting sessions for read:user,repo,user:email,workflow...
2025-12-30 15:19:49.890 [info] Got 1 sessions for read:user,repo,user:email,workflow...
2025-12-30 15:19:50.367 [info] Getting sessions for all scopes...
2025-12-30 15:19:50.367 [info] Got 5 sessions for ...
2025-12-30 15:19:51.109 [info] Getting sessions for all scopes...
2025-12-30 15:19:51.110 [info] Got 5 sessions for ...
2025-12-30 15:19:51.546 [info] Getting sessions for read:user,repo,user:email,workflow...
2025-12-30 15:19:51.546 [info] Got 1 sessions for read:user,repo,user:email,workflow...
2025-12-30 15:19:55.041 [info] Getting sessions for all scopes...
2025-12-30 15:19:55.041 [info] Got 5 sessions for ...
2025-12-30 15:19:57.018 [info] Getting sessions for read:user,repo,user:email,workflow...
2025-12-30 15:19:57.019 [info] Got 1 sessions for read:user,repo,user:email,workflow...
2025-12-30 17:20:41.503 [info] Getting sessions for all scopes...
2025-12-30 17:20:41.504 [info] Got 5 sessions for ...
2025-12-30 17:20:41.775 [info] Getting sessions for read:user,repo,user:email,workflow...
2025-12-30 17:20:41.775 [info] Got 1 sessions for read:user,repo,user:email,workflow...
2025-12-30 17:20:45.049 [info] Getting sessions for all scopes...
2025-12-30 17:20:45.049 [info] Got 5 sessions for ...
2025-12-30 17:20:45.050 [info] Getting sessions for all scopes...
2025-12-30 17:20:45.050 [info] Got 5 sessions for ...
2025-12-30 17:20:45.277 [info] Getting sessions for read:user,repo,user:email,workflow...
2025-12-30 17:20:45.277 [info] Got 1 sessions for read:user,repo,user:email,workflow...
2025-12-30 17:20:45.660 [info] Getting sessions for all scopes...
2025-12-30 17:20:45.660 [info] Got 5 sessions for ...
2025-12-30 17:20:45.707 [info] Getting sessions for all scopes...
2025-12-30 17:20:45.707 [info] Got 5 sessions for ...
2025-12-30 17:20:45.794 [info] Getting sessions for read:user,repo,user:email,workflow...
2025-12-30 17:20:45.795 [info] Got 1 sessions for read:user,repo,user:email,workflow...
2025-12-30 17:20:47.225 [info] Getting sessions for all scopes...
2025-12-30 17:20:47.228 [info] Got 5 sessions for ...
2025-12-30 17:20:47.231 [info] Getting sessions for all scopes...
2025-12-30 17:20:47.231 [info] Got 5 sessions for ...
2025-12-30 17:20:47.245 [info] Getting sessions for read:user,repo,user:email,workflow...
2025-12-30 17:20:47.245 [info] Got 1 sessions for read:user,repo,user:email,workflow...
2025-12-30 17:20:48.085 [info] Getting sessions for all scopes...
2025-12-30 17:20:48.085 [info] Got 5 sessions for ...
2025-12-30 17:20:48.171 [info] Getting sessions for read:user,repo,user:email,workflow...
2025-12-30 17:20:48.171 [info] Got 1 sessions for read:user,repo,user:email,workflow...
2025-12-30 17:20:49.583 [info] Getting sessions for all scopes...
2025-12-30 17:20:49.583 [info] Got 5 sessions for ...
2025-12-30 17:20:49.637 [info] Getting sessions for read:user,repo,user:email,workflow...
2025-12-30 17:20:49.637 [info] Got 1 sessions for read:user,repo,user:email,workflow...
2025-12-30 18:21:55.614 [info] Getting sessions for all scopes...
2025-12-30 18:21:55.616 [info] Got 5 sessions for ...
2025-12-30 18:21:56.787 [info] Getting sessions for read:user,repo,user:email,workflow...
2025-12-30 18:21:56.787 [info] Got 1 sessions for read:user,repo,user:email,workflow...
2025-12-30 18:21:57.324 [info] Getting sessions for all scopes...
2025-12-30 18:21:57.324 [info] Got 5 sessions for ...
2025-12-30 18:21:57.324 [info] Getting sessions for all scopes...
2025-12-30 18:21:57.325 [info] Got 5 sessions for ...
2025-12-30 18:21:57.586 [info] Getting sessions for read:user,repo,user:email,workflow...
2025-12-30 18:21:57.586 [info] Got 1 sessions for read:user,repo,user:email,workflow...
2025-12-30 18:21:58.833 [info] Getting sessions for all scopes...
2025-12-30 18:21:58.833 [info] Got 5 sessions for ...
2025-12-30 18:21:59.235 [info] Getting sessions for all scopes...
2025-12-30 18:21:59.235 [info] Got 5 sessions for ...
2025-12-30 18:22:01.922 [info] Getting sessions for read:user,repo,user:email,workflow...
2025-12-30 18:22:01.922 [info] Got 1 sessions for read:user,repo,user:email,workflow...
2025-12-30 18:22:06.518 [info] Getting sessions for all scopes...
2025-12-30 18:22:06.520 [info] Got 5 sessions for ...
2025-12-30 18:22:08.762 [info] Getting sessions for read:user,repo,user:email,workflow...
2025-12-30 18:22:08.762 [info] Got 1 sessions for read:user,repo,user:email,workflow...
2025-12-30 19:23:08.750 [info] Getting sessions for all scopes...
2025-12-30 19:23:08.751 [info] Got 5 sessions for ...
2025-12-30 19:23:09.513 [info] Getting sessions for read:user,repo,user:email,workflow...
2025-12-30 19:23:09.513 [info] Got 1 sessions for read:user,repo,user:email,workflow...
2025-12-30 19:23:10.263 [info] Getting sessions for all scopes...
2025-12-30 19:23:10.263 [info] Got 5 sessions for ...
2025-12-30 19:23:10.265 [info] Getting sessions for all scopes...
2025-12-30 19:23:10.265 [info] Got 5 sessions for ...
2025-12-30 19:23:10.632 [info] Getting sessions for read:user,repo,user:email,workflow...
2025-12-30 19:23:10.632 [info] Got 1 sessions for read:user,repo,user:email,workflow...
2025-12-30 19:23:11.282 [info] Getting sessions for all scopes...
2025-12-30 19:23:11.282 [info] Got 5 sessions for ...
2025-12-30 19:23:11.316 [info] Getting sessions for all scopes...
2025-12-30 19:23:11.316 [info] Got 5 sessions for ...
2025-12-30 19:23:11.612 [info] Getting sessions for read:user,repo,user:email,workflow...
2025-12-30 19:23:11.612 [info] Got 1 sessions for read:user,repo,user:email,workflow...
2025-12-30 19:23:13.771 [info] Getting sessions for all scopes...
2025-12-30 19:23:13.771 [info] Got 5 sessions for ...
2025-12-30 19:23:13.772 [info] Getting sessions for all scopes...
2025-12-30 19:23:13.772 [info] Got 5 sessions for ...
2025-12-30 19:23:13.791 [info] Getting sessions for read:user,repo,user:email,workflow...
2025-12-30 19:23:13.791 [info] Got 1 sessions for read:user,repo,user:email,workflow...
2025-12-30 19:23:17.023 [info] Getting sessions for all scopes...
2025-12-30 19:23:17.023 [info] Got 5 sessions for ...
2025-12-30 19:23:18.622 [info] Getting sessions for read:user,repo,user:email,workflow...
2025-12-30 19:23:18.622 [info] Got 1 sessions for read:user,repo,user:email,workflow...
2025-12-30 20:24:22.288 [info] Getting sessions for all scopes...
2025-12-30 20:24:22.289 [info] Got 5 sessions for ...
2025-12-30 20:24:27.647 [info] Getting sessions for read:user,repo,user:email,workflow...
2025-12-30 20:24:27.647 [info] Got 1 sessions for read:user,repo,user:email,workflow...
2025-12-30 20:24:28.149 [info] Getting sessions for all scopes...
2025-12-30 20:24:28.149 [info] Got 5 sessions for ...
2025-12-30 20:24:28.149 [info] Getting sessions for all scopes...
2025-12-30 20:24:28.150 [info] Got 5 sessions for ...
2025-12-30 20:24:28.186 [info] Getting sessions for read:user,repo,user:email,workflow...
2025-12-30 20:24:28.186 [info] Got 1 sessions for read:user,repo,user:email,workflow...
2025-12-30 20:24:29.030 [info] Getting sessions for all scopes...
2025-12-30 20:24:29.030 [info] Got 5 sessions for ...
2025-12-30 20:24:29.332 [info] Getting sessions for read:user,repo,user:email,workflow...
2025-12-30 20:24:29.332 [info] Got 1 sessions for read:user,repo,user:email,workflow...
2025-12-30 20:24:31.034 [info] Getting sessions for all scopes...
2025-12-30 20:24:31.034 [info] Got 5 sessions for ...
2025-12-30 20:24:31.037 [info] Getting sessions for read:user,repo,user:email,workflow...
2025-12-30 20:24:31.037 [info] Got 1 sessions for read:user,repo,user:email,workflow...
2025-12-30 20:24:32.016 [info] Getting sessions for all scopes...
2025-12-30 20:24:32.016 [info] Got 5 sessions for ...
2025-12-30 20:24:32.023 [info] Getting sessions for read:user,repo,user:email,workflow...
2025-12-30 20:24:32.023 [info] Got 1 sessions for read:user,repo,user:email,workflow...
2025-12-30 21:25:33.952 [info] Getting sessions for all scopes...
2025-12-30 21:25:33.953 [info] Got 5 sessions for ...
2025-12-30 21:25:34.367 [info] Getting sessions for read:user,repo,user:email,workflow...
2025-12-30 21:25:34.368 [info] Got 1 sessions for read:user,repo,user:email,workflow...
2025-12-30 21:25:34.698 [info] Getting sessions for all scopes...
2025-12-30 21:25:34.698 [info] Got 5 sessions for ...
2025-12-30 21:25:34.699 [info] Getting sessions for all scopes...
2025-12-30 21:25:34.699 [info] Got 5 sessions for ...
2025-12-30 21:25:34.786 [info] Getting sessions for read:user,repo,user:email,workflow...
2025-12-30 21:25:34.786 [info] Got 1 sessions for read:user,repo,user:email,workflow...
2025-12-30 21:25:35.714 [info] Getting sessions for all scopes...
2025-12-30 21:25:35.714 [info] Got 5 sessions for ...
2025-12-30 21:25:35.715 [info] Getting sessions for all scopes...
2025-12-30 21:25:35.715 [info] Got 5 sessions for ...
2025-12-30 21:25:35.742 [info] Getting sessions for read:user,repo,user:email,workflow...
2025-12-30 21:25:35.742 [info] Got 1 sessions for read:user,repo,user:email,workflow...
2025-12-30 21:25:36.764 [info] Getting sessions for all scopes...
2025-12-30 21:25:36.764 [info] Got 5 sessions for ...
2025-12-30 21:25:36.765 [info] Getting sessions for all scopes...
2025-12-30 21:25:36.765 [info] Got 5 sessions for ...
2025-12-30 21:25:36.879 [info] Getting sessions for read:user,repo,user:email,workflow...
2025-12-30 21:25:36.879 [info] Got 1 sessions for read:user,repo,user:email,workflow...
2025-12-30 21:25:38.067 [info] Getting sessions for all scopes...
2025-12-30 21:25:38.067 [info] Got 5 sessions for ...
2025-12-30 21:25:38.192 [info] Getting sessions for read:user,repo,user:email,workflow...
2025-12-30 21:25:38.192 [info] Got 1 sessions for read:user,repo,user:email,workflow...
2025-12-30 21:25:39.017 [info] Getting sessions for all scopes...
2025-12-30 21:25:39.017 [info] Got 5 sessions for ...
2025-12-30 21:25:39.020 [info] Getting sessions for read:user,repo,user:email,workflow...
2025-12-30 21:25:39.020 [info] Got 1 sessions for read:user,repo,user:email,workflow...
2025-12-30 22:26:45.108 [info] Getting sessions for all scopes...
2025-12-30 22:26:45.109 [info] Got 5 sessions for ...
2025-12-30 22:26:45.488 [info] Getting sessions for read:user,repo,user:email,workflow...
2025-12-30 22:26:45.489 [info] Got 1 sessions for read:user,repo,user:email,workflow...
2025-12-30 22:26:46.308 [info] Getting sessions for all scopes...
2025-12-30 22:26:46.308 [info] Got 5 sessions for ...
2025-12-30 22:26:46.309 [info] Getting sessions for all scopes...
2025-12-30 22:26:46.309 [info] Got 5 sessions for ...
2025-12-30 22:26:46.333 [info] Getting sessions for read:user,repo,user:email,workflow...
2025-12-30 22:26:46.333 [info] Got 1 sessions for read:user,repo,user:email,workflow...
2025-12-30 22:26:47.153 [info] Getting sessions for all scopes...
2025-12-30 22:26:47.153 [info] Got 5 sessions for ...
2025-12-30 22:26:47.154 [info] Getting sessions for all scopes...
2025-12-30 22:26:47.154 [info] Got 5 sessions for ...
2025-12-30 22:26:47.161 [info] Getting sessions for read:user,repo,user:email,workflow...
2025-12-30 22:26:47.161 [info] Got 1 sessions for read:user,repo,user:email,workflow...
2025-12-30 23:27:52.218 [info] Getting sessions for all scopes...
2025-12-30 23:27:52.219 [info] Got 5 sessions for ...
2025-12-30 23:27:52.220 [info] Getting sessions for all scopes...
2025-12-30 23:27:52.220 [info] Got 5 sessions for ...
2025-12-30 23:27:52.231 [info] Getting sessions for read:user,repo,user:email,workflow...
2025-12-30 23:27:52.231 [info] Got 1 sessions for read:user,repo,user:email,workflow...
2025-12-30 23:27:53.269 [info] Getting sessions for all scopes...
2025-12-30 23:27:53.269 [info] Got 5 sessions for ...
2025-12-30 23:27:53.271 [info] Getting sessions for all scopes...
2025-12-30 23:27:53.271 [info] Got 5 sessions for ...
2025-12-30 23:27:53.775 [info] Getting sessions for read:user,repo,user:email,workflow...
2025-12-30 23:27:53.776 [info] Got 1 sessions for read:user,repo,user:email,workflow...
2025-12-30 23:27:53.917 [info] Getting sessions for all scopes...
2025-12-30 23:27:53.917 [info] Got 5 sessions for ...
2025-12-30 23:27:53.919 [info] Getting sessions for all scopes...
2025-12-30 23:27:53.919 [info] Got 5 sessions for ...
2025-12-30 23:27:53.953 [info] Getting sessions for read:user,repo,user:email,workflow...
2025-12-30 23:27:53.953 [info] Got 1 sessions for read:user,repo,user:email,workflow...
2025-12-30 23:27:56.647 [info] Getting sessions for all scopes...
2025-12-30 23:27:56.648 [info] Got 5 sessions for ...
2025-12-30 23:27:56.779 [info] Getting sessions for read:user,repo,user:email,workflow...
2025-12-30 23:27:56.780 [info] Got 1 sessions for read:user,repo,user:email,workflow...
2025-12-30 23:27:58.525 [info] Getting sessions for all scopes...
2025-12-30 23:27:58.525 [info] Got 5 sessions for ...
2025-12-30 23:27:58.870 [info] Getting sessions for read:user,repo,user:email,workflow...
2025-12-30 23:27:58.870 [info] Got 1 sessions for read:user,repo,user:email,workflow...
2025-12-31 00:29:02.857 [info] Getting sessions for all scopes...
2025-12-31 00:29:02.858 [info] Got 5 sessions for ...
2025-12-31 00:29:06.250 [info] Getting sessions for read:user,repo,user:email,workflow...
2025-12-31 00:29:06.251 [info] Got 1 sessions for read:user,repo,user:email,workflow...
2025-12-31 00:29:06.815 [info] Getting sessions for all scopes...
2025-12-31 00:29:06.815 [info] Got 5 sessions for ...
2025-12-31 00:29:06.831 [info] Getting sessions for all scopes...
2025-12-31 00:29:06.831 [info] Got 5 sessions for ...
2025-12-31 00:29:07.262 [info] Getting sessions for read:user,repo,user:email,workflow...
2025-12-31 00:29:07.262 [info] Got 1 sessions for read:user,repo,user:email,workflow...
2025-12-31 00:29:08.386 [info] Getting sessions for all scopes...
2025-12-31 00:29:08.387 [info] Got 5 sessions for ...
2025-12-31 00:29:08.389 [info] Getting sessions for all scopes...
2025-12-31 00:29:08.389 [info] Got 5 sessions for ...
2025-12-31 00:29:08.879 [info] Getting sessions for read:user,repo,user:email,workflow...
2025-12-31 00:29:08.879 [info] Got 1 sessions for read:user,repo,user:email,workflow...
2025-12-31 00:29:12.322 [info] Getting sessions for all scopes...
2025-12-31 00:29:12.322 [info] Got 5 sessions for ...
2025-12-31 00:29:12.330 [info] Getting sessions for read:user,repo,user:email,workflow...
2025-12-31 00:29:12.331 [info] Got 1 sessions for read:user,repo,user:email,workflow...
2025-12-31 00:29:13.285 [info] Getting sessions for all scopes...
2025-12-31 00:29:13.285 [info] Got 5 sessions for ...
2025-12-31 00:29:13.325 [info] Getting sessions for read:user,repo,user:email,workflow...
2025-12-31 00:29:13.325 [info] Got 1 sessions for read:user,repo,user:email,workflow...
2025-12-31 01:30:15.613 [info] Getting sessions for all scopes...
2025-12-31 01:30:15.617 [info] Got 5 sessions for ...
2025-12-31 01:30:16.502 [info] Getting sessions for read:user,repo,user:email,workflow...
2025-12-31 01:30:16.502 [info] Got 1 sessions for read:user,repo,user:email,workflow...
2025-12-31 01:30:17.078 [info] Getting sessions for all scopes...
2025-12-31 01:30:17.078 [info] Got 5 sessions for ...
2025-12-31 01:30:17.078 [info] Getting sessions for all scopes...
2025-12-31 01:30:17.079 [info] Got 5 sessions for ...
2025-12-31 01:30:17.183 [info] Getting sessions for read:user,repo,user:email,workflow...
2025-12-31 01:30:17.184 [info] Got 1 sessions for read:user,repo,user:email,workflow...
2025-12-31 01:30:17.864 [info] Getting sessions for all scopes...
2025-12-31 01:30:17.864 [info] Got 5 sessions for ...
2025-12-31 01:30:17.865 [info] Getting sessions for all scopes...
2025-12-31 01:30:17.866 [info] Got 5 sessions for ...
2025-12-31 01:30:17.935 [info] Getting sessions for read:user,repo,user:email,workflow...
2025-12-31 01:30:17.935 [info] Got 1 sessions for read:user,repo,user:email,workflow...
2025-12-31 01:30:18.624 [info] Getting sessions for all scopes...
2025-12-31 01:30:18.624 [info] Got 5 sessions for ...
2025-12-31 01:30:18.626 [info] Getting sessions for read:user,repo,user:email,workflow...
2025-12-31 01:30:18.626 [info] Got 1 sessions for read:user,repo,user:email,workflow...
2025-12-31 01:30:19.644 [info] Getting sessions for all scopes...
2025-12-31 01:30:19.644 [info] Got 5 sessions for ...
2025-12-31 01:30:19.649 [info] Getting sessions for read:user,repo,user:email,workflow...
2025-12-31 01:30:19.649 [info] Got 1 sessions for read:user,repo,user:email,workflow...
2025-12-31 02:31:24.744 [info] Getting sessions for all scopes...
2025-12-31 02:31:24.744 [info] Got 5 sessions for ...
2025-12-31 02:31:24.957 [info] Getting sessions for read:user,repo,user:email,workflow...
2025-12-31 02:31:24.958 [info] Got 1 sessions for read:user,repo,user:email,workflow...
2025-12-31 02:31:25.554 [info] Getting sessions for all scopes...
2025-12-31 02:31:25.554 [info] Got 5 sessions for ...
2025-12-31 02:31:25.556 [info] Getting sessions for all scopes...
2025-12-31 02:31:25.556 [info] Got 5 sessions for ...
2025-12-31 02:31:25.579 [info] Getting sessions for read:user,repo,user:email,workflow...
2025-12-31 02:31:25.579 [info] Got 1 sessions for read:user,repo,user:email,workflow...
2025-12-31 02:31:27.030 [info] Getting sessions for all scopes...
2025-12-31 02:31:27.030 [info] Got 5 sessions for ...
2025-12-31 02:31:27.030 [info] Getting sessions for all scopes...
2025-12-31 02:31:27.030 [info] Got 5 sessions for ...
2025-12-31 02:31:27.120 [info] Getting sessions for read:user,repo,user:email,workflow...
2025-12-31 02:31:27.120 [info] Got 1 sessions for read:user,repo,user:email,workflow...
2025-12-31 02:31:28.591 [info] Getting sessions for all scopes...
2025-12-31 02:31:28.591 [info] Got 5 sessions for ...
2025-12-31 02:31:28.594 [info] Getting sessions for read:user,repo,user:email,workflow...
2025-12-31 02:31:28.595 [info] Got 1 sessions for read:user,repo,user:email,workflow...
2025-12-31 02:31:29.572 [info] Getting sessions for all scopes...
2025-12-31 02:31:29.572 [info] Got 5 sessions for ...
2025-12-31 02:31:29.581 [info] Getting sessions for read:user,repo,user:email,workflow...
2025-12-31 02:31:29.581 [info] Got 1 sessions for read:user,repo,user:email,workflow...
2025-12-31 03:32:34.078 [info] Getting sessions for all scopes...
2025-12-31 03:32:34.080 [info] Got 5 sessions for ...
2025-12-31 03:32:35.508 [info] Getting sessions for read:user,repo,user:email,workflow...
2025-12-31 03:32:35.508 [info] Got 1 sessions for read:user,repo,user:email,workflow...
2025-12-31 03:32:36.624 [info] Getting sessions for all scopes...
2025-12-31 03:32:36.624 [info] Got 5 sessions for ...
2025-12-31 03:32:36.625 [info] Getting sessions for all scopes...
2025-12-31 03:32:36.625 [info] Got 5 sessions for ...
2025-12-31 03:32:36.712 [info] Getting sessions for read:user,repo,user:email,workflow...
2025-12-31 03:32:36.712 [info] Got 1 sessions for read:user,repo,user:email,workflow...
2025-12-31 03:32:37.521 [info] Getting sessions for all scopes...
2025-12-31 03:32:37.521 [info] Got 5 sessions for ...
2025-12-31 03:32:38.611 [info] Getting sessions for read:user,repo,user:email,workflow...
2025-12-31 03:32:38.611 [info] Got 1 sessions for read:user,repo,user:email,workflow...
2025-12-31 03:32:39.965 [info] Getting sessions for all scopes...
2025-12-31 03:32:39.965 [info] Got 5 sessions for ...
2025-12-31 03:32:40.075 [info] Getting sessions for all scopes...
2025-12-31 03:32:40.084 [info] Got 5 sessions for ...
2025-12-31 03:32:41.785 [info] Getting sessions for read:user,repo,user:email,workflow...
2025-12-31 03:32:41.785 [info] Got 1 sessions for read:user,repo,user:email,workflow...
2025-12-31 03:32:42.403 [info] Getting sessions for all scopes...
2025-12-31 03:32:42.404 [info] Got 5 sessions for ...
2025-12-31 03:32:42.530 [info] Getting sessions for all scopes...
2025-12-31 03:32:42.530 [info] Got 5 sessions for ...
2025-12-31 03:32:43.148 [info] Getting sessions for read:user,repo,user:email,workflow...
2025-12-31 03:32:43.148 [info] Got 1 sessions for read:user,repo,user:email,workflow...
2025-12-31 03:32:45.308 [info] Getting sessions for all scopes...
2025-12-31 03:32:45.308 [info] Got 5 sessions for ...
2025-12-31 03:32:45.395 [info] Getting sessions for read:user,repo,user:email,workflow...
2025-12-31 03:32:45.395 [info] Got 1 sessions for read:user,repo,user:email,workflow...
2025-12-31 07:24:39.066 [info] Getting sessions for all scopes...
2025-12-31 07:24:39.075 [info] Got 5 sessions for ...
2025-12-31 07:24:39.127 [info] Getting sessions for read:user,repo,user:email,workflow...
2025-12-31 07:24:39.127 [info] Got 1 sessions for read:user,repo,user:email,workflow...
2025-12-31 07:24:39.527 [info] Getting sessions for read:user,repo,user:email...
2025-12-31 07:24:39.527 [info] Got 1 sessions for read:user,repo,user:email...
2025-12-31 07:24:40.600 [info] Getting sessions for all scopes...
2025-12-31 07:24:40.600 [info] Got 5 sessions for ...
2025-12-31 07:24:40.602 [info] Getting sessions for all scopes...
2025-12-31 07:24:40.602 [info] Got 5 sessions for ...
2025-12-31 07:24:40.808 [info] Getting sessions for read:user,repo,user:email,workflow...
2025-12-31 07:24:40.808 [info] Got 1 sessions for read:user,repo,user:email,workflow...
2025-12-31 07:24:42.706 [info] Getting sessions for all scopes...
2025-12-31 07:24:42.706 [info] Got 5 sessions for ...
2025-12-31 07:24:42.745 [info] Getting sessions for all scopes...
2025-12-31 07:24:42.746 [info] Got 5 sessions for ...
2025-12-31 07:24:42.967 [info] Getting sessions for read:user,repo,user:email,workflow...
2025-12-31 07:24:42.967 [info] Got 1 sessions for read:user,repo,user:email,workflow...
2025-12-31 07:24:43.011 [info] Getting sessions for all scopes...
2025-12-31 07:24:43.011 [info] Got 5 sessions for ...
2025-12-31 07:24:43.014 [info] Getting sessions for read:user,repo,user:email,workflow...
2025-12-31 07:24:43.014 [info] Got 1 sessions for read:user,repo,user:email,workflow...
2025-12-31 08:40:45.429 [info] Getting sessions for all scopes...
2025-12-31 08:40:45.449 [info] Got 5 sessions for ...
2025-12-31 08:40:47.807 [info] Getting sessions for read:user,repo,user:email,workflow...
2025-12-31 08:40:47.808 [info] Got 1 sessions for read:user,repo,user:email,workflow...
2025-12-31 08:42:04.877 [info] Getting sessions for all scopes...
2025-12-31 08:42:04.880 [info] Got 5 sessions for ...
2025-12-31 08:42:04.881 [info] Getting sessions for all scopes...
2025-12-31 08:42:04.881 [info] Got 5 sessions for ...
2025-12-31 08:42:05.870 [info] Getting sessions for read:user,repo,user:email,workflow...
2025-12-31 08:42:05.870 [info] Got 1 sessions for read:user,repo,user:email,workflow...
2025-12-31 08:42:06.297 [info] Getting sessions for all scopes...
2025-12-31 08:42:06.297 [info] Got 5 sessions for ...
2025-12-31 08:42:06.299 [info] Getting sessions for all scopes...
2025-12-31 08:42:06.299 [info] Got 5 sessions for ...
2025-12-31 08:42:07.029 [info] Getting sessions for read:user,repo,user:email,workflow...
2025-12-31 08:42:07.029 [info] Got 1 sessions for read:user,repo,user:email,workflow...
2025-12-31 08:42:07.804 [info] Getting sessions for all scopes...
2025-12-31 08:42:07.804 [info] Got 5 sessions for ...
2025-12-31 08:42:07.999 [info] Getting sessions for read:user,repo,user:email,workflow...
2025-12-31 08:42:07.999 [info] Got 1 sessions for read:user,repo,user:email,workflow...
2025-12-31 08:42:12.683 [info] Getting sessions for all scopes...
2025-12-31 08:42:12.685 [info] Got 5 sessions for ...
2025-12-31 08:42:15.600 [info] Getting sessions for read:user,repo,user:email,workflow...
2025-12-31 08:42:15.600 [info] Got 1 sessions for read:user,repo,user:email,workflow...
2025-12-31 09:39:24.440 [info] Getting sessions for all scopes...
2025-12-31 09:39:24.444 [info] Got 5 sessions for ...
2025-12-31 09:39:27.336 [info] Getting sessions for read:user,repo,user:email,workflow...
2025-12-31 09:39:27.338 [info] Got 1 sessions for read:user,repo,user:email,workflow...
2025-12-31 09:39:29.677 [info] Getting sessions for all scopes...
2025-12-31 09:39:29.681 [info] Got 5 sessions for ...
2025-12-31 09:39:29.681 [info] Getting sessions for all scopes...
2025-12-31 09:39:29.681 [info] Got 5 sessions for ...
2025-12-31 09:39:30.201 [info] Getting sessions for read:user,repo,user:email,workflow...
2025-12-31 09:39:30.201 [info] Got 1 sessions for read:user,repo,user:email,workflow...
2025-12-31 09:39:32.105 [info] Getting sessions for all scopes...
2025-12-31 09:39:32.105 [info] Got 5 sessions for ...
2025-12-31 09:39:32.111 [info] Getting sessions for all scopes...
2025-12-31 09:39:32.111 [info] Got 5 sessions for ...
2025-12-31 09:39:32.491 [info] Getting sessions for read:user,repo,user:email,workflow...
2025-12-31 09:39:32.492 [info] Got 1 sessions for read:user,repo,user:email,workflow...
2025-12-31 09:39:35.012 [info] Getting sessions for all scopes...
2025-12-31 09:39:35.014 [info] Got 5 sessions for ...
2025-12-31 09:39:43.898 [info] Getting sessions for read:user,repo,user:email,workflow...
2025-12-31 09:39:43.898 [info] Got 1 sessions for read:user,repo,user:email,workflow...
2025-12-31 11:19:27.946 [info] Getting sessions for all scopes...
2025-12-31 11:19:27.947 [info] Got 5 sessions for ...
2025-12-31 11:19:30.731 [info] Getting sessions for read:user,repo,user:email,workflow...
2025-12-31 11:19:30.732 [info] Got 1 sessions for read:user,repo,user:email,workflow...
2025-12-31 11:19:32.472 [info] Getting sessions for all scopes...
2025-12-31 11:19:32.473 [info] Got 5 sessions for ...
2025-12-31 11:19:32.475 [info] Getting sessions for all scopes...
2025-12-31 11:19:32.475 [info] Got 5 sessions for ...
2025-12-31 11:19:33.750 [info] Getting sessions for read:user,repo,user:email,workflow...
2025-12-31 11:19:33.751 [info] Got 1 sessions for read:user,repo,user:email,workflow...
2025-12-31 11:19:42.855 [info] Getting sessions for all scopes...
2025-12-31 11:19:42.859 [info] Got 5 sessions for ...
2025-12-31 11:19:42.862 [info] Getting sessions for all scopes...
2025-12-31 11:19:42.862 [info] Got 5 sessions for ...
2025-12-31 11:19:42.923 [info] Getting sessions for read:user,repo,user:email,workflow...
2025-12-31 11:19:42.924 [info] Got 1 sessions for read:user,repo,user:email,workflow...
2025-12-31 11:19:46.608 [info] Getting sessions for all scopes...
2025-12-31 11:19:46.608 [info] Got 5 sessions for ...
2025-12-31 11:19:47.117 [info] Getting sessions for read:user,repo,user:email,workflow...
2025-12-31 11:19:47.117 [info] Got 1 sessions for read:user,repo,user:email,workflow...
2025-12-31 11:19:57.775 [info] Getting sessions for all scopes...
2025-12-31 11:19:57.777 [info] Got 5 sessions for ...
2025-12-31 11:20:00.273 [info] Getting sessions for read:user,repo,user:email,workflow...
2025-12-31 11:20:00.275 [info] Got 1 sessions for read:user,repo,user:email,workflow...
2025-12-31 12:38:36.149 [info] Getting sessions for all scopes...
2025-12-31 12:38:36.150 [info] Got 5 sessions for ...
2025-12-31 12:38:37.463 [info] Getting sessions for read:user,repo,user:email,workflow...
2025-12-31 12:38:37.463 [info] Got 1 sessions for read:user,repo,user:email,workflow...
2025-12-31 12:38:37.902 [info] Getting sessions for all scopes...
2025-12-31 12:38:37.902 [info] Got 5 sessions for ...
2025-12-31 12:38:37.903 [info] Getting sessions for all scopes...
2025-12-31 12:38:37.903 [info] Got 5 sessions for ...
2025-12-31 12:38:38.126 [info] Getting sessions for read:user,repo,user:email,workflow...
2025-12-31 12:38:38.126 [info] Got 1 sessions for read:user,repo,user:email,workflow...
2025-12-31 12:38:39.774 [info] Getting sessions for all scopes...
2025-12-31 12:38:39.774 [info] Got 5 sessions for ...
2025-12-31 12:38:39.774 [info] Getting sessions for all scopes...
2025-12-31 12:38:39.774 [info] Got 5 sessions for ...
2025-12-31 12:38:39.794 [info] Getting sessions for read:user,repo,user:email,workflow...
2025-12-31 12:38:39.795 [info] Got 1 sessions for read:user,repo,user:email,workflow...
2025-12-31 12:38:41.376 [info] Getting sessions for all scopes...
2025-12-31 12:38:41.377 [info] Got 5 sessions for ...
2025-12-31 12:38:41.380 [info] Getting sessions for read:user,repo,user:email,workflow...
2025-12-31 12:38:41.380 [info] Got 1 sessions for read:user,repo,user:email,workflow...
2025-12-31 12:38:56.367 [info] Getting sessions for all scopes...
2025-12-31 12:38:56.367 [info] Got 5 sessions for ...
2025-12-31 12:38:57.429 [info] Getting sessions for read:user,repo,user:email,workflow...
2025-12-31 12:38:57.430 [info] Got 1 sessions for read:user,repo,user:email,workflow...
2025-12-31 14:39:40.755 [info] Getting sessions for all scopes...
2025-12-31 14:39:40.755 [info] Got 5 sessions for ...
2025-12-31 14:39:41.547 [info] Getting sessions for read:user,repo,user:email,workflow...
2025-12-31 14:39:41.547 [info] Got 1 sessions for read:user,repo,user:email,workflow...
2025-12-31 14:39:42.106 [info] Getting sessions for all scopes...
2025-12-31 14:39:42.106 [info] Got 5 sessions for ...
2025-12-31 14:39:42.106 [info] Getting sessions for all scopes...
2025-12-31 14:39:42.106 [info] Got 5 sessions for ...
2025-12-31 14:39:42.130 [info] Getting sessions for read:user,repo,user:email,workflow...
2025-12-31 14:39:42.130 [info] Got 1 sessions for read:user,repo,user:email,workflow...
2025-12-31 14:39:42.369 [info] Getting sessions for all scopes...
2025-12-31 14:39:42.369 [info] Got 5 sessions for ...
2025-12-31 14:39:42.370 [info] Getting sessions for all scopes...
2025-12-31 14:39:42.370 [info] Got 5 sessions for ...
2025-12-31 14:39:42.375 [info] Getting sessions for read:user,repo,user:email,workflow...
2025-12-31 14:39:42.375 [info] Got 1 sessions for read:user,repo,user:email,workflow...
2025-12-31 14:39:44.950 [info] Getting sessions for all scopes...
2025-12-31 14:39:44.950 [info] Got 5 sessions for ...
2025-12-31 14:39:45.170 [info] Getting sessions for read:user,repo,user:email,workflow...
2025-12-31 14:39:45.170 [info] Got 1 sessions for read:user,repo,user:email,workflow...
2025-12-31 14:39:45.886 [info] Getting sessions for all scopes...
2025-12-31 14:39:45.886 [info] Got 5 sessions for ...
2025-12-31 14:39:46.655 [info] Getting sessions for read:user,repo,user:email,workflow...
2025-12-31 14:39:46.655 [info] Got 1 sessions for read:user,repo,user:email,workflow...
2025-12-31 15:34:44.807 [info] Getting sessions for all scopes...
2025-12-31 15:34:44.811 [info] Got 5 sessions for ...
2025-12-31 15:34:45.038 [info] Getting sessions for read:user,repo,user:email,workflow...
2025-12-31 15:34:45.039 [info] Got 1 sessions for read:user,repo,user:email,workflow...
2025-12-31 15:34:46.010 [info] Getting sessions for all scopes...
2025-12-31 15:34:46.010 [info] Got 5 sessions for ...
2025-12-31 15:34:46.019 [info] Getting sessions for all scopes...
2025-12-31 15:34:46.019 [info] Got 5 sessions for ...
2025-12-31 15:34:46.144 [info] Getting sessions for read:user,repo,user:email,workflow...
2025-12-31 15:34:46.144 [info] Got 1 sessions for read:user,repo,user:email,workflow...
2025-12-31 15:34:47.164 [info] Getting sessions for all scopes...
2025-12-31 15:34:47.165 [info] Got 5 sessions for ...
2025-12-31 15:34:47.538 [info] Getting sessions for read:user,repo,user:email,workflow...
2025-12-31 15:34:47.538 [info] Got 1 sessions for read:user,repo,user:email,workflow...
2025-12-31 15:34:48.992 [info] Getting sessions for all scopes...
2025-12-31 15:34:48.992 [info] Got 5 sessions for ...
2025-12-31 15:34:49.391 [info] Getting sessions for read:user,repo,user:email,workflow...
2025-12-31 15:34:49.391 [info] Got 1 sessions for read:user,repo,user:email,workflow...
2025-12-31 15:34:55.291 [info] Getting sessions for all scopes...
2025-12-31 15:34:55.291 [info] Got 5 sessions for ...
2025-12-31 15:34:56.248 [info] Getting sessions for read:user,repo,user:email,workflow...
2025-12-31 15:34:56.248 [info] Got 1 sessions for read:user,repo,user:email,workflow...
2025-12-31 16:04:56.245 [info] Getting sessions for all scopes...
2025-12-31 16:04:56.247 [info] Got 5 sessions for ...
2025-12-31 16:04:56.250 [info] Getting sessions for all scopes...
2025-12-31 16:04:56.250 [info] Got 5 sessions for ...
2025-12-31 16:04:56.284 [info] Getting sessions for read:user,repo,user:email,workflow...
2025-12-31 16:04:56.284 [info] Got 1 sessions for read:user,repo,user:email,workflow...
2025-12-31 16:04:56.777 [info] Getting sessions for all scopes...
2025-12-31 16:04:56.777 [info] Got 5 sessions for ...
2025-12-31 16:04:56.808 [info] Getting sessions for read:user,repo,user:email,workflow...
2025-12-31 16:04:56.808 [info] Got 1 sessions for read:user,repo,user:email,workflow...
2025-12-31 16:04:57.564 [info] Getting sessions for all scopes...
2025-12-31 16:04:57.565 [info] Got 5 sessions for ...
2025-12-31 16:04:57.566 [info] Getting sessions for all scopes...
2025-12-31 16:04:57.566 [info] Got 5 sessions for ...
2025-12-31 16:04:57.604 [info] Getting sessions for read:user,repo,user:email,workflow...
2025-12-31 16:04:57.604 [info] Got 1 sessions for read:user,repo,user:email,workflow...
2025-12-31 16:04:58.090 [info] Getting sessions for all scopes...
2025-12-31 16:04:58.090 [info] Got 5 sessions for ...
2025-12-31 16:04:58.539 [info] Getting sessions for read:user,repo,user:email,workflow...
2025-12-31 16:04:58.539 [info] Got 1 sessions for read:user,repo,user:email,workflow...
2025-12-31 16:46:50.860 [info] Getting sessions for all scopes...
2025-12-31 16:46:50.862 [info] Got 5 sessions for ...
2025-12-31 16:46:50.883 [info] Getting sessions for read:user,repo,user:email,workflow...
2025-12-31 16:46:50.883 [info] Got 1 sessions for read:user,repo,user:email,workflow...
2025-12-31 16:52:42.365 [info] Getting sessions for all scopes...
2025-12-31 16:52:42.367 [info] Got 5 sessions for ...
2025-12-31 16:52:52.231 [info] Getting sessions for read:user,repo,user:email,workflow...
2025-12-31 16:52:52.233 [info] Got 1 sessions for read:user,repo,user:email,workflow...
2025-12-31 17:00:08.609 [info] Getting sessions for all scopes...
2025-12-31 17:00:08.610 [info] Got 5 sessions for ...
2025-12-31 17:00:08.619 [info] Getting sessions for read:user,repo,user:email,workflow...
2025-12-31 17:00:08.620 [info] Got 1 sessions for read:user,repo,user:email,workflow...
2025-12-31 17:00:09.221 [info] Getting sessions for all scopes...
2025-12-31 17:00:09.221 [info] Got 5 sessions for ...
2025-12-31 17:00:09.222 [info] Getting sessions for all scopes...
2025-12-31 17:00:09.222 [info] Got 5 sessions for ...
2025-12-31 17:00:09.278 [info] Getting sessions for read:user,repo,user:email,workflow...
2025-12-31 17:00:09.278 [info] Got 1 sessions for read:user,repo,user:email,workflow...
2025-12-31 17:00:10.066 [info] Getting sessions for all scopes...
2025-12-31 17:00:10.066 [info] Got 5 sessions for ...
2025-12-31 17:00:10.067 [info] Getting sessions for all scopes...
2025-12-31 17:00:10.067 [info] Got 5 sessions for ...
2025-12-31 17:00:10.076 [info] Getting sessions for read:user,repo,user:email,workflow...
2025-12-31 17:00:10.076 [info] Got 1 sessions for read:user,repo,user:email,workflow...
2025-12-31 17:43:32.154 [info] Getting sessions for all scopes...
2025-12-31 17:43:32.160 [info] Got 5 sessions for ...
2025-12-31 17:43:32.217 [info] Getting sessions for read:user,repo,user:email,workflow...
2025-12-31 17:43:32.217 [info] Got 1 sessions for read:user,repo,user:email,workflow...
2025-12-31 17:48:53.154 [info] Getting sessions for all scopes...
2025-12-31 17:48:53.156 [info] Got 5 sessions for ...
2025-12-31 17:48:53.187 [info] Getting sessions for read:user,repo,user:email,workflow...
2025-12-31 17:48:53.187 [info] Got 1 sessions for read:user,repo,user:email,workflow...
2025-12-31 17:55:11.353 [info] Getting sessions for all scopes...
2025-12-31 17:55:11.354 [info] Got 5 sessions for ...
2025-12-31 17:55:12.343 [info] Getting sessions for read:user,repo,user:email,workflow...
2025-12-31 17:55:12.343 [info] Got 1 sessions for read:user,repo,user:email,workflow...
2025-12-31 17:55:13.408 [info] Getting sessions for all scopes...
2025-12-31 17:55:13.408 [info] Got 5 sessions for ...
2025-12-31 17:55:13.439 [info] Getting sessions for all scopes...
2025-12-31 17:55:13.439 [info] Got 5 sessions for ...
2025-12-31 17:55:13.741 [info] Getting sessions for read:user,repo,user:email,workflow...
2025-12-31 17:55:13.741 [info] Got 1 sessions for read:user,repo,user:email,workflow...
2025-12-31 17:55:15.868 [info] Getting sessions for all scopes...
2025-12-31 17:55:15.868 [info] Got 5 sessions for ...
2025-12-31 17:55:16.004 [info] Getting sessions for read:user,repo,user:email,workflow...
2025-12-31 17:55:16.004 [info] Got 1 sessions for read:user,repo,user:email,workflow...
2025-12-31 17:55:16.704 [info] Getting sessions for all scopes...
2025-12-31 17:55:16.704 [info] Got 5 sessions for ...
2025-12-31 17:55:16.796 [info] Getting sessions for read:user,repo,user:email,workflow...
2025-12-31 17:55:16.796 [info] Got 1 sessions for read:user,repo,user:email,workflow...
2025-12-31 17:55:17.594 [info] Getting sessions for all scopes...
2025-12-31 17:55:17.595 [info] Got 5 sessions for ...
2025-12-31 17:55:17.643 [info] Getting sessions for read:user,repo,user:email,workflow...
2025-12-31 17:55:17.644 [info] Got 1 sessions for read:user,repo,user:email,workflow...
2025-12-31 18:50:16.207 [info] Getting sessions for all scopes...
2025-12-31 18:50:16.211 [info] Got 5 sessions for ...
2025-12-31 18:50:16.392 [info] Getting sessions for read:user,repo,user:email,workflow...
2025-12-31 18:50:16.392 [info] Got 1 sessions for read:user,repo,user:email,workflow...
2025-12-31 18:50:17.200 [info] Getting sessions for all scopes...
2025-12-31 18:50:17.200 [info] Got 5 sessions for ...
2025-12-31 18:50:17.201 [info] Getting sessions for all scopes...
2025-12-31 18:50:17.201 [info] Got 5 sessions for ...
2025-12-31 18:50:17.241 [info] Getting sessions for read:user,repo,user:email,workflow...
2025-12-31 18:50:17.241 [info] Got 1 sessions for read:user,repo,user:email,workflow...
2025-12-31 18:50:17.379 [info] Getting sessions for all scopes...
2025-12-31 18:50:17.379 [info] Got 5 sessions for ...
2025-12-31 18:50:17.681 [info] Getting sessions for read:user,repo,user:email,workflow...
2025-12-31 18:50:17.681 [info] Got 1 sessions for read:user,repo,user:email,workflow...
2025-12-31 18:57:04.198 [info] Getting sessions for all scopes...
2025-12-31 18:57:04.199 [info] Got 5 sessions for ...
2025-12-31 18:57:04.442 [info] Getting sessions for read:user,repo,user:email,workflow...
2025-12-31 18:57:04.443 [info] Got 1 sessions for read:user,repo,user:email,workflow...
2025-12-31 18:57:15.342 [info] Getting sessions for all scopes...
2025-12-31 18:57:15.342 [info] Got 5 sessions for ...
2025-12-31 18:57:15.397 [info] Getting sessions for read:user,repo,user:email,workflow...
2025-12-31 18:57:15.397 [info] Got 1 sessions for read:user,repo,user:email,workflow...
2025-12-31 19:45:17.970 [info] Getting sessions for all scopes...
2025-12-31 19:45:17.972 [info] Got 5 sessions for ...
2025-12-31 19:45:18.627 [info] Getting sessions for read:user,repo,user:email,workflow...
2025-12-31 19:45:18.628 [info] Got 1 sessions for read:user,repo,user:email,workflow...
2025-12-31 19:45:30.485 [info] Getting sessions for all scopes...
2025-12-31 19:45:30.486 [info] Got 5 sessions for ...
2025-12-31 19:45:30.486 [info] Getting sessions for all scopes...
2025-12-31 19:45:30.486 [info] Got 5 sessions for ...
2025-12-31 19:45:30.538 [info] Getting sessions for read:user,repo,user:email,workflow...
2025-12-31 19:45:30.538 [info] Got 1 sessions for read:user,repo,user:email,workflow...
2025-12-31 19:45:30.740 [info] Getting sessions for all scopes...
2025-12-31 19:45:30.740 [info] Got 5 sessions for ...
2025-12-31 19:45:31.154 [info] Getting sessions for read:user,repo,user:email,workflow...
2025-12-31 19:45:31.154 [info] Got 1 sessions for read:user,repo,user:email,workflow...
2025-12-31 19:46:02.020 [info] Getting sessions for all scopes...
2025-12-31 19:46:02.021 [info] Got 5 sessions for ...
2025-12-31 19:46:02.075 [info] Getting sessions for read:user,repo,user:email,workflow...
2025-12-31 19:46:02.076 [info] Got 1 sessions for read:user,repo,user:email,workflow...
2025-12-31 19:49:43.792 [info] Getting sessions for all scopes...
2025-12-31 19:49:43.797 [info] Got 5 sessions for ...
2025-12-31 19:49:48.182 [info] Getting sessions for read:user,repo,user:email,workflow...
2025-12-31 19:49:48.182 [info] Got 1 sessions for read:user,repo,user:email,workflow...
2025-12-31 20:40:30.194 [info] Getting sessions for all scopes...
2025-12-31 20:40:30.195 [info] Got 5 sessions for ...
2025-12-31 20:40:30.233 [info] Getting sessions for read:user,repo,user:email,workflow...
2025-12-31 20:40:30.233 [info] Got 1 sessions for read:user,repo,user:email,workflow...
2025-12-31 20:40:30.871 [info] Getting sessions for all scopes...
2025-12-31 20:40:30.871 [info] Got 5 sessions for ...
2025-12-31 20:40:30.882 [info] Getting sessions for all scopes...
2025-12-31 20:40:30.882 [info] Got 5 sessions for ...
2025-12-31 20:40:31.002 [info] Getting sessions for read:user,repo,user:email,workflow...
2025-12-31 20:40:31.002 [info] Got 1 sessions for read:user,repo,user:email,workflow...
2025-12-31 20:40:31.955 [info] Getting sessions for all scopes...
2025-12-31 20:40:31.956 [info] Got 5 sessions for ...
2025-12-31 20:40:31.956 [info] Getting sessions for all scopes...
2025-12-31 20:40:31.956 [info] Got 5 sessions for ...
2025-12-31 20:40:31.964 [info] Getting sessions for read:user,repo,user:email,workflow...
2025-12-31 20:40:31.964 [info] Got 1 sessions for read:user,repo,user:email,workflow...
2025-12-31 20:40:32.653 [info] Getting sessions for all scopes...
2025-12-31 20:40:32.653 [info] Got 5 sessions for ...
2025-12-31 20:40:32.658 [info] Getting sessions for read:user,repo,user:email,workflow...
2025-12-31 20:40:32.658 [info] Got 1 sessions for read:user,repo,user:email,workflow...
2025-12-31 22:54:19.357 [info] Getting sessions for all scopes...
2025-12-31 22:54:19.362 [info] Got 5 sessions for ...
2025-12-31 22:54:20.319 [info] Getting sessions for read:user,repo,user:email,workflow...
2025-12-31 22:54:20.320 [info] Got 1 sessions for read:user,repo,user:email,workflow...
2025-12-31 22:54:20.961 [info] Getting sessions for all scopes...
2025-12-31 22:54:20.961 [info] Got 5 sessions for ...
2025-12-31 22:54:20.962 [info] Getting sessions for all scopes...
2025-12-31 22:54:20.962 [info] Got 5 sessions for ...
2025-12-31 22:54:21.301 [info] Getting sessions for read:user,repo,user:email,workflow...
2025-12-31 22:54:21.301 [info] Got 1 sessions for read:user,repo,user:email,workflow...
2025-12-31 22:54:22.758 [info] Getting sessions for all scopes...
2025-12-31 22:54:22.758 [info] Got 5 sessions for ...
2025-12-31 22:54:22.759 [info] Getting sessions for all scopes...
2025-12-31 22:54:22.759 [info] Got 5 sessions for ...
2025-12-31 22:54:23.017 [info] Getting sessions for read:user,repo,user:email,workflow...
2025-12-31 22:54:23.017 [info] Got 1 sessions for read:user,repo,user:email,workflow...
2025-12-31 22:54:29.907 [info] Getting sessions for all scopes...
2025-12-31 22:54:29.909 [info] Got 5 sessions for ...
2025-12-31 22:54:30.424 [info] Getting sessions for all scopes...
2025-12-31 22:54:30.425 [info] Got 5 sessions for ...
2025-12-31 22:54:31.073 [info] Getting sessions for read:user,repo,user:email,workflow...
2025-12-31 22:54:31.073 [info] Got 1 sessions for read:user,repo,user:email,workflow...
2025-12-31 22:54:31.090 [info] Getting sessions for all scopes...
2025-12-31 22:54:31.090 [info] Got 5 sessions for ...
2025-12-31 22:54:31.547 [info] Getting sessions for read:user,repo,user:email,workflow...
2025-12-31 22:54:31.548 [info] Got 1 sessions for read:user,repo,user:email,workflow...
2025-12-31 22:54:36.295 [info] Getting sessions for all scopes...
2025-12-31 22:54:36.301 [info] Got 5 sessions for ...
2025-12-31 22:54:36.673 [info] Getting sessions for read:user,repo,user:email,workflow...
2025-12-31 22:54:36.674 [info] Got 1 sessions for read:user,repo,user:email,workflow...
2025-12-31 23:54:49.043 [info] Getting sessions for all scopes...
2025-12-31 23:54:49.045 [info] Got 5 sessions for ...
2025-12-31 23:54:49.228 [info] Getting sessions for read:user,repo,user:email,workflow...
2025-12-31 23:54:49.228 [info] Got 1 sessions for read:user,repo,user:email,workflow...
2025-12-31 23:54:49.758 [info] Getting sessions for all scopes...
2025-12-31 23:54:49.758 [info] Got 5 sessions for ...
2025-12-31 23:54:49.762 [info] Getting sessions for all scopes...
2025-12-31 23:54:49.762 [info] Got 5 sessions for ...
2025-12-31 23:54:52.052 [info] Getting sessions for read:user,repo,user:email,workflow...
2025-12-31 23:54:52.052 [info] Got 1 sessions for read:user,repo,user:email,workflow...
2025-12-31 23:55:11.838 [info] Getting sessions for all scopes...
2025-12-31 23:55:11.840 [info] Got 5 sessions for ...
2025-12-31 23:55:11.842 [info] Getting sessions for all scopes...
2025-12-31 23:55:11.842 [info] Got 5 sessions for ...
2025-12-31 23:55:12.393 [info] Getting sessions for read:user,repo,user:email,workflow...
2025-12-31 23:55:12.393 [info] Got 1 sessions for read:user,repo,user:email,workflow...
2025-12-31 23:55:13.290 [info] Getting sessions for all scopes...
2025-12-31 23:55:13.298 [info] Got 5 sessions for ...
2025-12-31 23:55:14.097 [info] Getting sessions for read:user,repo,user:email,workflow...
2025-12-31 23:55:14.098 [info] Got 1 sessions for read:user,repo,user:email,workflow...
2025-12-31 23:55:16.928 [info] Getting sessions for all scopes...
2025-12-31 23:55:16.928 [info] Got 5 sessions for ...
2026-01-01 00:10:38.387 [info] Getting sessions for read:user,repo,user:email,workflow...
2026-01-01 00:10:38.389 [info] Got 1 sessions for read:user,repo,user:email,workflow...
2026-01-01 02:12:57.301 [info] Getting sessions for all scopes...
2026-01-01 02:12:57.302 [info] Got 5 sessions for ...
2026-01-01 02:12:57.911 [info] Getting sessions for read:user,repo,user:email,workflow...
2026-01-01 02:12:57.911 [info] Got 1 sessions for read:user,repo,user:email,workflow...
2026-01-01 02:12:59.778 [info] Getting sessions for all scopes...
2026-01-01 02:12:59.778 [info] Got 5 sessions for ...
2026-01-01 02:12:59.802 [info] Getting sessions for all scopes...
2026-01-01 02:12:59.802 [info] Got 5 sessions for ...
2026-01-01 02:13:00.270 [info] Getting sessions for read:user,repo,user:email,workflow...
2026-01-01 02:13:00.271 [info] Got 1 sessions for read:user,repo,user:email,workflow...
2026-01-01 02:13:01.381 [info] Getting sessions for all scopes...
2026-01-01 02:13:01.381 [info] Got 5 sessions for ...
2026-01-01 02:13:01.382 [info] Getting sessions for all scopes...
2026-01-01 02:13:01.382 [info] Got 5 sessions for ...
2026-01-01 02:13:01.431 [info] Getting sessions for read:user,repo,user:email,workflow...
2026-01-01 02:13:01.431 [info] Got 1 sessions for read:user,repo,user:email,workflow...
2026-01-01 02:13:02.216 [info] Getting sessions for all scopes...
2026-01-01 02:13:02.218 [info] Got 5 sessions for ...
2026-01-01 02:13:02.441 [info] Getting sessions for read:user,repo,user:email,workflow...
2026-01-01 02:13:02.442 [info] Got 1 sessions for read:user,repo,user:email,workflow...
2026-01-01 02:13:12.879 [info] Getting sessions for all scopes...
2026-01-01 02:13:12.882 [info] Got 5 sessions for ...
2026-01-01 02:13:13.360 [info] Getting sessions for read:user,repo,user:email,workflow...
2026-01-01 02:13:13.361 [info] Got 1 sessions for read:user,repo,user:email,workflow...
2026-01-01 03:14:09.190 [info] Getting sessions for all scopes...
2026-01-01 03:14:09.191 [info] Got 5 sessions for ...
2026-01-01 03:14:09.246 [info] Getting sessions for read:user,repo,user:email,workflow...
2026-01-01 03:14:09.247 [info] Got 1 sessions for read:user,repo,user:email,workflow...
2026-01-01 03:14:09.950 [info] Getting sessions for all scopes...
2026-01-01 03:14:09.950 [info] Got 5 sessions for ...
2026-01-01 03:14:09.950 [info] Getting sessions for all scopes...
2026-01-01 03:14:09.950 [info] Got 5 sessions for ...
2026-01-01 03:14:10.371 [info] Getting sessions for read:user,repo,user:email,workflow...
2026-01-01 03:14:10.371 [info] Got 1 sessions for read:user,repo,user:email,workflow...
2026-01-01 03:14:11.758 [info] Getting sessions for all scopes...
2026-01-01 03:14:11.758 [info] Got 5 sessions for ...
2026-01-01 03:14:11.758 [info] Getting sessions for all scopes...
2026-01-01 03:14:11.758 [info] Got 5 sessions for ...
2026-01-01 03:14:12.132 [info] Getting sessions for read:user,repo,user:email,workflow...
2026-01-01 03:14:12.132 [info] Got 1 sessions for read:user,repo,user:email,workflow...
2026-01-01 03:14:15.245 [info] Getting sessions for all scopes...
2026-01-01 03:14:15.245 [info] Got 5 sessions for ...
2026-01-01 03:14:15.621 [info] Getting sessions for read:user,repo,user:email,workflow...
2026-01-01 03:14:15.621 [info] Got 1 sessions for read:user,repo,user:email,workflow...
2026-01-01 04:15:21.405 [info] Getting sessions for all scopes...
2026-01-01 04:15:21.406 [info] Got 5 sessions for ...
2026-01-01 04:15:22.002 [info] Getting sessions for read:user,repo,user:email,workflow...
2026-01-01 04:15:22.002 [info] Got 1 sessions for read:user,repo,user:email,workflow...
2026-01-01 04:15:22.762 [info] Getting sessions for all scopes...
2026-01-01 04:15:22.762 [info] Got 5 sessions for ...
2026-01-01 04:15:22.764 [info] Getting sessions for all scopes...
2026-01-01 04:15:22.764 [info] Got 5 sessions for ...
2026-01-01 04:15:23.400 [info] Getting sessions for read:user,repo,user:email,workflow...
2026-01-01 04:15:23.400 [info] Got 1 sessions for read:user,repo,user:email,workflow...
2026-01-01 04:15:24.559 [info] Getting sessions for all scopes...
2026-01-01 04:15:24.559 [info] Got 5 sessions for ...
2026-01-01 04:15:24.559 [info] Getting sessions for all scopes...
2026-01-01 04:15:24.559 [info] Got 5 sessions for ...
2026-01-01 04:15:25.001 [info] Getting sessions for read:user,repo,user:email,workflow...
2026-01-01 04:15:25.001 [info] Got 1 sessions for read:user,repo,user:email,workflow...
2026-01-01 04:15:27.878 [info] Getting sessions for all scopes...
2026-01-01 04:15:27.879 [info] Got 5 sessions for ...
2026-01-01 04:15:27.923 [info] Getting sessions for all scopes...
2026-01-01 04:15:27.923 [info] Got 5 sessions for ...
2026-01-01 04:15:28.255 [info] Getting sessions for read:user,repo,user:email,workflow...
2026-01-01 04:15:28.258 [info] Got 1 sessions for read:user,repo,user:email,workflow...
2026-01-01 04:15:30.483 [info] Getting sessions for all scopes...
2026-01-01 04:15:30.484 [info] Got 5 sessions for ...
2026-01-01 04:15:31.615 [info] Getting sessions for read:user,repo,user:email,workflow...
2026-01-01 04:15:31.615 [info] Got 1 sessions for read:user,repo,user:email,workflow...
2026-01-01 04:15:32.666 [info] Getting sessions for all scopes...
2026-01-01 04:15:32.666 [info] Got 5 sessions for ...
2026-01-01 04:15:37.369 [info] Getting sessions for read:user,repo,user:email,workflow...
2026-01-01 04:15:37.370 [info] Got 1 sessions for read:user,repo,user:email,workflow...
2026-01-01 05:16:33.264 [info] Getting sessions for all scopes...
2026-01-01 05:16:33.264 [info] Got 5 sessions for ...
2026-01-01 05:16:33.864 [info] Getting sessions for read:user,repo,user:email,workflow...
2026-01-01 05:16:33.864 [info] Got 1 sessions for read:user,repo,user:email,workflow...
2026-01-01 05:16:34.542 [info] Getting sessions for all scopes...
2026-01-01 05:16:34.542 [info] Got 5 sessions for ...
2026-01-01 05:16:34.543 [info] Getting sessions for all scopes...
2026-01-01 05:16:34.543 [info] Got 5 sessions for ...
2026-01-01 05:16:34.861 [info] Getting sessions for read:user,repo,user:email,workflow...
2026-01-01 05:16:34.861 [info] Got 1 sessions for read:user,repo,user:email,workflow...
2026-01-01 05:16:39.202 [info] Getting sessions for all scopes...
2026-01-01 05:16:39.202 [info] Got 5 sessions for ...
2026-01-01 05:16:39.204 [info] Getting sessions for all scopes...
2026-01-01 05:16:39.204 [info] Got 5 sessions for ...
2026-01-01 05:16:40.234 [info] Getting sessions for read:user,repo,user:email,workflow...
2026-01-01 05:16:40.234 [info] Got 1 sessions for read:user,repo,user:email,workflow...
2026-01-01 05:16:42.225 [info] Getting sessions for all scopes...
2026-01-01 05:16:42.226 [info] Got 5 sessions for ...
2026-01-01 05:16:42.226 [info] Getting sessions for all scopes...
2026-01-01 05:16:42.226 [info] Got 5 sessions for ...
2026-01-01 05:16:42.354 [info] Getting sessions for read:user,repo,user:email,workflow...
2026-01-01 05:16:42.354 [info] Got 1 sessions for read:user,repo,user:email,workflow...
2026-01-01 05:16:44.143 [info] Getting sessions for all scopes...
2026-01-01 05:16:44.143 [info] Got 5 sessions for ...
2026-01-01 05:16:44.171 [info] Getting sessions for read:user,repo,user:email,workflow...
2026-01-01 05:16:44.171 [info] Got 1 sessions for read:user,repo,user:email,workflow...
2026-01-01 05:16:44.617 [info] Getting sessions for all scopes...
2026-01-01 05:16:44.618 [info] Got 5 sessions for ...
2026-01-01 05:16:44.456 [info] Getting sessions for read:user,repo,user:email,workflow...
2026-01-01 05:16:44.458 [info] Got 1 sessions for read:user,repo,user:email,workflow...
2026-01-01 06:17:51.138 [info] Getting sessions for all scopes...
2026-01-01 06:17:51.144 [info] Got 5 sessions for ...
2026-01-01 06:17:51.600 [info] Getting sessions for read:user,repo,user:email,workflow...
2026-01-01 06:17:51.600 [info] Got 1 sessions for read:user,repo,user:email,workflow...
2026-01-01 06:17:52.068 [info] Getting sessions for all scopes...
2026-01-01 06:17:52.068 [info] Got 5 sessions for ...
2026-01-01 06:17:52.070 [info] Getting sessions for all scopes...
2026-01-01 06:17:52.070 [info] Got 5 sessions for ...
2026-01-01 06:17:52.289 [info] Getting sessions for read:user,repo,user:email,workflow...
2026-01-01 06:17:52.289 [info] Got 1 sessions for read:user,repo,user:email,workflow...
2026-01-01 06:17:54.102 [info] Getting sessions for all scopes...
2026-01-01 06:17:54.102 [info] Got 5 sessions for ...
2026-01-01 06:17:54.102 [info] Getting sessions for all scopes...
2026-01-01 06:17:54.102 [info] Got 5 sessions for ...
2026-01-01 06:17:54.196 [info] Getting sessions for read:user,repo,user:email,workflow...
2026-01-01 06:17:54.196 [info] Got 1 sessions for read:user,repo,user:email,workflow...
2026-01-01 06:17:55.724 [info] Getting sessions for all scopes...
2026-01-01 06:17:55.724 [info] Got 5 sessions for ...
2026-01-01 06:17:55.725 [info] Getting sessions for all scopes...
2026-01-01 06:17:55.725 [info] Got 5 sessions for ...
2026-01-01 06:17:55.768 [info] Getting sessions for read:user,repo,user:email,workflow...
2026-01-01 06:17:55.768 [info] Got 1 sessions for read:user,repo,user:email,workflow...
2026-01-01 06:17:59.611 [info] Getting sessions for all scopes...
2026-01-01 06:17:59.611 [info] Got 5 sessions for ...
2026-01-01 06:17:59.786 [info] Getting sessions for read:user,repo,user:email,workflow...
2026-01-01 06:17:59.786 [info] Got 1 sessions for read:user,repo,user:email,workflow...
2026-01-01 06:18:00.106 [info] Getting sessions for all scopes...
2026-01-01 06:18:00.106 [info] Got 5 sessions for ...
2026-01-01 06:18:00.275 [info] Getting sessions for read:user,repo,user:email,workflow...
2026-01-01 06:18:00.275 [info] Got 1 sessions for read:user,repo,user:email,workflow...
2026-01-01 10:04:47.066 [info] Getting sessions for all scopes...
2026-01-01 10:04:47.068 [info] Got 5 sessions for ...
2026-01-01 10:04:54.395 [info] Getting sessions for read:user,repo,user:email,workflow...
2026-01-01 10:04:54.398 [info] Got 1 sessions for read:user,repo,user:email,workflow...
2026-01-01 10:05:20.080 [info] Getting sessions for all scopes...
2026-01-01 10:05:20.080 [info] Got 5 sessions for ...
2026-01-01 10:05:20.082 [info] Getting sessions for all scopes...
2026-01-01 10:05:20.082 [info] Got 5 sessions for ...
2026-01-01 10:05:20.397 [info] Getting sessions for read:user,repo,user:email,workflow...
2026-01-01 10:05:20.397 [info] Got 1 sessions for read:user,repo,user:email,workflow...
2026-01-01 10:05:25.589 [info] Getting sessions for all scopes...
2026-01-01 10:05:25.590 [info] Got 5 sessions for ...
2026-01-01 10:05:26.744 [info] Getting sessions for read:user,repo,user:email,workflow...
2026-01-01 10:05:26.744 [info] Got 1 sessions for read:user,repo,user:email,workflow...
2026-01-01 10:05:45.580 [info] Getting sessions for all scopes...
2026-01-01 10:05:45.580 [info] Got 5 sessions for ...
2026-01-01 10:05:45.781 [info] Getting sessions for all scopes...
2026-01-01 10:05:45.781 [info] Got 5 sessions for ...
2026-01-01 10:05:58.828 [info] Getting sessions for read:user,repo,user:email,workflow...
2026-01-01 10:05:58.829 [info] Got 1 sessions for read:user,repo,user:email,workflow...
2026-01-01 10:05:58.855 [info] Getting sessions for all scopes...
2026-01-01 10:05:58.855 [info] Got 5 sessions for ...
2026-01-01 10:05:59.261 [info] Getting sessions for all scopes...
2026-01-01 10:05:59.261 [info] Got 5 sessions for ...
2026-01-01 10:05:59.277 [info] Getting sessions for read:user,repo,user:email,workflow...
2026-01-01 10:05:59.278 [info] Got 1 sessions for read:user,repo,user:email,workflow...
2026-01-01 10:05:59.286 [info] Getting sessions for all scopes...
2026-01-01 10:05:59.286 [info] Got 5 sessions for ...
2026-01-01 10:06:00.152 [info] Getting sessions for read:user,repo,user:email,workflow...
2026-01-01 10:06:00.152 [info] Got 1 sessions for read:user,repo,user:email,workflow...
2026-01-01 10:09:36.525 [info] Getting sessions for all scopes...
2026-01-01 10:09:36.527 [info] Got 5 sessions for ...
2026-01-01 10:09:36.842 [info] Getting sessions for read:user,repo,user:email,workflow...
2026-01-01 10:09:36.842 [info] Got 1 sessions for read:user,repo,user:email,workflow...
2026-01-01 10:09:38.369 [info] Getting sessions for all scopes...
2026-01-01 10:09:38.369 [info] Got 5 sessions for ...
2026-01-01 10:09:38.370 [info] Getting sessions for all scopes...
2026-01-01 10:09:38.370 [info] Got 5 sessions for ...
2026-01-01 10:09:38.406 [info] Getting sessions for read:user,repo,user:email,workflow...
2026-01-01 10:09:38.416 [info] Got 1 sessions for read:user,repo,user:email,workflow...
2026-01-01 10:09:44.275 [info] Getting sessions for all scopes...
2026-01-01 10:09:44.275 [info] Got 5 sessions for ...
2026-01-01 10:09:44.277 [info] Getting sessions for all scopes...
2026-01-01 10:09:44.277 [info] Got 5 sessions for ...
2026-01-01 10:09:44.278 [info] Getting sessions for all scopes...
2026-01-01 10:09:44.279 [info] Got 5 sessions for ...
2026-01-01 10:09:44.289 [info] Getting sessions for read:user,repo,user:email,workflow...
2026-01-01 10:09:44.289 [info] Got 1 sessions for read:user,repo,user:email,workflow...
2026-01-01 10:09:52.038 [info] Getting sessions for all scopes...
2026-01-01 10:09:52.044 [info] Got 5 sessions for ...
2026-01-01 10:09:52.048 [info] Getting sessions for all scopes...
2026-01-01 10:09:52.048 [info] Got 5 sessions for ...
2026-01-01 10:09:52.275 [info] Getting sessions for all scopes...
2026-01-01 10:09:52.275 [info] Got 5 sessions for ...
2026-01-01 10:09:52.277 [info] Getting sessions for read:user,repo,user:email,workflow...
2026-01-01 10:09:52.277 [info] Got 1 sessions for read:user,repo,user:email,workflow...
2026-01-01 10:09:53.190 [info] Getting sessions for all scopes...
2026-01-01 10:09:53.190 [info] Got 5 sessions for ...
2026-01-01 10:09:53.616 [info] Getting sessions for read:user,repo,user:email,workflow...
2026-01-01 10:09:53.616 [info] Got 1 sessions for read:user,repo,user:email,workflow...
2026-01-01 10:09:54.002 [info] Getting sessions for all scopes...
2026-01-01 10:09:54.002 [info] Got 5 sessions for ...
2026-01-01 10:09:54.039 [info] Getting sessions for read:user,repo,user:email,workflow...
2026-01-01 10:09:54.039 [info] Got 1 sessions for read:user,repo,user:email,workflow...
2026-01-01 10:09:54.383 [info] Getting sessions for all scopes...
2026-01-01 10:09:54.383 [info] Got 5 sessions for ...
2026-01-01 10:09:54.393 [info] Getting sessions for read:user,repo,user:email,workflow...
2026-01-01 10:09:54.393 [info] Got 1 sessions for read:user,repo,user:email,workflow...
2026-01-01 11:04:53.176 [info] Getting sessions for all scopes...
2026-01-01 11:04:53.180 [info] Got 5 sessions for ...
2026-01-01 11:04:53.221 [info] Getting sessions for read:user,repo,user:email,workflow...
2026-01-01 11:04:53.223 [info] Got 1 sessions for read:user,repo,user:email,workflow...
2026-01-01 11:04:53.996 [info] Getting sessions for all scopes...
2026-01-01 11:04:53.996 [info] Got 5 sessions for ...
2026-01-01 11:04:53.996 [info] Getting sessions for all scopes...
2026-01-01 11:04:53.996 [info] Got 5 sessions for ...
2026-01-01 11:04:54.130 [info] Getting sessions for read:user,repo,user:email,workflow...
2026-01-01 11:04:54.130 [info] Got 1 sessions for read:user,repo,user:email,workflow...
2026-01-01 11:04:55.032 [info] Getting sessions for all scopes...
2026-01-01 11:04:55.032 [info] Got 5 sessions for ...
2026-01-01 11:04:55.034 [info] Getting sessions for all scopes...
2026-01-01 11:04:55.035 [info] Got 5 sessions for ...
2026-01-01 11:04:55.071 [info] Getting sessions for read:user,repo,user:email,workflow...
2026-01-01 11:04:55.071 [info] Got 1 sessions for read:user,repo,user:email,workflow...
2026-01-01 11:04:55.761 [info] Getting sessions for all scopes...
2026-01-01 11:04:55.761 [info] Got 5 sessions for ...
2026-01-01 11:04:55.763 [info] Getting sessions for read:user,repo,user:email,workflow...
2026-01-01 11:04:55.764 [info] Got 1 sessions for read:user,repo,user:email,workflow...
2026-01-01 12:41:51.268 [info] Getting sessions for all scopes...
2026-01-01 12:41:51.526 [info] Got 5 sessions for ...
2026-01-01 12:41:51.882 [info] Getting sessions for read:user,repo,user:email,workflow...
2026-01-01 12:41:51.882 [info] Got 1 sessions for read:user,repo,user:email,workflow...
2026-01-01 12:41:54.472 [info] Getting sessions for all scopes...
2026-01-01 12:41:54.484 [info] Got 5 sessions for ...
2026-01-01 12:41:54.487 [info] Getting sessions for all scopes...
2026-01-01 12:41:54.487 [info] Got 5 sessions for ...
2026-01-01 12:41:54.493 [info] Getting sessions for read:user,repo,user:email,workflow...
2026-01-01 12:41:54.493 [info] Got 1 sessions for read:user,repo,user:email,workflow...
2026-01-01 12:42:09.187 [info] Getting sessions for all scopes...
2026-01-01 12:42:09.191 [info] Got 5 sessions for ...
2026-01-01 12:42:09.192 [info] Getting sessions for all scopes...
2026-01-01 12:42:09.192 [info] Got 5 sessions for ...
2026-01-01 12:42:09.263 [info] Getting sessions for read:user,repo,user:email,workflow...
2026-01-01 12:42:09.263 [info] Got 1 sessions for read:user,repo,user:email,workflow...
2026-01-01 12:42:10.693 [info] Getting sessions for all scopes...
2026-01-01 12:42:10.693 [info] Got 5 sessions for ...
2026-01-01 12:42:10.693 [info] Getting sessions for all scopes...
2026-01-01 12:42:10.693 [info] Got 5 sessions for ...
2026-01-01 12:42:10.694 [info] Getting sessions for read:user,repo,user:email,workflow...
2026-01-01 12:42:10.694 [info] Got 1 sessions for read:user,repo,user:email,workflow...
2026-01-01 12:42:11.978 [info] Getting sessions for all scopes...
2026-01-01 12:42:11.978 [info] Got 5 sessions for ...
2026-01-01 12:42:11.990 [info] Getting sessions for read:user,repo,user:email,workflow...
2026-01-01 12:42:11.990 [info] Got 1 sessions for read:user,repo,user:email,workflow...
2026-01-01 13:37:10.963 [info] Getting sessions for all scopes...
2026-01-01 13:37:10.968 [info] Got 5 sessions for ...
2026-01-01 13:37:11.027 [info] Getting sessions for read:user,repo,user:email,workflow...
2026-01-01 13:37:11.028 [info] Got 1 sessions for read:user,repo,user:email,workflow...
2026-01-01 13:37:12.042 [info] Getting sessions for all scopes...
2026-01-01 13:37:12.042 [info] Got 5 sessions for ...
2026-01-01 13:37:12.043 [info] Getting sessions for all scopes...
2026-01-01 13:37:12.043 [info] Got 5 sessions for ...
2026-01-01 13:37:12.132 [info] Getting sessions for read:user,repo,user:email,workflow...
2026-01-01 13:37:12.132 [info] Got 1 sessions for read:user,repo,user:email,workflow...
2026-01-01 13:37:12.315 [info] Getting sessions for all scopes...
2026-01-01 13:37:12.315 [info] Got 5 sessions for ...
2026-01-01 13:37:12.322 [info] Getting sessions for read:user,repo,user:email,workflow...
2026-01-01 13:37:12.322 [info] Got 1 sessions for read:user,repo,user:email,workflow...
2026-01-01 13:37:13.449 [info] Getting sessions for all scopes...
2026-01-01 13:37:13.449 [info] Got 5 sessions for ...
2026-01-01 13:37:13.459 [info] Getting sessions for read:user,repo,user:email,workflow...
2026-01-01 13:37:13.459 [info] Got 1 sessions for read:user,repo,user:email,workflow...
2026-01-01 14:47:10.176 [info] Getting sessions for all scopes...
2026-01-01 14:47:10.180 [info] Got 5 sessions for ...
2026-01-01 14:47:10.575 [info] Getting sessions for read:user,repo,user:email,workflow...
2026-01-01 14:47:10.575 [info] Got 1 sessions for read:user,repo,user:email,workflow...
2026-01-01 14:47:11.132 [info] Getting sessions for all scopes...
2026-01-01 14:47:11.132 [info] Got 5 sessions for ...
2026-01-01 14:47:11.133 [info] Getting sessions for all scopes...
2026-01-01 14:47:11.133 [info] Got 5 sessions for ...
2026-01-01 14:47:11.138 [info] Getting sessions for read:user,repo,user:email,workflow...
2026-01-01 14:47:11.138 [info] Got 1 sessions for read:user,repo,user:email,workflow...
2026-01-01 14:47:20.975 [info] Getting sessions for all scopes...
2026-01-01 14:47:20.978 [info] Got 5 sessions for ...
2026-01-01 14:47:20.979 [info] Getting sessions for all scopes...
2026-01-01 14:47:20.979 [info] Got 5 sessions for ...
2026-01-01 14:47:20.991 [info] Getting sessions for read:user,repo,user:email,workflow...
2026-01-01 14:47:20.992 [info] Got 1 sessions for read:user,repo,user:email,workflow...
2026-01-01 14:47:21.760 [info] Getting sessions for all scopes...
2026-01-01 14:47:21.760 [info] Got 5 sessions for ...
2026-01-01 14:47:22.087 [info] Getting sessions for read:user,repo,user:email,workflow...
2026-01-01 14:47:22.087 [info] Got 1 sessions for read:user,repo,user:email,workflow...
2026-01-01 14:47:23.498 [info] Getting sessions for all scopes...
2026-01-01 14:47:23.498 [info] Got 5 sessions for ...
2026-01-01 14:47:23.571 [info] Getting sessions for read:user,repo,user:email,workflow...
2026-01-01 14:47:23.571 [info] Got 1 sessions for read:user,repo,user:email,workflow...
2026-01-01 14:47:26.938 [info] Getting sessions for all scopes...
2026-01-01 14:47:26.941 [info] Got 5 sessions for ...
2026-01-01 14:47:28.255 [info] Getting sessions for read:user,repo,user:email,workflow...
2026-01-01 14:47:28.255 [info] Got 1 sessions for read:user,repo,user:email,workflow...
2026-01-01 14:52:32.575 [info] Getting sessions for read:user,repo,user:email...
2026-01-01 14:52:32.757 [info] Got 1 sessions for read:user,repo,user:email...
2026-01-01 15:42:21.147 [info] Getting sessions for all scopes...
2026-01-01 15:42:21.152 [info] Got 5 sessions for ...
2026-01-01 15:42:21.201 [info] Getting sessions for read:user,repo,user:email,workflow...
2026-01-01 15:42:21.201 [info] Got 1 sessions for read:user,repo,user:email,workflow...
2026-01-01 15:42:22.078 [info] Getting sessions for all scopes...
2026-01-01 15:42:22.078 [info] Got 5 sessions for ...
2026-01-01 15:42:22.079 [info] Getting sessions for all scopes...
2026-01-01 15:42:22.079 [info] Got 5 sessions for ...
2026-01-01 15:42:22.329 [info] Getting sessions for read:user,repo,user:email,workflow...
2026-01-01 15:42:22.329 [info] Got 1 sessions for read:user,repo,user:email,workflow...
2026-01-01 15:42:23.478 [info] Getting sessions for all scopes...
2026-01-01 15:42:23.478 [info] Got 5 sessions for ...
2026-01-01 15:42:23.483 [info] Getting sessions for all scopes...
2026-01-01 15:42:23.483 [info] Got 5 sessions for ...
2026-01-01 15:42:23.525 [info] Getting sessions for read:user,repo,user:email,workflow...
2026-01-01 15:42:23.525 [info] Got 1 sessions for read:user,repo,user:email,workflow...
2026-01-01 15:42:25.214 [info] Getting sessions for all scopes...
2026-01-01 15:42:25.215 [info] Got 5 sessions for ...
2026-01-01 15:42:25.217 [info] Getting sessions for read:user,repo,user:email,workflow...
2026-01-01 15:42:25.218 [info] Got 1 sessions for read:user,repo,user:email,workflow...
2026-01-01 15:42:26.190 [info] Getting sessions for all scopes...
2026-01-01 15:42:26.190 [info] Got 5 sessions for ...
2026-01-01 15:42:26.200 [info] Getting sessions for read:user,repo,user:email,workflow...
2026-01-01 15:42:26.200 [info] Got 1 sessions for read:user,repo,user:email,workflow...
2026-01-01 16:37:23.384 [info] Getting sessions for all scopes...
2026-01-01 16:37:23.388 [info] Got 5 sessions for ...
2026-01-01 16:37:23.451 [info] Getting sessions for read:user,repo,user:email,workflow...
2026-01-01 16:37:23.451 [info] Got 1 sessions for read:user,repo,user:email,workflow...
2026-01-01 16:37:24.541 [info] Getting sessions for all scopes...
2026-01-01 16:37:24.541 [info] Got 5 sessions for ...
2026-01-01 16:37:24.543 [info] Getting sessions for all scopes...
2026-01-01 16:37:24.544 [info] Got 5 sessions for ...
2026-01-01 16:37:24.624 [info] Getting sessions for read:user,repo,user:email,workflow...
2026-01-01 16:37:24.624 [info] Got 1 sessions for read:user,repo,user:email,workflow...
2026-01-01 16:37:26.344 [info] Getting sessions for all scopes...
2026-01-01 16:37:26.344 [info] Got 5 sessions for ...
2026-01-01 16:37:26.345 [info] Getting sessions for all scopes...
2026-01-01 16:37:26.345 [info] Got 5 sessions for ...
2026-01-01 16:37:26.349 [info] Getting sessions for read:user,repo,user:email,workflow...
2026-01-01 16:37:26.351 [info] Got 1 sessions for read:user,repo,user:email,workflow...
2026-01-01 16:37:27.499 [info] Getting sessions for all scopes...
2026-01-01 16:37:27.499 [info] Got 5 sessions for ...
2026-01-01 16:37:27.906 [info] Getting sessions for read:user,repo,user:email,workflow...
2026-01-01 16:37:27.906 [info] Got 1 sessions for read:user,repo,user:email,workflow...
2026-01-01 16:37:28.937 [info] Getting sessions for all scopes...
2026-01-01 16:37:28.940 [info] Got 5 sessions for ...
2026-01-01 16:37:28.940 [info] Getting sessions for all scopes...
2026-01-01 16:37:28.940 [info] Got 5 sessions for ...
2026-01-01 16:37:29.129 [info] Getting sessions for read:user,repo,user:email,workflow...
2026-01-01 16:37:29.129 [info] Got 1 sessions for read:user,repo,user:email,workflow...
2026-01-01 17:32:25.932 [info] Getting sessions for all scopes...
2026-01-01 17:32:25.939 [info] Got 5 sessions for ...
2026-01-01 17:32:25.979 [info] Getting sessions for read:user,repo,user:email,workflow...
2026-01-01 17:32:25.980 [info] Got 1 sessions for read:user,repo,user:email,workflow...
2026-01-01 17:32:26.839 [info] Getting sessions for all scopes...
2026-01-01 17:32:26.839 [info] Got 5 sessions for ...
2026-01-01 17:32:26.839 [info] Getting sessions for all scopes...
2026-01-01 17:32:26.839 [info] Got 5 sessions for ...
2026-01-01 17:32:26.918 [info] Getting sessions for read:user,repo,user:email,workflow...
2026-01-01 17:32:26.918 [info] Got 1 sessions for read:user,repo,user:email,workflow...
2026-01-01 17:32:27.041 [info] Getting sessions for all scopes...
2026-01-01 17:32:27.041 [info] Got 5 sessions for ...
2026-01-01 17:32:27.043 [info] Getting sessions for read:user,repo,user:email,workflow...
2026-01-01 17:32:27.043 [info] Got 1 sessions for read:user,repo,user:email,workflow...
2026-01-01 17:32:27.752 [info] Getting sessions for all scopes...
2026-01-01 17:32:27.752 [info] Got 5 sessions for ...
2026-01-01 17:32:27.757 [info] Getting sessions for read:user,repo,user:email,workflow...
2026-01-01 17:32:27.757 [info] Got 1 sessions for read:user,repo,user:email,workflow...
2026-01-01 18:27:27.214 [info] Getting sessions for all scopes...
2026-01-01 18:27:27.218 [info] Got 5 sessions for ...
2026-01-01 18:27:27.242 [info] Getting sessions for read:user,repo,user:email,workflow...
2026-01-01 18:27:27.244 [info] Got 1 sessions for read:user,repo,user:email,workflow...
2026-01-01 18:27:27.972 [info] Getting sessions for all scopes...
2026-01-01 18:27:27.973 [info] Got 5 sessions for ...
2026-01-01 18:27:27.973 [info] Getting sessions for all scopes...
2026-01-01 18:27:27.973 [info] Got 5 sessions for ...
2026-01-01 18:27:28.019 [info] Getting sessions for read:user,repo,user:email,workflow...
2026-01-01 18:27:28.019 [info] Got 1 sessions for read:user,repo,user:email,workflow...
2026-01-01 18:27:28.130 [info] Getting sessions for all scopes...
2026-01-01 18:27:28.130 [info] Got 5 sessions for ...
2026-01-01 18:27:28.132 [info] Getting sessions for read:user,repo,user:email,workflow...
2026-01-01 18:27:28.132 [info] Got 1 sessions for read:user,repo,user:email,workflow...
2026-01-01 18:27:28.831 [info] Getting sessions for all scopes...
2026-01-01 18:27:28.832 [info] Got 5 sessions for ...
2026-01-01 18:27:28.835 [info] Getting sessions for read:user,repo,user:email,workflow...
2026-01-01 18:27:28.835 [info] Got 1 sessions for read:user,repo,user:email,workflow...
2026-01-01 20:29:59.254 [info] Getting sessions for all scopes...
2026-01-01 20:29:59.255 [info] Got 5 sessions for ...
2026-01-01 20:29:59.907 [info] Getting sessions for read:user,repo,user:email,workflow...
2026-01-01 20:29:59.909 [info] Got 1 sessions for read:user,repo,user:email,workflow...
2026-01-01 20:30:00.705 [info] Getting sessions for all scopes...
2026-01-01 20:30:00.706 [info] Got 5 sessions for ...
2026-01-01 20:30:00.726 [info] Getting sessions for all scopes...
2026-01-01 20:30:00.726 [info] Got 5 sessions for ...
2026-01-01 20:30:00.896 [info] Getting sessions for read:user,repo,user:email,workflow...
2026-01-01 20:30:00.896 [info] Got 1 sessions for read:user,repo,user:email,workflow...
2026-01-01 20:30:04.111 [info] Getting sessions for all scopes...
2026-01-01 20:30:04.112 [info] Got 5 sessions for ...
2026-01-01 20:30:04.113 [info] Getting sessions for all scopes...
2026-01-01 20:30:04.113 [info] Got 5 sessions for ...
2026-01-01 20:30:04.179 [info] Getting sessions for read:user,repo,user:email,workflow...
2026-01-01 20:30:04.179 [info] Got 1 sessions for read:user,repo,user:email,workflow...
2026-01-01 20:30:21.731 [info] Getting sessions for all scopes...
2026-01-01 20:30:21.731 [info] Got 5 sessions for ...
2026-01-01 20:30:21.734 [info] Getting sessions for all scopes...
2026-01-01 20:30:21.735 [info] Got 5 sessions for ...
2026-01-01 20:30:22.124 [info] Getting sessions for read:user,repo,user:email,workflow...
2026-01-01 20:30:22.124 [info] Got 1 sessions for read:user,repo,user:email,workflow...
2026-01-01 20:30:22.365 [info] Getting sessions for all scopes...
2026-01-01 20:30:22.366 [info] Got 5 sessions for ...
2026-01-01 20:30:22.386 [info] Getting sessions for read:user,repo,user:email,workflow...
2026-01-01 20:30:22.386 [info] Got 1 sessions for read:user,repo,user:email,workflow...
2026-01-01 20:30:31.041 [info] Getting sessions for all scopes...
2026-01-01 20:30:31.041 [info] Got 5 sessions for ...
2026-01-01 21:06:08.900 [info] Getting sessions for read:user,repo,user:email,workflow...
2026-01-01 21:06:08.903 [info] Got 1 sessions for read:user,repo,user:email,workflow...
2026-01-01 21:25:22.041 [info] Getting sessions for all scopes...
2026-01-01 21:25:22.046 [info] Got 5 sessions for ...
2026-01-01 21:25:22.110 [info] Getting sessions for read:user,repo,user:email,workflow...
2026-01-01 21:25:22.111 [info] Got 1 sessions for read:user,repo,user:email,workflow...
2026-01-01 21:25:24.457 [info] Getting sessions for all scopes...
2026-01-01 21:25:24.458 [info] Got 5 sessions for ...
2026-01-01 21:25:24.466 [info] Getting sessions for all scopes...
2026-01-01 21:25:24.466 [info] Got 5 sessions for ...
2026-01-01 21:25:24.837 [info] Getting sessions for read:user,repo,user:email,workflow...
2026-01-01 21:25:24.837 [info] Got 1 sessions for read:user,repo,user:email,workflow...
2026-01-01 21:25:25.201 [info] Getting sessions for all scopes...
2026-01-01 21:25:25.201 [info] Got 5 sessions for ...
2026-01-01 21:25:25.222 [info] Getting sessions for read:user,repo,user:email,workflow...
2026-01-01 21:25:25.222 [info] Got 1 sessions for read:user,repo,user:email,workflow...
2026-01-01 21:25:25.849 [info] Getting sessions for all scopes...
2026-01-01 21:25:25.849 [info] Got 5 sessions for ...
2026-01-01 21:25:25.852 [info] Getting sessions for read:user,repo,user:email,workflow...
2026-01-01 21:25:25.852 [info] Got 1 sessions for read:user,repo,user:email,workflow...
2026-01-01 22:20:26.350 [info] Getting sessions for all scopes...
2026-01-01 22:20:26.354 [info] Got 5 sessions for ...
2026-01-01 22:20:26.402 [info] Getting sessions for read:user,repo,user:email,workflow...
2026-01-01 22:20:26.403 [info] Got 1 sessions for read:user,repo,user:email,workflow...
2026-01-01 22:20:27.040 [info] Getting sessions for all scopes...
2026-01-01 22:20:27.040 [info] Got 5 sessions for ...
2026-01-01 22:20:27.040 [info] Getting sessions for all scopes...
2026-01-01 22:20:27.040 [info] Got 5 sessions for ...
2026-01-01 22:20:27.067 [info] Getting sessions for read:user,repo,user:email,workflow...
2026-01-01 22:20:27.067 [info] Got 1 sessions for read:user,repo,user:email,workflow...
2026-01-01 22:20:27.153 [info] Getting sessions for all scopes...
2026-01-01 22:20:27.153 [info] Got 5 sessions for ...
2026-01-01 22:20:27.156 [info] Getting sessions for read:user,repo,user:email,workflow...
2026-01-01 22:20:27.156 [info] Got 1 sessions for read:user,repo,user:email,workflow...
2026-01-01 23:05:42.872 [info] Getting sessions for all scopes...
2026-01-01 23:05:42.874 [info] Got 5 sessions for ...
2026-01-01 23:05:42.878 [info] Getting sessions for read:user,repo,user:email,workflow...
2026-01-01 23:05:42.879 [info] Got 1 sessions for read:user,repo,user:email,workflow...
2026-01-01 23:05:49.848 [info] Getting sessions for all scopes...
2026-01-01 23:05:49.849 [info] Got 5 sessions for ...
2026-01-01 23:05:49.858 [info] Getting sessions for read:user,repo,user:email,workflow...
2026-01-01 23:05:49.858 [info] Got 1 sessions for read:user,repo,user:email,workflow...
2026-01-01 23:29:16.443 [info] Getting sessions for all scopes...
2026-01-01 23:29:16.445 [info] Got 5 sessions for ...
2026-01-01 23:29:16.661 [info] Getting sessions for read:user,repo,user:email,workflow...
2026-01-01 23:29:16.661 [info] Got 1 sessions for read:user,repo,user:email,workflow...
2026-01-01 23:29:17.357 [info] Getting sessions for all scopes...
2026-01-01 23:29:17.357 [info] Got 5 sessions for ...
2026-01-01 23:29:17.357 [info] Getting sessions for all scopes...
2026-01-01 23:29:17.357 [info] Got 5 sessions for ...
2026-01-01 23:29:17.535 [info] Getting sessions for read:user,repo,user:email,workflow...
2026-01-01 23:29:17.535 [info] Got 1 sessions for read:user,repo,user:email,workflow...
2026-01-01 23:29:18.278 [info] Getting sessions for all scopes...
2026-01-01 23:29:18.278 [info] Got 5 sessions for ...
2026-01-01 23:29:18.278 [info] Getting sessions for all scopes...
2026-01-01 23:29:18.278 [info] Got 5 sessions for ...
2026-01-01 23:29:19.428 [info] Getting sessions for read:user,repo,user:email,workflow...
2026-01-01 23:29:19.428 [info] Got 1 sessions for read:user,repo,user:email,workflow...
2026-01-01 23:29:21.681 [info] Getting sessions for all scopes...
2026-01-01 23:29:21.682 [info] Got 5 sessions for ...
2026-01-01 23:29:32.625 [info] Getting sessions for read:user,repo,user:email,workflow...
2026-01-01 23:29:32.637 [info] Got 1 sessions for read:user,repo,user:email,workflow...
2026-01-02 00:30:54.718 [info] Getting sessions for all scopes...
2026-01-02 00:30:54.721 [info] Got 5 sessions for ...
2026-01-02 00:30:56.600 [info] Getting sessions for read:user,repo,user:email,workflow...
2026-01-02 00:30:56.601 [info] Got 1 sessions for read:user,repo,user:email,workflow...
2026-01-02 00:30:57.226 [info] Getting sessions for all scopes...
2026-01-02 00:30:57.227 [info] Got 5 sessions for ...
2026-01-02 00:30:57.227 [info] Getting sessions for all scopes...
2026-01-02 00:30:57.228 [info] Got 5 sessions for ...
2026-01-02 00:30:57.459 [info] Getting sessions for read:user,repo,user:email,workflow...
2026-01-02 00:30:57.459 [info] Got 1 sessions for read:user,repo,user:email,workflow...
2026-01-02 00:30:59.073 [info] Getting sessions for all scopes...
2026-01-02 00:30:59.073 [info] Got 5 sessions for ...
2026-01-02 00:30:59.074 [info] Getting sessions for all scopes...
2026-01-02 00:30:59.074 [info] Got 5 sessions for ...
2026-01-02 00:30:59.863 [info] Getting sessions for read:user,repo,user:email,workflow...
2026-01-02 00:30:59.865 [info] Got 1 sessions for read:user,repo,user:email,workflow...
2026-01-02 00:31:06.611 [info] Getting sessions for all scopes...
2026-01-02 00:31:06.613 [info] Got 5 sessions for ...
2026-01-02 00:31:06.615 [info] Getting sessions for all scopes...
2026-01-02 00:31:06.615 [info] Got 5 sessions for ...
2026-01-02 00:31:09.084 [info] Getting sessions for read:user,repo,user:email,workflow...
2026-01-02 00:31:09.084 [info] Got 1 sessions for read:user,repo,user:email,workflow...
2026-01-02 00:31:17.539 [info] Getting sessions for all scopes...
2026-01-02 00:31:17.539 [info] Got 5 sessions for ...
2026-01-02 00:31:18.448 [info] Getting sessions for read:user,repo,user:email,workflow...
2026-01-02 00:31:18.449 [info] Got 1 sessions for read:user,repo,user:email,workflow...
2026-01-02 01:31:49.923 [info] Getting sessions for all scopes...
2026-01-02 01:31:49.925 [info] Got 5 sessions for ...
2026-01-02 01:31:50.196 [info] Getting sessions for read:user,repo,user:email,workflow...
2026-01-02 01:31:50.196 [info] Got 1 sessions for read:user,repo,user:email,workflow...
2026-01-02 01:31:50.276 [info] Getting sessions for all scopes...
2026-01-02 01:31:50.277 [info] Got 5 sessions for ...
2026-01-02 01:31:50.278 [info] Getting sessions for all scopes...
2026-01-02 01:31:50.278 [info] Got 5 sessions for ...
2026-01-02 01:31:51.079 [info] Getting sessions for read:user,repo,user:email,workflow...
2026-01-02 01:31:51.079 [info] Got 1 sessions for read:user,repo,user:email,workflow...
2026-01-02 01:31:51.417 [info] Getting sessions for all scopes...
2026-01-02 01:31:51.417 [info] Got 5 sessions for ...
2026-01-02 01:31:51.744 [info] Getting sessions for read:user,repo,user:email,workflow...
2026-01-02 01:31:51.744 [info] Got 1 sessions for read:user,repo,user:email,workflow...
2026-01-02 01:31:53.362 [info] Getting sessions for all scopes...
2026-01-02 01:31:53.362 [info] Got 5 sessions for ...
2026-01-02 01:31:54.507 [info] Getting sessions for read:user,repo,user:email,workflow...
2026-01-02 01:31:54.507 [info] Got 1 sessions for read:user,repo,user:email,workflow...
2026-01-02 02:33:05.919 [info] Getting sessions for all scopes...
2026-01-02 02:33:05.920 [info] Got 5 sessions for ...
2026-01-02 02:33:06.669 [info] Getting sessions for read:user,repo,user:email,workflow...
2026-01-02 02:33:06.669 [info] Got 1 sessions for read:user,repo,user:email,workflow...
2026-01-02 02:33:07.059 [info] Getting sessions for all scopes...
2026-01-02 02:33:07.059 [info] Got 5 sessions for ...
2026-01-02 02:33:07.060 [info] Getting sessions for all scopes...
2026-01-02 02:33:07.060 [info] Got 5 sessions for ...
2026-01-02 02:33:07.278 [info] Getting sessions for read:user,repo,user:email,workflow...
2026-01-02 02:33:07.278 [info] Got 1 sessions for read:user,repo,user:email,workflow...
2026-01-02 02:33:08.249 [info] Getting sessions for all scopes...
2026-01-02 02:33:08.249 [info] Got 5 sessions for ...
2026-01-02 02:33:08.250 [info] Getting sessions for all scopes...
2026-01-02 02:33:08.250 [info] Got 5 sessions for ...
2026-01-02 02:33:08.454 [info] Getting sessions for read:user,repo,user:email,workflow...
2026-01-02 02:33:08.455 [info] Got 1 sessions for read:user,repo,user:email,workflow...
2026-01-02 02:33:09.018 [info] Getting sessions for all scopes...
2026-01-02 02:33:09.018 [info] Got 5 sessions for ...
2026-01-02 02:33:09.018 [info] Getting sessions for all scopes...
2026-01-02 02:33:09.018 [info] Got 5 sessions for ...
2026-01-02 02:33:09.028 [info] Getting sessions for read:user,repo,user:email,workflow...
2026-01-02 02:33:09.028 [info] Got 1 sessions for read:user,repo,user:email,workflow...
2026-01-02 03:34:05.646 [info] Getting sessions for all scopes...
2026-01-02 03:34:05.653 [info] Got 5 sessions for ...
2026-01-02 03:34:06.025 [info] Getting sessions for read:user,repo,user:email,workflow...
2026-01-02 03:34:06.025 [info] Got 1 sessions for read:user,repo,user:email,workflow...
2026-01-02 03:34:06.915 [info] Getting sessions for all scopes...
2026-01-02 03:34:06.915 [info] Got 5 sessions for ...
2026-01-02 03:34:06.916 [info] Getting sessions for all scopes...
2026-01-02 03:34:06.916 [info] Got 5 sessions for ...
2026-01-02 03:34:07.249 [info] Getting sessions for read:user,repo,user:email,workflow...
2026-01-02 03:34:07.249 [info] Got 1 sessions for read:user,repo,user:email,workflow...
2026-01-02 03:34:12.266 [info] Getting sessions for all scopes...
2026-01-02 03:34:12.267 [info] Got 5 sessions for ...
2026-01-02 03:34:12.502 [info] Getting sessions for read:user,repo,user:email,workflow...
2026-01-02 03:34:12.502 [info] Got 1 sessions for read:user,repo,user:email,workflow...
2026-01-02 03:34:12.526 [info] Getting sessions for all scopes...
2026-01-02 03:34:12.526 [info] Got 5 sessions for ...
2026-01-02 03:34:12.526 [info] Getting sessions for all scopes...
2026-01-02 03:34:12.526 [info] Got 5 sessions for ...
2026-01-02 03:34:12.842 [info] Getting sessions for read:user,repo,user:email,workflow...
2026-01-02 03:34:12.842 [info] Got 1 sessions for read:user,repo,user:email,workflow...
2026-01-02 03:34:14.756 [info] Getting sessions for all scopes...
2026-01-02 03:34:14.756 [info] Got 5 sessions for ...
2026-01-02 03:34:15.064 [info] Getting sessions for all scopes...
2026-01-02 03:34:15.064 [info] Got 5 sessions for ...
2026-01-02 03:34:15.064 [info] Getting sessions for all scopes...
2026-01-02 03:34:15.064 [info] Got 5 sessions for ...
2026-01-02 03:34:15.430 [info] Getting sessions for read:user,repo,user:email,workflow...
2026-01-02 03:34:15.430 [info] Got 1 sessions for read:user,repo,user:email,workflow...
2026-01-02 03:34:18.425 [info] Getting sessions for all scopes...
2026-01-02 03:34:18.428 [info] Got 5 sessions for ...
2026-01-02 03:34:19.052 [info] Getting sessions for read:user,repo,user:email,workflow...
2026-01-02 03:34:19.052 [info] Got 1 sessions for read:user,repo,user:email,workflow...
2026-01-02 03:34:30.857 [info] Getting sessions for all scopes...
2026-01-02 03:34:30.862 [info] Got 5 sessions for ...
2026-01-02 03:34:31.011 [info] Getting sessions for read:user,repo,user:email,workflow...
2026-01-02 03:34:31.011 [info] Got 1 sessions for read:user,repo,user:email,workflow...
2026-01-02 04:35:16.039 [info] Getting sessions for all scopes...
2026-01-02 04:35:16.047 [info] Got 5 sessions for ...
2026-01-02 04:35:16.630 [info] Getting sessions for read:user,repo,user:email,workflow...
2026-01-02 04:35:16.631 [info] Got 1 sessions for read:user,repo,user:email,workflow...
2026-01-02 04:35:17.337 [info] Getting sessions for all scopes...
2026-01-02 04:35:17.338 [info] Got 5 sessions for ...
2026-01-02 04:35:17.340 [info] Getting sessions for all scopes...
2026-01-02 04:35:17.340 [info] Got 5 sessions for ...
2026-01-02 04:35:18.348 [info] Getting sessions for read:user,repo,user:email,workflow...
2026-01-02 04:35:18.348 [info] Got 1 sessions for read:user,repo,user:email,workflow...
2026-01-02 04:35:18.982 [info] Getting sessions for all scopes...
2026-01-02 04:35:18.982 [info] Got 5 sessions for ...
2026-01-02 04:35:18.983 [info] Getting sessions for all scopes...
2026-01-02 04:35:18.983 [info] Got 5 sessions for ...
2026-01-02 04:35:19.062 [info] Getting sessions for read:user,repo,user:email,workflow...
2026-01-02 04:35:19.062 [info] Got 1 sessions for read:user,repo,user:email,workflow...
2026-01-02 04:35:19.241 [info] Getting sessions for all scopes...
2026-01-02 04:35:19.241 [info] Got 5 sessions for ...
2026-01-02 04:35:19.263 [info] Getting sessions for read:user,repo,user:email,workflow...
2026-01-02 04:35:19.264 [info] Got 1 sessions for read:user,repo,user:email,workflow...
2026-01-02 05:36:28.768 [info] Getting sessions for all scopes...
2026-01-02 05:36:28.768 [info] Got 5 sessions for ...
2026-01-02 05:36:29.024 [info] Getting sessions for read:user,repo,user:email,workflow...
2026-01-02 05:36:29.024 [info] Got 1 sessions for read:user,repo,user:email,workflow...
2026-01-02 05:36:29.595 [info] Getting sessions for all scopes...
2026-01-02 05:36:29.596 [info] Got 5 sessions for ...
2026-01-02 05:36:29.598 [info] Getting sessions for all scopes...
2026-01-02 05:36:29.598 [info] Got 5 sessions for ...
2026-01-02 05:36:29.777 [info] Getting sessions for read:user,repo,user:email,workflow...
2026-01-02 05:36:29.778 [info] Got 1 sessions for read:user,repo,user:email,workflow...
2026-01-02 05:36:30.805 [info] Getting sessions for all scopes...
2026-01-02 05:36:30.805 [info] Got 5 sessions for ...
2026-01-02 05:36:30.809 [info] Getting sessions for all scopes...
2026-01-02 05:36:30.810 [info] Got 5 sessions for ...
2026-01-02 05:36:31.032 [info] Getting sessions for read:user,repo,user:email,workflow...
2026-01-02 05:36:31.032 [info] Got 1 sessions for read:user,repo,user:email,workflow...
2026-01-02 05:36:32.352 [info] Getting sessions for all scopes...
2026-01-02 05:36:32.352 [info] Got 5 sessions for ...
2026-01-02 05:36:32.352 [info] Getting sessions for all scopes...
2026-01-02 05:36:32.352 [info] Got 5 sessions for ...
2026-01-02 05:36:32.359 [info] Getting sessions for read:user,repo,user:email,workflow...
2026-01-02 05:36:32.359 [info] Got 1 sessions for read:user,repo,user:email,workflow...
2026-01-02 06:22:18.474 [info] Getting sessions for all scopes...
2026-01-02 06:22:18.488 [info] Got 5 sessions for ...
2026-01-02 06:22:18.510 [info] Getting sessions for read:user,repo,user:email,workflow...
2026-01-02 06:22:18.510 [info] Got 1 sessions for read:user,repo,user:email,workflow...
2026-01-02 06:22:19.236 [info] Getting sessions for all scopes...
2026-01-02 06:22:19.236 [info] Got 5 sessions for ...
2026-01-02 06:22:19.253 [info] Getting sessions for read:user,repo,user:email,workflow...
2026-01-02 06:22:19.254 [info] Got 1 sessions for read:user,repo,user:email,workflow...
2026-01-02 06:31:44.800 [info] Getting sessions for all scopes...
2026-01-02 06:31:44.802 [info] Got 5 sessions for ...
2026-01-02 06:31:50.423 [info] Getting sessions for read:user,repo,user:email,workflow...
2026-01-02 06:31:50.426 [info] Got 1 sessions for read:user,repo,user:email,workflow...
2026-01-02 06:31:51.207 [info] Getting sessions for all scopes...
2026-01-02 06:31:51.207 [info] Got 5 sessions for ...
2026-01-02 06:31:51.210 [info] Getting sessions for all scopes...
2026-01-02 06:31:51.210 [info] Got 5 sessions for ...
2026-01-02 06:31:51.401 [info] Getting sessions for read:user,repo,user:email,workflow...
2026-01-02 06:31:51.401 [info] Got 1 sessions for read:user,repo,user:email,workflow...
2026-01-02 06:31:51.895 [info] Getting sessions for all scopes...
2026-01-02 06:31:51.896 [info] Got 5 sessions for ...
2026-01-02 06:31:52.029 [info] Getting sessions for read:user,repo,user:email,workflow...
2026-01-02 06:31:52.029 [info] Got 1 sessions for read:user,repo,user:email,workflow...
2026-01-02 06:31:55.353 [info] Getting sessions for all scopes...
2026-01-02 06:31:55.354 [info] Got 5 sessions for ...
2026-01-02 06:31:55.686 [info] Getting sessions for read:user,repo,user:email,workflow...
2026-01-02 06:31:55.693 [info] Got 1 sessions for read:user,repo,user:email,workflow...
2026-01-02 06:35:12.744 [info] Getting sessions for all scopes...
2026-01-02 06:35:12.746 [info] Got 5 sessions for ...
2026-01-02 06:35:12.758 [info] Getting sessions for read:user,repo,user:email,workflow...
2026-01-02 06:35:12.759 [info] Got 1 sessions for read:user,repo,user:email,workflow...
2026-01-02 07:26:52.120 [info] Getting sessions for all scopes...
2026-01-02 07:26:52.124 [info] Got 5 sessions for ...
2026-01-02 07:26:52.165 [info] Getting sessions for read:user,repo,user:email,workflow...
2026-01-02 07:26:52.166 [info] Got 1 sessions for read:user,repo,user:email,workflow...
2026-01-02 07:26:52.818 [info] Getting sessions for all scopes...
2026-01-02 07:26:52.818 [info] Got 5 sessions for ...
2026-01-02 07:26:52.820 [info] Getting sessions for all scopes...
2026-01-02 07:26:52.820 [info] Got 5 sessions for ...
2026-01-02 07:26:52.925 [info] Getting sessions for read:user,repo,user:email,workflow...
2026-01-02 07:26:52.925 [info] Got 1 sessions for read:user,repo,user:email,workflow...
2026-01-02 07:26:53.583 [info] Getting sessions for all scopes...
2026-01-02 07:26:53.583 [info] Got 5 sessions for ...
2026-01-02 07:26:53.583 [info] Getting sessions for all scopes...
2026-01-02 07:26:53.583 [info] Got 5 sessions for ...
2026-01-02 07:26:53.639 [info] Getting sessions for read:user,repo,user:email,workflow...
2026-01-02 07:26:53.639 [info] Got 1 sessions for read:user,repo,user:email,workflow...
2026-01-02 07:26:54.660 [info] Getting sessions for all scopes...
2026-01-02 07:26:54.661 [info] Got 5 sessions for ...
2026-01-02 07:26:54.681 [info] Getting sessions for read:user,repo,user:email,workflow...
2026-01-02 07:26:54.681 [info] Got 1 sessions for read:user,repo,user:email,workflow...
2026-01-02 07:26:54.682 [info] Getting sessions for all scopes...
2026-01-02 07:26:54.682 [info] Got 5 sessions for ...
2026-01-02 07:26:54.682 [info] Getting sessions for all scopes...
2026-01-02 07:26:54.682 [info] Got 5 sessions for ...
2026-01-02 07:26:54.694 [info] Getting sessions for read:user,repo,user:email,workflow...
2026-01-02 07:26:54.695 [info] Got 1 sessions for read:user,repo,user:email,workflow...
2026-01-02 07:26:55.784 [info] Getting sessions for all scopes...
2026-01-02 07:26:55.784 [info] Got 5 sessions for ...
2026-01-02 07:26:55.793 [info] Getting sessions for read:user,repo,user:email,workflow...
2026-01-02 07:26:55.837 [info] Got 1 sessions for read:user,repo,user:email,workflow...
2026-01-02 08:21:53.454 [info] Getting sessions for all scopes...
2026-01-02 08:21:53.456 [info] Got 5 sessions for ...
2026-01-02 08:21:53.663 [info] Getting sessions for read:user,repo,user:email,workflow...
2026-01-02 08:21:53.664 [info] Got 1 sessions for read:user,repo,user:email,workflow...
2026-01-02 08:21:54.804 [info] Getting sessions for all scopes...
2026-01-02 08:21:54.804 [info] Got 5 sessions for ...
2026-01-02 08:21:54.805 [info] Getting sessions for all scopes...
2026-01-02 08:21:54.805 [info] Got 5 sessions for ...
2026-01-02 08:21:54.954 [info] Getting sessions for read:user,repo,user:email,workflow...
2026-01-02 08:21:54.954 [info] Got 1 sessions for read:user,repo,user:email,workflow...
2026-01-02 08:21:55.197 [info] Getting sessions for all scopes...
2026-01-02 08:21:55.197 [info] Got 5 sessions for ...
2026-01-02 08:21:55.291 [info] Getting sessions for read:user,repo,user:email,workflow...
2026-01-02 08:21:55.291 [info] Got 1 sessions for read:user,repo,user:email,workflow...
2026-01-02 08:21:57.186 [info] Getting sessions for all scopes...
2026-01-02 08:21:57.186 [info] Got 5 sessions for ...
2026-01-02 08:21:57.443 [info] Getting sessions for read:user,repo,user:email,workflow...
2026-01-02 08:21:57.444 [info] Got 1 sessions for read:user,repo,user:email,workflow...
2026-01-02 08:21:57.735 [info] Getting sessions for all scopes...
2026-01-02 08:21:57.735 [info] Got 5 sessions for ...
2026-01-02 08:21:58.253 [info] Getting sessions for read:user,repo,user:email,workflow...
2026-01-02 08:21:58.253 [info] Got 1 sessions for read:user,repo,user:email,workflow...
2026-01-02 09:16:55.868 [info] Getting sessions for all scopes...
2026-01-02 09:16:55.870 [info] Got 5 sessions for ...
2026-01-02 09:16:56.621 [info] Getting sessions for read:user,repo,user:email,workflow...
2026-01-02 09:16:56.622 [info] Got 1 sessions for read:user,repo,user:email,workflow...
2026-01-02 09:16:58.017 [info] Getting sessions for all scopes...
2026-01-02 09:16:58.017 [info] Got 5 sessions for ...
2026-01-02 09:16:58.018 [info] Getting sessions for all scopes...
2026-01-02 09:16:58.018 [info] Got 5 sessions for ...
2026-01-02 09:16:58.106 [info] Getting sessions for read:user,repo,user:email,workflow...
2026-01-02 09:16:58.106 [info] Got 1 sessions for read:user,repo,user:email,workflow...
2026-01-02 09:16:59.709 [info] Getting sessions for all scopes...
2026-01-02 09:16:59.709 [info] Got 5 sessions for ...
2026-01-02 09:16:59.710 [info] Getting sessions for all scopes...
2026-01-02 09:16:59.710 [info] Got 5 sessions for ...
2026-01-02 09:17:00.140 [info] Getting sessions for read:user,repo,user:email,workflow...
2026-01-02 09:17:00.140 [info] Got 1 sessions for read:user,repo,user:email,workflow...
2026-01-02 09:17:01.041 [info] Getting sessions for all scopes...
2026-01-02 09:17:01.042 [info] Got 5 sessions for ...
2026-01-02 09:17:01.042 [info] Getting sessions for all scopes...
2026-01-02 09:17:01.042 [info] Got 5 sessions for ...
2026-01-02 09:17:01.071 [info] Getting sessions for read:user,repo,user:email,workflow...
2026-01-02 09:17:01.071 [info] Got 1 sessions for read:user,repo,user:email,workflow...
2026-01-02 09:19:08.325 [info] Getting sessions for all scopes...
2026-01-02 09:19:08.325 [info] Got 5 sessions for ...
2026-01-02 09:19:08.373 [info] Getting sessions for read:user,repo,user:email,workflow...
2026-01-02 09:19:08.373 [info] Got 1 sessions for read:user,repo,user:email,workflow...
2026-01-02 09:19:24.771 [info] Getting sessions for all scopes...
2026-01-02 09:19:24.771 [info] Got 5 sessions for ...
2026-01-02 09:19:24.820 [info] Getting sessions for read:user,repo,user:email,workflow...
2026-01-02 09:19:24.820 [info] Got 1 sessions for read:user,repo,user:email,workflow...
2026-01-02 10:12:00.132 [info] Getting sessions for all scopes...
2026-01-02 10:12:00.134 [info] Got 5 sessions for ...
2026-01-02 10:12:00.181 [info] Getting sessions for read:user,repo,user:email,workflow...
2026-01-02 10:12:00.182 [info] Got 1 sessions for read:user,repo,user:email,workflow...
2026-01-02 10:12:00.761 [info] Getting sessions for all scopes...
2026-01-02 10:12:00.761 [info] Got 5 sessions for ...
2026-01-02 10:12:00.761 [info] Getting sessions for all scopes...
2026-01-02 10:12:00.761 [info] Got 5 sessions for ...
2026-01-02 10:12:00.806 [info] Getting sessions for read:user,repo,user:email,workflow...
2026-01-02 10:12:00.806 [info] Got 1 sessions for read:user,repo,user:email,workflow...
2026-01-02 10:12:02.285 [info] Getting sessions for all scopes...
2026-01-02 10:12:02.285 [info] Got 5 sessions for ...
2026-01-02 10:12:02.286 [info] Getting sessions for all scopes...
2026-01-02 10:12:02.286 [info] Got 5 sessions for ...
2026-01-02 10:12:02.341 [info] Getting sessions for read:user,repo,user:email,workflow...
2026-01-02 10:12:02.341 [info] Got 1 sessions for read:user,repo,user:email,workflow...
2026-01-02 10:12:03.365 [info] Getting sessions for all scopes...
2026-01-02 10:12:03.365 [info] Got 5 sessions for ...
2026-01-02 10:12:03.390 [info] Getting sessions for read:user,repo,user:email,workflow...
2026-01-02 10:12:03.390 [info] Got 1 sessions for read:user,repo,user:email,workflow...
2026-01-02 11:07:02.007 [info] Getting sessions for all scopes...
2026-01-02 11:07:02.013 [info] Got 5 sessions for ...
2026-01-02 11:07:02.049 [info] Getting sessions for read:user,repo,user:email,workflow...
2026-01-02 11:07:02.049 [info] Got 1 sessions for read:user,repo,user:email,workflow...
2026-01-02 11:07:02.507 [info] Getting sessions for all scopes...
2026-01-02 11:07:02.508 [info] Got 5 sessions for ...
2026-01-02 11:07:02.509 [info] Getting sessions for all scopes...
2026-01-02 11:07:02.510 [info] Got 5 sessions for ...
2026-01-02 11:07:02.611 [info] Getting sessions for read:user,repo,user:email,workflow...
2026-01-02 11:07:02.611 [info] Got 1 sessions for read:user,repo,user:email,workflow...
2026-01-02 11:07:03.506 [info] Getting sessions for all scopes...
2026-01-02 11:07:03.506 [info] Got 5 sessions for ...
2026-01-02 11:07:03.506 [info] Getting sessions for all scopes...
2026-01-02 11:07:03.506 [info] Got 5 sessions for ...
2026-01-02 11:07:03.520 [info] Getting sessions for read:user,repo,user:email,workflow...
2026-01-02 11:07:03.520 [info] Got 1 sessions for read:user,repo,user:email,workflow...
2026-01-02 11:07:04.218 [info] Getting sessions for all scopes...
2026-01-02 11:07:04.218 [info] Got 5 sessions for ...
2026-01-02 11:07:04.221 [info] Getting sessions for read:user,repo,user:email,workflow...
2026-01-02 11:07:04.221 [info] Got 1 sessions for read:user,repo,user:email,workflow...
2026-01-02 11:07:04.406 [info] Getting sessions for all scopes...
2026-01-02 11:07:04.407 [info] Got 5 sessions for ...
2026-01-02 11:07:04.407 [info] Getting sessions for all scopes...
2026-01-02 11:07:04.407 [info] Got 5 sessions for ...
2026-01-02 11:07:04.418 [info] Getting sessions for read:user,repo,user:email,workflow...
2026-01-02 11:07:04.418 [info] Got 1 sessions for read:user,repo,user:email,workflow...
2026-01-02 12:02:03.109 [info] Getting sessions for all scopes...
2026-01-02 12:02:03.111 [info] Got 5 sessions for ...
2026-01-02 12:02:03.137 [info] Getting sessions for read:user,repo,user:email,workflow...
2026-01-02 12:02:03.137 [info] Got 1 sessions for read:user,repo,user:email,workflow...
2026-01-02 12:02:03.577 [info] Getting sessions for all scopes...
2026-01-02 12:02:03.577 [info] Got 5 sessions for ...
2026-01-02 12:02:03.582 [info] Getting sessions for all scopes...
2026-01-02 12:02:03.582 [info] Got 5 sessions for ...
2026-01-02 12:02:03.611 [info] Getting sessions for read:user,repo,user:email,workflow...
2026-01-02 12:02:03.611 [info] Got 1 sessions for read:user,repo,user:email,workflow...
2026-01-02 12:02:03.673 [info] Getting sessions for all scopes...
2026-01-02 12:02:03.673 [info] Got 5 sessions for ...
2026-01-02 12:02:03.675 [info] Getting sessions for read:user,repo,user:email,workflow...
2026-01-02 12:02:03.675 [info] Got 1 sessions for read:user,repo,user:email,workflow...
2026-01-02 12:02:04.357 [info] Getting sessions for all scopes...
2026-01-02 12:02:04.357 [info] Got 5 sessions for ...
2026-01-02 12:02:04.359 [info] Getting sessions for read:user,repo,user:email,workflow...
2026-01-02 12:02:04.359 [info] Got 1 sessions for read:user,repo,user:email,workflow...
2026-01-02 12:57:03.079 [info] Getting sessions for all scopes...
2026-01-02 12:57:03.080 [info] Got 5 sessions for ...
2026-01-02 12:57:03.098 [info] Getting sessions for read:user,repo,user:email,workflow...
2026-01-02 12:57:03.098 [info] Got 1 sessions for read:user,repo,user:email,workflow...
2026-01-02 12:57:03.622 [info] Getting sessions for all scopes...
2026-01-02 12:57:03.625 [info] Got 5 sessions for ...
2026-01-02 12:57:03.626 [info] Getting sessions for all scopes...
2026-01-02 12:57:03.626 [info] Got 5 sessions for ...
2026-01-02 12:57:03.656 [info] Getting sessions for read:user,repo,user:email,workflow...
2026-01-02 12:57:03.656 [info] Got 1 sessions for read:user,repo,user:email,workflow...
2026-01-02 12:57:03.763 [info] Getting sessions for all scopes...
2026-01-02 12:57:03.763 [info] Got 5 sessions for ...
2026-01-02 12:57:03.765 [info] Getting sessions for read:user,repo,user:email,workflow...
2026-01-02 12:57:03.765 [info] Got 1 sessions for read:user,repo,user:email,workflow...
2026-01-02 12:57:04.462 [info] Getting sessions for all scopes...
2026-01-02 12:57:04.462 [info] Got 5 sessions for ...
2026-01-02 12:57:04.466 [info] Getting sessions for read:user,repo,user:email,workflow...
2026-01-02 12:57:04.466 [info] Got 1 sessions for read:user,repo,user:email,workflow...
2026-01-02 13:52:03.959 [info] Getting sessions for all scopes...
2026-01-02 13:52:03.963 [info] Got 5 sessions for ...
2026-01-02 13:52:03.989 [info] Getting sessions for read:user,repo,user:email,workflow...
2026-01-02 13:52:03.992 [info] Got 1 sessions for read:user,repo,user:email,workflow...
2026-01-02 13:52:05.007 [info] Getting sessions for all scopes...
2026-01-02 13:52:05.008 [info] Got 5 sessions for ...
2026-01-02 13:52:05.009 [info] Getting sessions for all scopes...
2026-01-02 13:52:05.009 [info] Got 5 sessions for ...
2026-01-02 13:52:05.097 [info] Getting sessions for read:user,repo,user:email,workflow...
2026-01-02 13:52:05.097 [info] Got 1 sessions for read:user,repo,user:email,workflow...
2026-01-02 13:52:05.172 [info] Getting sessions for all scopes...
2026-01-02 13:52:05.172 [info] Got 5 sessions for ...
2026-01-02 13:52:05.174 [info] Getting sessions for read:user,repo,user:email,workflow...
2026-01-02 13:52:05.174 [info] Got 1 sessions for read:user,repo,user:email,workflow...
2026-01-02 13:52:06.661 [info] Getting sessions for all scopes...
2026-01-02 13:52:06.662 [info] Got 5 sessions for ...
2026-01-02 13:52:06.668 [info] Getting sessions for read:user,repo,user:email,workflow...
2026-01-02 13:52:06.668 [info] Got 1 sessions for read:user,repo,user:email,workflow...
2026-01-02 13:52:07.658 [info] Getting sessions for all scopes...
2026-01-02 13:52:07.658 [info] Got 5 sessions for ...
2026-01-02 13:52:07.663 [info] Getting sessions for read:user,repo,user:email,workflow...
2026-01-02 13:52:07.663 [info] Got 1 sessions for read:user,repo,user:email,workflow...
