2025-12-30 08:45:30.039 [info] Reading sessions from keychain...
2025-12-30 08:45:30.039 [info] Getting sessions for all scopes...
2025-12-30 08:45:30.039 [info] Got stored sessions!
2025-12-30 08:45:30.039 [info] Got 5 verified sessions.
2025-12-30 08:45:30.039 [info] Got 5 sessions for ...
2025-12-30 08:45:30.039 [info] Getting sessions for all scopes...
2025-12-30 08:45:30.039 [info] Got 5 sessions for ...
2025-12-30 08:45:30.039 [info] Getting sessions for all scopes...
2025-12-30 08:45:30.039 [info] Got 5 sessions for ...
2025-12-30 08:45:30.039 [info] Getting sessions for all scopes...
2025-12-30 08:45:30.039 [info] Got 5 sessions for ...
2025-12-30 08:45:30.039 [info] Getting sessions for all scopes...
2025-12-30 08:45:30.039 [info] Got 5 sessions for ...
2025-12-30 08:45:30.039 [info] Getting sessions for all scopes...
2025-12-30 08:45:30.039 [info] Got 5 sessions for ...
2025-12-30 08:45:30.039 [info] Getting sessions for all scopes...
2025-12-30 08:45:30.039 [info] Got 5 sessions for ...
2025-12-30 08:45:30.039 [info] Getting sessions for all scopes...
2025-12-30 08:45:30.039 [info] Got 5 sessions for ...
2025-12-30 08:45:30.039 [info] Getting sessions for all scopes...
2025-12-30 08:45:30.039 [info] Got 5 sessions for ...
2025-12-30 08:45:30.039 [info] Getting sessions for all scopes...
2025-12-30 08:45:30.039 [info] Got 5 sessions for ...
2025-12-30 08:45:40.047 [info] Getting sessions for all scopes...
2025-12-30 08:45:40.047 [info] Got 5 sessions for ...
2025-12-30 08:45:40.053 [info] Getting sessions for all scopes...
2025-12-30 08:45:40.053 [info] Got 5 sessions for ...
2025-12-30 08:45:40.056 [info] Getting sessions for all scopes...
2025-12-30 08:45:40.056 [info] Got 5 sessions for ...
2025-12-30 08:45:40.056 [info] Getting sessions for all scopes...
2025-12-30 08:45:40.056 [info] Got 5 sessions for ...
2025-12-30 08:45:40.057 [info] Getting sessions for all scopes...
2025-12-30 08:45:40.057 [info] Got 5 sessions for ...
2025-12-30 08:45:40.057 [info] Getting sessions for all scopes...
2025-12-30 08:45:40.057 [info] Got 5 sessions for ...
2025-12-30 08:45:40.058 [info] Getting sessions for all scopes...
2025-12-30 08:45:40.058 [info] Got 5 sessions for ...
2025-12-30 08:45:40.058 [info] Getting sessions for all scopes...
2025-12-30 08:45:40.058 [info] Got 5 sessions for ...
2025-12-30 08:45:43.291 [info] Getting sessions for all scopes...
2025-12-30 08:45:43.291 [info] Got 5 sessions for ...
2025-12-30 08:45:44.912 [info] FetcherService: Electron fetch failed with status: 429 
2025-12-30 08:45:45.178 [info] Getting sessions for read:user,repo,user:email...
2025-12-30 08:45:45.178 [info] Got 1 sessions for read:user,repo,user:email...
2025-12-30 08:45:45.180 [info] Getting sessions for project,read:org,read:user,repo,user:email,workflow...
2025-12-30 08:45:45.180 [info] Got 0 sessions for project,read:org,read:user,repo,user:email,workflow...
2025-12-30 08:45:45.256 [info] Getting sessions for read:user,repo,user:email,workflow...
2025-12-30 08:45:45.256 [info] Got 1 sessions for read:user,repo,user:email,workflow...
2025-12-30 08:45:47.879 [info] Getting sessions for read:user,repo,user:email,workflow...
2025-12-30 08:45:47.880 [info] Got 1 sessions for read:user,repo,user:email,workflow...
2025-12-30 08:45:48.699 [info] FetcherService: Node fetch failed with status: 429 Too Many Requests
2025-12-30 08:45:49.172 [info] Getting sessions for all scopes...
2025-12-30 08:45:49.185 [info] Got 5 sessions for ...
2025-12-30 08:45:49.185 [info] Getting sessions for all scopes...
2025-12-30 08:45:49.185 [info] Got 5 sessions for ...
2025-12-30 08:45:49.186 [info] Getting sessions for all scopes...
2025-12-30 08:45:49.186 [info] Got 5 sessions for ...
2025-12-30 08:45:49.187 [info] FetcherService: Node http/s failed with status: 429 Too Many Requests
2025-12-30 08:45:50.545 [info] Getting sessions for read:user,repo,user:email...
2025-12-30 08:45:50.545 [info] Got 1 sessions for read:user,repo,user:email...
2025-12-30 08:45:51.972 [info] Getting sessions for read:user,repo,user:email,workflow...
2025-12-30 08:45:51.972 [info] Got 1 sessions for read:user,repo,user:email,workflow...
2025-12-30 08:45:54.934 [info] Getting sessions for all scopes...
2025-12-30 08:45:54.935 [info] Got 5 sessions for ...
2025-12-30 08:45:54.936 [info] Getting sessions for all scopes...
2025-12-30 08:45:54.936 [info] Got 5 sessions for ...
2025-12-30 08:45:54.939 [info] Getting sessions for read:user,repo,user:email,workflow...
2025-12-30 08:45:54.939 [info] Got 1 sessions for read:user,repo,user:email,workflow...
2025-12-30 08:45:55.276 [info] Getting sessions for all scopes...
2025-12-30 08:45:55.276 [info] Got 5 sessions for ...
2025-12-30 08:45:55.811 [info] Getting sessions for all scopes...
2025-12-30 08:45:55.811 [info] Got 5 sessions for ...
2025-12-30 08:45:55.811 [info] Getting sessions for all scopes...
2025-12-30 08:45:55.811 [info] Got 5 sessions for ...
2025-12-30 08:45:55.812 [info] Getting sessions for all scopes...
2025-12-30 08:45:55.812 [info] Got 5 sessions for ...
2025-12-30 08:45:55.882 [info] Getting sessions for repo,user:email...
2025-12-30 08:45:55.882 [info] Got 1 sessions for repo,user:email...
2025-12-30 08:45:55.884 [info] Getting sessions for read:user,repo,user:email,workflow...
2025-12-30 08:45:55.884 [info] Got 1 sessions for read:user,repo,user:email,workflow...
2025-12-30 08:45:55.888 [info] Getting sessions for all scopes...
2025-12-30 08:45:55.888 [info] Got 5 sessions for ...
2025-12-30 08:45:59.022 [info] Getting sessions for read:user,repo,user:email...
2025-12-30 08:45:59.022 [info] Got 1 sessions for read:user,repo,user:email...
2025-12-30 08:48:26.567 [info] Getting sessions for all scopes...
2025-12-30 08:48:26.568 [info] Got 5 sessions for ...
2025-12-30 08:48:26.942 [info] Getting sessions for all scopes...
2025-12-30 08:48:26.942 [info] Got 5 sessions for ...
2025-12-30 08:53:48.952 [info] Getting sessions for read:user,repo,user:email,workflow...
2025-12-30 08:53:48.953 [info] Got 1 sessions for read:user,repo,user:email,workflow...
2025-12-30 08:55:39.694 [info] Getting sessions for read:user,repo,user:email,workflow...
2025-12-30 08:55:39.695 [info] Got 1 sessions for read:user,repo,user:email,workflow...
2025-12-30 09:07:27.336 [info] Getting sessions for all scopes...
2025-12-30 09:07:27.337 [info] Got 5 sessions for ...
2025-12-30 09:07:27.340 [info] Getting sessions for read:user,repo,user:email,workflow...
2025-12-30 09:07:27.340 [info] Got 1 sessions for read:user,repo,user:email,workflow...
2025-12-30 09:07:27.805 [info] Getting sessions for all scopes...
2025-12-30 09:07:27.805 [info] Got 5 sessions for ...
2025-12-30 09:07:27.806 [info] Getting sessions for all scopes...
2025-12-30 09:07:27.806 [info] Got 5 sessions for ...
2025-12-30 09:07:27.814 [info] Getting sessions for read:user,repo,user:email,workflow...
2025-12-30 09:07:27.814 [info] Got 1 sessions for read:user,repo,user:email,workflow...
2025-12-30 09:07:27.854 [info] Getting sessions for all scopes...
2025-12-30 09:07:27.854 [info] Got 5 sessions for ...
2025-12-30 09:07:27.856 [info] Getting sessions for read:user,repo,user:email,workflow...
2025-12-30 09:07:27.856 [info] Got 1 sessions for read:user,repo,user:email,workflow...
2025-12-30 09:07:28.552 [info] Getting sessions for all scopes...
2025-12-30 09:07:28.552 [info] Got 5 sessions for ...
2025-12-30 09:07:28.555 [info] Getting sessions for read:user,repo,user:email,workflow...
2025-12-30 09:07:28.555 [info] Got 1 sessions for read:user,repo,user:email,workflow...
2025-12-30 09:07:29.010 [info] Getting sessions for all scopes...
2025-12-30 09:07:29.011 [info] Got 5 sessions for ...
2025-12-30 09:07:29.013 [info] Getting sessions for read:user,repo,user:email,workflow...
2025-12-30 09:07:29.013 [info] Got 1 sessions for read:user,repo,user:email,workflow...
2025-12-30 09:15:34.181 [info] Getting sessions for read:user,repo,user:email...
2025-12-30 09:15:34.182 [info] Got 1 sessions for read:user,repo,user:email...
2025-12-30 10:52:43.220 [info] Getting sessions for all scopes...
2025-12-30 10:52:43.221 [info] Got 5 sessions for ...
2025-12-30 10:52:46.210 [info] Getting sessions for read:user,repo,user:email,workflow...
2025-12-30 10:52:46.214 [info] Got 1 sessions for read:user,repo,user:email,workflow...
2025-12-30 10:52:47.741 [info] Getting sessions for all scopes...
2025-12-30 10:52:47.741 [info] Got 5 sessions for ...
2025-12-30 10:52:47.781 [info] Getting sessions for all scopes...
2025-12-30 10:52:47.781 [info] Got 5 sessions for ...
2025-12-30 10:52:47.785 [info] Getting sessions for read:user,repo,user:email,workflow...
2025-12-30 10:52:47.785 [info] Got 1 sessions for read:user,repo,user:email,workflow...
2025-12-30 10:52:56.110 [info] Getting sessions for all scopes...
2025-12-30 10:52:56.111 [info] Got 5 sessions for ...
2025-12-30 10:52:56.113 [info] Getting sessions for all scopes...
2025-12-30 10:52:56.113 [info] Got 5 sessions for ...
2025-12-30 10:52:56.180 [info] Getting sessions for read:user,repo,user:email,workflow...
2025-12-30 10:52:56.180 [info] Got 1 sessions for read:user,repo,user:email,workflow...
2025-12-30 10:52:57.733 [info] Getting sessions for all scopes...
2025-12-30 10:52:57.734 [info] Got 5 sessions for ...
2025-12-30 10:52:57.735 [info] Getting sessions for all scopes...
2025-12-30 10:52:57.735 [info] Got 5 sessions for ...
2025-12-30 10:52:58.095 [info] Getting sessions for read:user,repo,user:email,workflow...
2025-12-30 10:52:58.095 [info] Got 1 sessions for read:user,repo,user:email,workflow...
2025-12-30 10:52:58.135 [info] Getting sessions for all scopes...
2025-12-30 10:52:58.135 [info] Got 5 sessions for ...
2025-12-30 10:52:58.169 [info] Getting sessions for read:user,repo,user:email,workflow...
2025-12-30 10:52:58.169 [info] Got 1 sessions for read:user,repo,user:email,workflow...
2025-12-30 10:52:59.392 [info] Getting sessions for all scopes...
2025-12-30 10:52:59.392 [info] Got 5 sessions for ...
2025-12-30 10:52:59.392 [info] Getting sessions for all scopes...
2025-12-30 10:52:59.392 [info] Got 5 sessions for ...
2025-12-30 10:52:59.812 [info] Getting sessions for read:user,repo,user:email,workflow...
2025-12-30 10:52:59.812 [info] Got 1 sessions for read:user,repo,user:email,workflow...
2025-12-30 11:48:07.773 [info] Getting sessions for all scopes...
2025-12-30 11:48:07.777 [info] Got 5 sessions for ...
2025-12-30 11:48:09.356 [info] Getting sessions for read:user,repo,user:email,workflow...
2025-12-30 11:48:09.357 [info] Got 1 sessions for read:user,repo,user:email,workflow...
2025-12-30 11:48:10.962 [info] Getting sessions for all scopes...
2025-12-30 11:48:10.962 [info] Got 5 sessions for ...
2025-12-30 11:48:10.964 [info] Getting sessions for all scopes...
2025-12-30 11:48:10.964 [info] Got 5 sessions for ...
2025-12-30 11:48:11.363 [info] Getting sessions for read:user,repo,user:email,workflow...
2025-12-30 11:48:11.364 [info] Got 1 sessions for read:user,repo,user:email,workflow...
2025-12-30 11:52:43.617 [info] Getting sessions for all scopes...
2025-12-30 11:52:43.617 [info] Got 5 sessions for ...
2025-12-30 11:52:43.618 [info] Getting sessions for all scopes...
2025-12-30 11:52:43.618 [info] Got 5 sessions for ...
2025-12-30 11:52:43.801 [info] Getting sessions for read:user,repo,user:email,workflow...
2025-12-30 11:52:43.801 [info] Got 1 sessions for read:user,repo,user:email,workflow...
2025-12-30 12:45:29.160 [info] Getting sessions for all scopes...
2025-12-30 12:45:29.162 [info] Got 5 sessions for ...
2025-12-30 12:45:29.173 [info] Getting sessions for read:user,repo,user:email,workflow...
2025-12-30 12:45:29.173 [info] Got 1 sessions for read:user,repo,user:email,workflow...
2025-12-30 12:45:37.160 [info] Getting sessions for read:user,repo,user:email...
2025-12-30 12:45:37.161 [info] Got 1 sessions for read:user,repo,user:email...
2025-12-30 12:45:44.125 [info] Getting sessions for all scopes...
2025-12-30 12:45:44.126 [info] Got 5 sessions for ...
2025-12-30 12:45:44.189 [info] Getting sessions for read:user,repo,user:email,workflow...
2025-12-30 12:45:44.189 [info] Got 1 sessions for read:user,repo,user:email,workflow...
2025-12-30 12:45:44.766 [info] Getting sessions for all scopes...
2025-12-30 12:45:44.766 [info] Got 5 sessions for ...
2025-12-30 12:45:44.772 [info] Getting sessions for all scopes...
2025-12-30 12:45:44.772 [info] Got 5 sessions for ...
2025-12-30 12:45:44.836 [info] Getting sessions for read:user,repo,user:email,workflow...
2025-12-30 12:45:44.836 [info] Got 1 sessions for read:user,repo,user:email,workflow...
2025-12-30 12:45:45.789 [info] Getting sessions for all scopes...
2025-12-30 12:45:45.789 [info] Got 5 sessions for ...
2025-12-30 12:45:45.789 [info] Getting sessions for all scopes...
2025-12-30 12:45:45.789 [info] Got 5 sessions for ...
2025-12-30 12:45:45.821 [info] Getting sessions for read:user,repo,user:email,workflow...
2025-12-30 12:45:45.821 [info] Got 1 sessions for read:user,repo,user:email,workflow...
2025-12-30 12:45:46.469 [info] Getting sessions for all scopes...
2025-12-30 12:45:46.469 [info] Got 5 sessions for ...
2025-12-30 12:45:46.471 [info] Getting sessions for read:user,repo,user:email,workflow...
2025-12-30 12:45:46.471 [info] Got 1 sessions for read:user,repo,user:email,workflow...
2025-12-30 12:45:46.621 [info] Getting sessions for all scopes...
2025-12-30 12:45:46.621 [info] Got 5 sessions for ...
2025-12-30 12:45:46.622 [info] Getting sessions for all scopes...
2025-12-30 12:45:46.622 [info] Got 5 sessions for ...
2025-12-30 12:45:46.636 [info] Getting sessions for read:user,repo,user:email,workflow...
2025-12-30 12:45:46.636 [info] Got 1 sessions for read:user,repo,user:email,workflow...
2025-12-30 13:07:22.615 [info] Getting sessions for all scopes...
2025-12-30 13:07:22.616 [info] Got 5 sessions for ...
2025-12-30 13:07:22.626 [info] Getting sessions for read:user,repo,user:email,workflow...
2025-12-30 13:07:22.626 [info] Got 1 sessions for read:user,repo,user:email,workflow...
2025-12-30 13:07:23.178 [info] Getting sessions for all scopes...
2025-12-30 13:07:23.178 [info] Got 5 sessions for ...
2025-12-30 13:07:23.180 [info] Getting sessions for all scopes...
2025-12-30 13:07:23.180 [info] Got 5 sessions for ...
2025-12-30 13:07:23.210 [info] Getting sessions for read:user,repo,user:email,workflow...
2025-12-30 13:07:23.210 [info] Got 1 sessions for read:user,repo,user:email,workflow...
2025-12-30 13:07:23.247 [info] Getting sessions for all scopes...
2025-12-30 13:07:23.248 [info] Got 5 sessions for ...
2025-12-30 13:07:23.250 [info] Getting sessions for read:user,repo,user:email,workflow...
2025-12-30 13:07:23.250 [info] Got 1 sessions for read:user,repo,user:email,workflow...
2025-12-30 13:07:23.932 [info] Getting sessions for all scopes...
2025-12-30 13:07:23.932 [info] Got 5 sessions for ...
2025-12-30 13:07:23.937 [info] Getting sessions for read:user,repo,user:email,workflow...
2025-12-30 13:07:23.937 [info] Got 1 sessions for read:user,repo,user:email,workflow...
2025-12-30 13:32:14.932 [info] Getting sessions for read:user,repo,user:email...
2025-12-30 13:32:14.935 [info] Got 1 sessions for read:user,repo,user:email...
2025-12-30 13:32:33.400 [info] Getting sessions for read:user,repo,user:email...
2025-12-30 13:32:33.401 [info] Got 1 sessions for read:user,repo,user:email...
2025-12-30 13:32:35.258 [info] Getting sessions for read:user,repo,user:email...
2025-12-30 13:32:35.258 [info] Got 1 sessions for read:user,repo,user:email...
2025-12-30 13:47:19.235 [info] Getting sessions for all scopes...
2025-12-30 13:47:19.240 [info] Got 5 sessions for ...
2025-12-30 13:47:19.241 [info] Getting sessions for all scopes...
2025-12-30 13:47:19.241 [info] Got 5 sessions for ...
2025-12-30 13:47:19.844 [info] Getting sessions for read:user,repo,user:email,workflow...
2025-12-30 13:47:19.845 [info] Got 1 sessions for read:user,repo,user:email,workflow...
2025-12-30 13:47:20.097 [info] Getting sessions for all scopes...
2025-12-30 13:47:20.097 [info] Got 5 sessions for ...
2025-12-30 13:47:21.723 [info] Getting sessions for read:user,repo,user:email,workflow...
2025-12-30 13:47:21.723 [info] Got 1 sessions for read:user,repo,user:email,workflow...
2025-12-30 13:47:22.574 [info] Getting sessions for all scopes...
2025-12-30 13:47:22.574 [info] Got 5 sessions for ...
2025-12-30 13:47:22.574 [info] Getting sessions for all scopes...
2025-12-30 13:47:22.574 [info] Got 5 sessions for ...
2025-12-30 13:47:23.327 [info] Getting sessions for read:user,repo,user:email,workflow...
2025-12-30 13:47:23.327 [info] Got 1 sessions for read:user,repo,user:email,workflow...
2025-12-30 13:47:23.945 [info] Getting sessions for all scopes...
2025-12-30 13:47:23.945 [info] Got 5 sessions for ...
2025-12-30 13:47:23.945 [info] Getting sessions for all scopes...
2025-12-30 13:47:23.945 [info] Got 5 sessions for ...
2025-12-30 13:47:23.970 [info] Getting sessions for read:user,repo,user:email,workflow...
2025-12-30 13:47:23.970 [info] Got 1 sessions for read:user,repo,user:email,workflow...
2025-12-30 13:47:24.699 [info] Getting sessions for all scopes...
2025-12-30 13:47:24.699 [info] Got 5 sessions for ...
2025-12-30 13:47:24.701 [info] Getting sessions for read:user,repo,user:email,workflow...
2025-12-30 13:47:24.701 [info] Got 1 sessions for read:user,repo,user:email,workflow...
2025-12-30 15:19:33.918 [info] Getting sessions for all scopes...
2025-12-30 15:19:33.918 [info] Got 5 sessions for ...
2025-12-30 15:19:34.596 [info] Getting sessions for read:user,repo,user:email,workflow...
2025-12-30 15:19:34.597 [info] Got 1 sessions for read:user,repo,user:email,workflow...
2025-12-30 15:19:35.309 [info] Getting sessions for all scopes...
2025-12-30 15:19:35.309 [info] Got 5 sessions for ...
2025-12-30 15:19:35.309 [info] Getting sessions for all scopes...
2025-12-30 15:19:35.310 [info] Got 5 sessions for ...
2025-12-30 15:19:35.313 [info] Getting sessions for read:user,repo,user:email,workflow...
2025-12-30 15:19:35.313 [info] Got 1 sessions for read:user,repo,user:email,workflow...
2025-12-30 15:19:37.080 [info] Getting sessions for all scopes...
2025-12-30 15:19:37.080 [info] Got 5 sessions for ...
2025-12-30 15:19:37.114 [info] Getting sessions for all scopes...
2025-12-30 15:19:37.114 [info] Got 5 sessions for ...
2025-12-30 15:19:37.119 [info] Getting sessions for read:user,repo,user:email,workflow...
2025-12-30 15:19:37.119 [info] Got 1 sessions for read:user,repo,user:email,workflow...
2025-12-30 15:19:38.016 [info] Getting sessions for all scopes...
2025-12-30 15:19:38.016 [info] Got 5 sessions for ...
2025-12-30 15:19:38.016 [info] Getting sessions for all scopes...
2025-12-30 15:19:38.016 [info] Got 5 sessions for ...
2025-12-30 15:19:38.019 [info] Getting sessions for read:user,repo,user:email,workflow...
2025-12-30 15:19:38.019 [info] Got 1 sessions for read:user,repo,user:email,workflow...
2025-12-30 15:19:38.716 [info] Getting sessions for all scopes...
2025-12-30 15:19:38.716 [info] Got 5 sessions for ...
2025-12-30 15:19:38.717 [info] Getting sessions for read:user,repo,user:email,workflow...
2025-12-30 15:19:38.717 [info] Got 1 sessions for read:user,repo,user:email,workflow...
2025-12-30 17:20:41.455 [info] Getting sessions for all scopes...
2025-12-30 17:20:41.456 [info] Got 5 sessions for ...
2025-12-30 17:20:41.662 [info] Getting sessions for read:user,repo,user:email,workflow...
2025-12-30 17:20:41.663 [info] Got 1 sessions for read:user,repo,user:email,workflow...
2025-12-30 17:20:45.012 [info] Getting sessions for all scopes...
2025-12-30 17:20:45.012 [info] Got 5 sessions for ...
2025-12-30 17:20:45.012 [info] Getting sessions for all scopes...
2025-12-30 17:20:45.012 [info] Got 5 sessions for ...
2025-12-30 17:20:45.173 [info] Getting sessions for read:user,repo,user:email,workflow...
2025-12-30 17:20:45.173 [info] Got 1 sessions for read:user,repo,user:email,workflow...
2025-12-30 17:20:45.288 [info] Getting sessions for all scopes...
2025-12-30 17:20:45.288 [info] Got 5 sessions for ...
2025-12-30 17:20:45.289 [info] Getting sessions for all scopes...
2025-12-30 17:20:45.289 [info] Got 5 sessions for ...
2025-12-30 17:20:45.891 [info] Getting sessions for read:user,repo,user:email,workflow...
2025-12-30 17:20:45.891 [info] Got 1 sessions for read:user,repo,user:email,workflow...
2025-12-30 18:21:59.989 [info] Getting sessions for all scopes...
2025-12-30 18:21:59.989 [info] Got 5 sessions for ...
2025-12-30 18:21:59.990 [info] Getting sessions for all scopes...
2025-12-30 18:21:59.990 [info] Got 5 sessions for ...
2025-12-30 18:21:59.990 [info] Getting sessions for all scopes...
2025-12-30 18:21:59.990 [info] Got 5 sessions for ...
2025-12-30 18:21:59.993 [info] Getting sessions for read:user,repo,user:email,workflow...
2025-12-30 18:21:59.994 [info] Got 1 sessions for read:user,repo,user:email,workflow...
2025-12-30 18:22:00.900 [info] Getting sessions for all scopes...
2025-12-30 18:22:00.900 [info] Got 5 sessions for ...
2025-12-30 18:22:00.900 [info] Getting sessions for all scopes...
2025-12-30 18:22:00.900 [info] Got 5 sessions for ...
2025-12-30 18:22:00.922 [info] Getting sessions for read:user,repo,user:email,workflow...
2025-12-30 18:22:00.922 [info] Got 1 sessions for read:user,repo,user:email,workflow...
2025-12-30 18:22:01.528 [info] Getting sessions for all scopes...
2025-12-30 18:22:01.528 [info] Got 5 sessions for ...
2025-12-30 18:22:01.904 [info] Getting sessions for read:user,repo,user:email,workflow...
2025-12-30 18:22:01.904 [info] Got 1 sessions for read:user,repo,user:email,workflow...
2025-12-30 19:23:08.076 [info] Getting sessions for all scopes...
2025-12-30 19:23:08.077 [info] Got 5 sessions for ...
2025-12-30 19:23:08.552 [info] Getting sessions for read:user,repo,user:email,workflow...
2025-12-30 19:23:08.552 [info] Got 1 sessions for read:user,repo,user:email,workflow...
2025-12-30 19:23:09.340 [info] Getting sessions for all scopes...
2025-12-30 19:23:09.340 [info] Got 5 sessions for ...
2025-12-30 19:23:09.341 [info] Getting sessions for all scopes...
2025-12-30 19:23:09.341 [info] Got 5 sessions for ...
2025-12-30 19:23:09.512 [info] Getting sessions for read:user,repo,user:email,workflow...
2025-12-30 19:23:09.512 [info] Got 1 sessions for read:user,repo,user:email,workflow...
2025-12-30 19:23:11.212 [info] Getting sessions for all scopes...
2025-12-30 19:23:11.212 [info] Got 5 sessions for ...
2025-12-30 19:23:11.215 [info] Getting sessions for all scopes...
2025-12-30 19:23:11.215 [info] Got 5 sessions for ...
2025-12-30 19:23:11.327 [info] Getting sessions for read:user,repo,user:email,workflow...
2025-12-30 19:23:11.327 [info] Got 1 sessions for read:user,repo,user:email,workflow...
2025-12-30 19:23:13.645 [info] Getting sessions for all scopes...
2025-12-30 19:23:13.645 [info] Got 5 sessions for ...
2025-12-30 19:23:13.651 [info] Getting sessions for all scopes...
2025-12-30 19:23:13.651 [info] Got 5 sessions for ...
2025-12-30 19:23:13.655 [info] Getting sessions for read:user,repo,user:email,workflow...
2025-12-30 19:23:13.655 [info] Got 1 sessions for read:user,repo,user:email,workflow...
2025-12-30 20:24:20.415 [info] Getting sessions for all scopes...
2025-12-30 20:24:20.416 [info] Got 5 sessions for ...
2025-12-30 20:24:20.914 [info] Getting sessions for read:user,repo,user:email,workflow...
2025-12-30 20:24:20.915 [info] Got 1 sessions for read:user,repo,user:email,workflow...
2025-12-30 20:24:23.458 [info] Getting sessions for all scopes...
2025-12-30 20:24:23.458 [info] Got 5 sessions for ...
2025-12-30 20:24:23.458 [info] Getting sessions for all scopes...
2025-12-30 20:24:23.458 [info] Got 5 sessions for ...
2025-12-30 20:24:23.516 [info] Getting sessions for read:user,repo,user:email,workflow...
2025-12-30 20:24:23.516 [info] Got 1 sessions for read:user,repo,user:email,workflow...
2025-12-30 20:24:25.452 [info] Getting sessions for all scopes...
2025-12-30 20:24:25.452 [info] Got 5 sessions for ...
2025-12-30 20:24:25.774 [info] Getting sessions for read:user,repo,user:email,workflow...
2025-12-30 20:24:25.774 [info] Got 1 sessions for read:user,repo,user:email,workflow...
2025-12-30 21:25:33.951 [info] Getting sessions for all scopes...
2025-12-30 21:25:33.952 [info] Got 5 sessions for ...
2025-12-30 21:25:34.013 [info] Getting sessions for read:user,repo,user:email,workflow...
2025-12-30 21:25:34.013 [info] Got 1 sessions for read:user,repo,user:email,workflow...
2025-12-30 21:25:34.772 [info] Getting sessions for all scopes...
2025-12-30 21:25:34.772 [info] Got 5 sessions for ...
2025-12-30 21:25:34.773 [info] Getting sessions for all scopes...
2025-12-30 21:25:34.773 [info] Got 5 sessions for ...
2025-12-30 21:25:34.874 [info] Getting sessions for read:user,repo,user:email,workflow...
2025-12-30 21:25:34.874 [info] Got 1 sessions for read:user,repo,user:email,workflow...
2025-12-30 21:25:35.709 [info] Getting sessions for all scopes...
2025-12-30 21:25:35.709 [info] Got 5 sessions for ...
2025-12-30 21:25:35.710 [info] Getting sessions for all scopes...
2025-12-30 21:25:35.710 [info] Got 5 sessions for ...
2025-12-30 21:25:35.740 [info] Getting sessions for read:user,repo,user:email,workflow...
2025-12-30 21:25:35.740 [info] Got 1 sessions for read:user,repo,user:email,workflow...
2025-12-30 21:25:39.109 [info] Getting sessions for all scopes...
2025-12-30 21:25:39.109 [info] Got 5 sessions for ...
2025-12-30 21:25:39.112 [info] Getting sessions for all scopes...
2025-12-30 21:25:39.112 [info] Got 5 sessions for ...
2025-12-30 21:25:39.123 [info] Getting sessions for read:user,repo,user:email,workflow...
2025-12-30 21:25:39.123 [info] Got 1 sessions for read:user,repo,user:email,workflow...
2025-12-30 22:26:45.225 [info] Getting sessions for all scopes...
2025-12-30 22:26:45.225 [info] Got 5 sessions for ...
2025-12-30 22:26:49.190 [info] Getting sessions for read:user,repo,user:email,workflow...
2025-12-30 22:26:49.190 [info] Got 1 sessions for read:user,repo,user:email,workflow...
2025-12-30 22:26:49.505 [info] Getting sessions for all scopes...
2025-12-30 22:26:49.505 [info] Got 5 sessions for ...
2025-12-30 22:26:49.506 [info] Getting sessions for all scopes...
2025-12-30 22:26:49.506 [info] Got 5 sessions for ...
2025-12-30 22:26:49.888 [info] Getting sessions for read:user,repo,user:email,workflow...
2025-12-30 22:26:49.888 [info] Got 1 sessions for read:user,repo,user:email,workflow...
2025-12-30 23:27:52.424 [info] Getting sessions for all scopes...
2025-12-30 23:27:52.424 [info] Got 5 sessions for ...
2025-12-30 23:27:52.425 [info] Getting sessions for all scopes...
2025-12-30 23:27:52.425 [info] Got 5 sessions for ...
2025-12-30 23:27:52.505 [info] Getting sessions for read:user,repo,user:email,workflow...
2025-12-30 23:27:52.505 [info] Got 1 sessions for read:user,repo,user:email,workflow...
2025-12-30 23:27:53.911 [info] Getting sessions for all scopes...
2025-12-30 23:27:53.911 [info] Got 5 sessions for ...
2025-12-30 23:27:53.911 [info] Getting sessions for all scopes...
2025-12-30 23:27:53.911 [info] Got 5 sessions for ...
2025-12-30 23:27:53.912 [info] Getting sessions for all scopes...
2025-12-30 23:27:53.912 [info] Got 5 sessions for ...
2025-12-30 23:27:53.926 [info] Getting sessions for read:user,repo,user:email,workflow...
2025-12-30 23:27:53.926 [info] Got 1 sessions for read:user,repo,user:email,workflow...
2025-12-30 23:27:55.275 [info] Getting sessions for all scopes...
2025-12-30 23:27:55.275 [info] Got 5 sessions for ...
2025-12-30 23:27:55.275 [info] Getting sessions for all scopes...
2025-12-30 23:27:55.275 [info] Got 5 sessions for ...
2025-12-30 23:27:55.347 [info] Getting sessions for read:user,repo,user:email,workflow...
2025-12-30 23:27:55.347 [info] Got 1 sessions for read:user,repo,user:email,workflow...
2025-12-30 23:27:55.553 [info] Getting sessions for all scopes...
2025-12-30 23:27:55.553 [info] Got 5 sessions for ...
2025-12-30 23:27:55.710 [info] Getting sessions for read:user,repo,user:email,workflow...
2025-12-30 23:27:55.710 [info] Got 1 sessions for read:user,repo,user:email,workflow...
2025-12-31 00:29:03.384 [info] Getting sessions for all scopes...
2025-12-31 00:29:03.385 [info] Got 5 sessions for ...
2025-12-31 00:29:05.825 [info] Getting sessions for read:user,repo,user:email,workflow...
2025-12-31 00:29:05.825 [info] Got 1 sessions for read:user,repo,user:email,workflow...
2025-12-31 00:29:08.090 [info] Getting sessions for all scopes...
2025-12-31 00:29:08.090 [info] Got 5 sessions for ...
2025-12-31 00:29:08.092 [info] Getting sessions for all scopes...
2025-12-31 00:29:08.092 [info] Got 5 sessions for ...
2025-12-31 00:29:08.496 [info] Getting sessions for read:user,repo,user:email,workflow...
2025-12-31 00:29:08.497 [info] Got 1 sessions for read:user,repo,user:email,workflow...
2025-12-31 00:29:11.070 [info] Getting sessions for all scopes...
2025-12-31 00:29:11.070 [info] Got 5 sessions for ...
2025-12-31 00:29:11.070 [info] Getting sessions for all scopes...
2025-12-31 00:29:11.070 [info] Got 5 sessions for ...
2025-12-31 00:29:11.143 [info] Getting sessions for read:user,repo,user:email,workflow...
2025-12-31 00:29:11.143 [info] Got 1 sessions for read:user,repo,user:email,workflow...
2025-12-31 01:15:23.556 [info] Getting sessions for all scopes...
2025-12-31 01:15:23.556 [info] Got 5 sessions for ...
2025-12-31 01:15:24.028 [info] Getting sessions for read:user,repo,user:email,workflow...
2025-12-31 01:15:24.028 [info] Got 1 sessions for read:user,repo,user:email,workflow...
2025-12-31 01:30:15.552 [info] Getting sessions for all scopes...
2025-12-31 01:30:15.554 [info] Got 5 sessions for ...
2025-12-31 01:30:16.434 [info] Getting sessions for read:user,repo,user:email,workflow...
2025-12-31 01:30:16.435 [info] Got 1 sessions for read:user,repo,user:email,workflow...
2025-12-31 01:30:17.083 [info] Getting sessions for all scopes...
2025-12-31 01:30:17.083 [info] Got 5 sessions for ...
2025-12-31 01:30:17.084 [info] Getting sessions for all scopes...
2025-12-31 01:30:17.084 [info] Got 5 sessions for ...
2025-12-31 01:30:17.209 [info] Getting sessions for read:user,repo,user:email,workflow...
2025-12-31 01:30:17.209 [info] Got 1 sessions for read:user,repo,user:email,workflow...
2025-12-31 01:30:17.886 [info] Getting sessions for all scopes...
2025-12-31 01:30:17.886 [info] Got 5 sessions for ...
2025-12-31 01:30:17.887 [info] Getting sessions for all scopes...
2025-12-31 01:30:17.887 [info] Got 5 sessions for ...
2025-12-31 01:30:17.928 [info] Getting sessions for read:user,repo,user:email,workflow...
2025-12-31 01:30:17.928 [info] Got 1 sessions for read:user,repo,user:email,workflow...
2025-12-31 01:30:21.624 [info] Getting sessions for all scopes...
2025-12-31 01:30:21.624 [info] Got 5 sessions for ...
2025-12-31 01:30:21.628 [info] Getting sessions for read:user,repo,user:email,workflow...
2025-12-31 01:30:21.628 [info] Got 1 sessions for read:user,repo,user:email,workflow...
2025-12-31 01:30:22.622 [info] Getting sessions for all scopes...
2025-12-31 01:30:22.622 [info] Got 5 sessions for ...
2025-12-31 01:30:22.625 [info] Getting sessions for read:user,repo,user:email,workflow...
2025-12-31 01:30:22.625 [info] Got 1 sessions for read:user,repo,user:email,workflow...
2025-12-31 02:31:24.290 [info] Getting sessions for all scopes...
2025-12-31 02:31:24.291 [info] Got 5 sessions for ...
2025-12-31 02:31:24.337 [info] Getting sessions for all scopes...
2025-12-31 02:31:24.337 [info] Got 5 sessions for ...
2025-12-31 02:31:26.064 [info] Getting sessions for read:user,repo,user:email,workflow...
2025-12-31 02:31:26.064 [info] Got 1 sessions for read:user,repo,user:email,workflow...
2025-12-31 02:31:27.345 [info] Getting sessions for all scopes...
2025-12-31 02:31:27.345 [info] Got 5 sessions for ...
2025-12-31 02:31:27.346 [info] Getting sessions for all scopes...
2025-12-31 02:31:27.346 [info] Got 5 sessions for ...
2025-12-31 02:31:27.400 [info] Getting sessions for read:user,repo,user:email,workflow...
2025-12-31 02:31:27.400 [info] Got 1 sessions for read:user,repo,user:email,workflow...
2025-12-31 02:31:28.338 [info] Getting sessions for all scopes...
2025-12-31 02:31:28.338 [info] Got 5 sessions for ...
2025-12-31 02:31:28.338 [info] Getting sessions for all scopes...
2025-12-31 02:31:28.338 [info] Got 5 sessions for ...
2025-12-31 02:31:28.345 [info] Getting sessions for read:user,repo,user:email,workflow...
2025-12-31 02:31:28.345 [info] Got 1 sessions for read:user,repo,user:email,workflow...
2025-12-31 02:31:29.580 [info] Getting sessions for all scopes...
2025-12-31 02:31:29.581 [info] Got 5 sessions for ...
2025-12-31 02:31:29.586 [info] Getting sessions for read:user,repo,user:email,workflow...
2025-12-31 02:31:29.586 [info] Got 1 sessions for read:user,repo,user:email,workflow...
2025-12-31 02:31:30.558 [info] Getting sessions for all scopes...
2025-12-31 02:31:30.558 [info] Got 5 sessions for ...
2025-12-31 02:31:30.566 [info] Getting sessions for read:user,repo,user:email,workflow...
2025-12-31 02:31:30.566 [info] Got 1 sessions for read:user,repo,user:email,workflow...
2025-12-31 03:32:34.078 [info] Getting sessions for all scopes...
2025-12-31 03:32:34.080 [info] Got 5 sessions for ...
2025-12-31 03:32:35.711 [info] Getting sessions for read:user,repo,user:email,workflow...
2025-12-31 03:32:35.711 [info] Got 1 sessions for read:user,repo,user:email,workflow...
2025-12-31 03:32:37.413 [info] Getting sessions for all scopes...
2025-12-31 03:32:37.413 [info] Got 5 sessions for ...
2025-12-31 03:32:37.414 [info] Getting sessions for all scopes...
2025-12-31 03:32:37.414 [info] Got 5 sessions for ...
2025-12-31 03:32:37.571 [info] Getting sessions for read:user,repo,user:email,workflow...
2025-12-31 03:32:37.571 [info] Got 1 sessions for read:user,repo,user:email,workflow...
2025-12-31 03:32:38.502 [info] Getting sessions for all scopes...
2025-12-31 03:32:38.502 [info] Got 5 sessions for ...
2025-12-31 03:32:40.367 [info] Getting sessions for read:user,repo,user:email,workflow...
2025-12-31 03:32:40.367 [info] Got 1 sessions for read:user,repo,user:email,workflow...
2025-12-31 03:32:41.191 [info] Getting sessions for all scopes...
2025-12-31 03:32:41.191 [info] Got 5 sessions for ...
2025-12-31 03:32:41.192 [info] Getting sessions for all scopes...
2025-12-31 03:32:41.192 [info] Got 5 sessions for ...
2025-12-31 03:32:41.642 [info] Getting sessions for read:user,repo,user:email,workflow...
2025-12-31 03:32:41.642 [info] Got 1 sessions for read:user,repo,user:email,workflow...
2025-12-31 03:32:42.626 [info] Getting sessions for all scopes...
2025-12-31 03:32:42.626 [info] Got 5 sessions for ...
2025-12-31 03:32:43.181 [info] Getting sessions for read:user,repo,user:email,workflow...
2025-12-31 03:32:43.181 [info] Got 1 sessions for read:user,repo,user:email,workflow...
2025-12-31 03:33:06.032 [info] Getting sessions for all scopes...
2025-12-31 03:33:06.032 [info] Got 5 sessions for ...
2025-12-31 03:33:06.038 [info] Getting sessions for read:user,repo,user:email,workflow...
2025-12-31 03:33:06.038 [info] Got 1 sessions for read:user,repo,user:email,workflow...
2025-12-31 05:35:06.716 [info] Getting sessions for all scopes...
2025-12-31 05:35:06.717 [info] Got 5 sessions for ...
2025-12-31 05:35:07.219 [info] Getting sessions for read:user,repo,user:email,workflow...
2025-12-31 05:35:07.219 [info] Got 1 sessions for read:user,repo,user:email,workflow...
2025-12-31 06:45:13.603 [info] Getting sessions for read:user,repo,user:email...
2025-12-31 06:45:13.604 [info] Got 1 sessions for read:user,repo,user:email...
2025-12-31 07:25:20.411 [info] Getting sessions for read:user,repo,user:email...
2025-12-31 07:25:20.413 [info] Got 1 sessions for read:user,repo,user:email...
2025-12-31 07:25:39.663 [info] Getting sessions for all scopes...
2025-12-31 07:25:39.663 [info] Got 5 sessions for ...
2025-12-31 07:25:39.669 [info] Getting sessions for read:user,repo,user:email,workflow...
2025-12-31 07:25:39.669 [info] Got 1 sessions for read:user,repo,user:email,workflow...
2025-12-31 07:25:40.425 [info] Getting sessions for all scopes...
2025-12-31 07:25:40.425 [info] Got 5 sessions for ...
2025-12-31 07:25:40.425 [info] Getting sessions for all scopes...
2025-12-31 07:25:40.425 [info] Got 5 sessions for ...
2025-12-31 07:25:40.463 [info] Getting sessions for read:user,repo,user:email,workflow...
2025-12-31 07:25:40.463 [info] Got 1 sessions for read:user,repo,user:email,workflow...
2025-12-31 07:25:41.850 [info] Getting sessions for all scopes...
2025-12-31 07:25:41.850 [info] Got 5 sessions for ...
2025-12-31 07:25:41.850 [info] Getting sessions for all scopes...
2025-12-31 07:25:41.850 [info] Got 5 sessions for ...
2025-12-31 07:25:42.488 [info] Getting sessions for read:user,repo,user:email,workflow...
2025-12-31 07:25:42.489 [info] Got 1 sessions for read:user,repo,user:email,workflow...
2025-12-31 07:25:43.047 [info] Getting sessions for all scopes...
2025-12-31 07:25:43.047 [info] Got 5 sessions for ...
2025-12-31 07:25:43.312 [info] Getting sessions for read:user,repo,user:email,workflow...
2025-12-31 07:25:43.312 [info] Got 1 sessions for read:user,repo,user:email,workflow...
2025-12-31 07:26:19.114 [info] Getting sessions for all scopes...
2025-12-31 07:26:19.115 [info] Got 5 sessions for ...
2025-12-31 07:26:19.211 [info] Getting sessions for all scopes...
2025-12-31 07:26:19.212 [info] Got 5 sessions for ...
2025-12-31 08:40:46.215 [info] Getting sessions for all scopes...
2025-12-31 08:40:46.217 [info] Got 5 sessions for ...
2025-12-31 08:40:47.325 [info] Getting sessions for read:user,repo,user:email,workflow...
2025-12-31 08:40:47.327 [info] Got 1 sessions for read:user,repo,user:email,workflow...
2025-12-31 08:41:42.096 [info] Getting sessions for all scopes...
2025-12-31 08:41:42.138 [info] Got 5 sessions for ...
2025-12-31 08:41:42.138 [info] Getting sessions for all scopes...
2025-12-31 08:41:42.151 [info] Got 5 sessions for ...
2025-12-31 08:41:42.616 [info] Getting sessions for read:user,repo,user:email,workflow...
2025-12-31 08:41:42.616 [info] Got 1 sessions for read:user,repo,user:email,workflow...
2025-12-31 08:41:47.192 [info] Getting sessions for all scopes...
2025-12-31 08:41:47.192 [info] Got 5 sessions for ...
2025-12-31 08:41:47.194 [info] Getting sessions for all scopes...
2025-12-31 08:41:47.194 [info] Got 5 sessions for ...
2025-12-31 08:41:47.445 [info] Getting sessions for read:user,repo,user:email,workflow...
2025-12-31 08:41:47.445 [info] Got 1 sessions for read:user,repo,user:email,workflow...
2025-12-31 08:41:53.947 [info] Getting sessions for all scopes...
2025-12-31 08:41:53.948 [info] Got 5 sessions for ...
2025-12-31 08:41:53.948 [info] Getting sessions for all scopes...
2025-12-31 08:41:53.949 [info] Got 5 sessions for ...
2025-12-31 08:41:54.129 [info] Getting sessions for read:user,repo,user:email,workflow...
2025-12-31 08:41:54.137 [info] Got 1 sessions for read:user,repo,user:email,workflow...
2025-12-31 08:41:56.528 [info] Getting sessions for all scopes...
2025-12-31 08:41:56.528 [info] Got 5 sessions for ...
2025-12-31 08:41:57.622 [info] Getting sessions for read:user,repo,user:email,workflow...
2025-12-31 08:41:57.622 [info] Got 1 sessions for read:user,repo,user:email,workflow...
2025-12-31 08:42:00.850 [info] Getting sessions for all scopes...
2025-12-31 08:42:00.850 [info] Got 5 sessions for ...
2025-12-31 08:42:03.787 [info] Getting sessions for read:user,repo,user:email,workflow...
2025-12-31 08:42:03.787 [info] Got 1 sessions for read:user,repo,user:email,workflow...
2025-12-31 09:39:29.835 [info] Getting sessions for all scopes...
2025-12-31 09:39:29.855 [info] Got 5 sessions for ...
2025-12-31 09:39:31.153 [info] Getting sessions for read:user,repo,user:email,workflow...
2025-12-31 09:39:31.157 [info] Got 1 sessions for read:user,repo,user:email,workflow...
2025-12-31 09:39:32.341 [info] Getting sessions for all scopes...
2025-12-31 09:39:32.341 [info] Got 5 sessions for ...
2025-12-31 09:39:32.342 [info] Getting sessions for all scopes...
2025-12-31 09:39:32.345 [info] Got 5 sessions for ...
2025-12-31 09:39:32.774 [info] Getting sessions for read:user,repo,user:email,workflow...
2025-12-31 09:39:32.774 [info] Got 1 sessions for read:user,repo,user:email,workflow...
2025-12-31 09:39:34.129 [info] Getting sessions for all scopes...
2025-12-31 09:39:34.130 [info] Got 5 sessions for ...
2025-12-31 09:39:34.135 [info] Getting sessions for all scopes...
2025-12-31 09:39:34.135 [info] Got 5 sessions for ...
2025-12-31 09:39:34.362 [info] Getting sessions for read:user,repo,user:email,workflow...
2025-12-31 09:39:34.362 [info] Got 1 sessions for read:user,repo,user:email,workflow...
2025-12-31 09:45:55.763 [info] Getting sessions for all scopes...
2025-12-31 09:45:55.766 [info] Got 5 sessions for ...
2025-12-31 09:45:55.787 [info] Getting sessions for read:user,repo,user:email,workflow...
2025-12-31 09:45:55.787 [info] Got 1 sessions for read:user,repo,user:email,workflow...
2025-12-31 09:46:01.368 [info] Getting sessions for all scopes...
2025-12-31 09:46:01.368 [info] Got 5 sessions for ...
2025-12-31 09:46:01.370 [info] Getting sessions for read:user,repo,user:email,workflow...
2025-12-31 09:46:01.370 [info] Got 1 sessions for read:user,repo,user:email,workflow...
2025-12-31 11:19:35.041 [info] Getting sessions for all scopes...
2025-12-31 11:19:35.042 [info] Got 5 sessions for ...
2025-12-31 11:19:59.968 [info] Getting sessions for read:user,repo,user:email,workflow...
2025-12-31 11:19:59.972 [info] Got 1 sessions for read:user,repo,user:email,workflow...
2025-12-31 11:20:00.403 [info] Getting sessions for all scopes...
2025-12-31 11:20:00.403 [info] Got 5 sessions for ...
2025-12-31 11:20:00.405 [info] Getting sessions for all scopes...
2025-12-31 11:20:00.405 [info] Got 5 sessions for ...
2025-12-31 11:20:00.441 [info] Getting sessions for read:user,repo,user:email,workflow...
2025-12-31 11:20:00.441 [info] Got 1 sessions for read:user,repo,user:email,workflow...
2025-12-31 11:20:00.486 [info] Getting sessions for all scopes...
2025-12-31 11:20:00.486 [info] Got 5 sessions for ...
2025-12-31 11:20:00.487 [info] Getting sessions for all scopes...
2025-12-31 11:20:00.488 [info] Got 5 sessions for ...
2025-12-31 11:20:00.555 [info] Getting sessions for read:user,repo,user:email,workflow...
2025-12-31 11:20:00.555 [info] Got 1 sessions for read:user,repo,user:email,workflow...
2025-12-31 11:20:01.848 [info] Getting sessions for all scopes...
2025-12-31 11:20:01.848 [info] Got 5 sessions for ...
2025-12-31 11:20:01.848 [info] Getting sessions for all scopes...
2025-12-31 11:20:01.848 [info] Got 5 sessions for ...
2025-12-31 11:20:02.057 [info] Getting sessions for read:user,repo,user:email,workflow...
2025-12-31 11:20:02.057 [info] Got 1 sessions for read:user,repo,user:email,workflow...
2025-12-31 11:20:06.467 [info] Getting sessions for all scopes...
2025-12-31 11:20:06.467 [info] Got 5 sessions for ...
2025-12-31 11:20:07.124 [info] Getting sessions for read:user,repo,user:email,workflow...
2025-12-31 11:20:07.124 [info] Got 1 sessions for read:user,repo,user:email,workflow...
2025-12-31 12:38:36.008 [info] Getting sessions for all scopes...
2025-12-31 12:38:36.008 [info] Got 5 sessions for ...
2025-12-31 12:38:37.404 [info] Getting sessions for read:user,repo,user:email,workflow...
2025-12-31 12:38:37.404 [info] Got 1 sessions for read:user,repo,user:email,workflow...
2025-12-31 12:38:38.043 [info] Getting sessions for all scopes...
2025-12-31 12:38:38.043 [info] Got 5 sessions for ...
2025-12-31 12:38:38.046 [info] Getting sessions for all scopes...
2025-12-31 12:38:38.046 [info] Got 5 sessions for ...
2025-12-31 12:38:38.389 [info] Getting sessions for read:user,repo,user:email,workflow...
2025-12-31 12:38:38.389 [info] Got 1 sessions for read:user,repo,user:email,workflow...
2025-12-31 12:38:38.583 [info] Getting sessions for all scopes...
2025-12-31 12:38:38.583 [info] Got 5 sessions for ...
2025-12-31 12:38:38.584 [info] Getting sessions for all scopes...
2025-12-31 12:38:38.584 [info] Got 5 sessions for ...
2025-12-31 12:38:38.760 [info] Getting sessions for read:user,repo,user:email,workflow...
2025-12-31 12:38:38.760 [info] Got 1 sessions for read:user,repo,user:email,workflow...
2025-12-31 12:38:40.185 [info] Getting sessions for all scopes...
2025-12-31 12:38:40.185 [info] Got 5 sessions for ...
2025-12-31 12:38:40.186 [info] Getting sessions for all scopes...
2025-12-31 12:38:40.186 [info] Got 5 sessions for ...
2025-12-31 12:38:40.196 [info] Getting sessions for read:user,repo,user:email,workflow...
2025-12-31 12:38:40.196 [info] Got 1 sessions for read:user,repo,user:email,workflow...
2025-12-31 12:38:57.107 [info] Getting sessions for all scopes...
2025-12-31 12:38:57.108 [info] Got 5 sessions for ...
2025-12-31 12:38:57.475 [info] Getting sessions for read:user,repo,user:email,workflow...
2025-12-31 12:38:57.476 [info] Got 1 sessions for read:user,repo,user:email,workflow...
2025-12-31 14:39:41.100 [info] Getting sessions for all scopes...
2025-12-31 14:39:41.101 [info] Got 5 sessions for ...
2025-12-31 14:39:42.017 [info] Getting sessions for read:user,repo,user:email,workflow...
2025-12-31 14:39:42.017 [info] Got 1 sessions for read:user,repo,user:email,workflow...
2025-12-31 14:39:41.220 [info] Getting sessions for all scopes...
2025-12-31 14:39:41.220 [info] Got 5 sessions for ...
2025-12-31 14:39:41.220 [info] Getting sessions for all scopes...
2025-12-31 14:39:41.220 [info] Got 5 sessions for ...
2025-12-31 14:39:41.377 [info] Getting sessions for read:user,repo,user:email,workflow...
2025-12-31 14:39:41.377 [info] Got 1 sessions for read:user,repo,user:email,workflow...
2025-12-31 14:39:42.701 [info] Getting sessions for all scopes...
2025-12-31 14:39:42.701 [info] Got 5 sessions for ...
2025-12-31 14:39:42.702 [info] Getting sessions for all scopes...
2025-12-31 14:39:42.702 [info] Got 5 sessions for ...
2025-12-31 14:39:42.736 [info] Getting sessions for read:user,repo,user:email,workflow...
2025-12-31 14:39:42.736 [info] Got 1 sessions for read:user,repo,user:email,workflow...
2025-12-31 14:39:44.938 [info] Getting sessions for all scopes...
2025-12-31 14:39:44.938 [info] Got 5 sessions for ...
2025-12-31 14:39:45.258 [info] Getting sessions for read:user,repo,user:email,workflow...
2025-12-31 14:39:45.258 [info] Got 1 sessions for read:user,repo,user:email,workflow...
2025-12-31 15:34:44.716 [info] Getting sessions for all scopes...
2025-12-31 15:34:44.719 [info] Got 5 sessions for ...
2025-12-31 15:34:44.992 [info] Getting sessions for read:user,repo,user:email,workflow...
2025-12-31 15:34:44.995 [info] Got 1 sessions for read:user,repo,user:email,workflow...
2025-12-31 15:34:46.126 [info] Getting sessions for all scopes...
2025-12-31 15:34:46.126 [info] Got 5 sessions for ...
2025-12-31 15:34:46.126 [info] Getting sessions for all scopes...
2025-12-31 15:34:46.126 [info] Got 5 sessions for ...
2025-12-31 15:34:46.329 [info] Getting sessions for read:user,repo,user:email,workflow...
2025-12-31 15:34:46.329 [info] Got 1 sessions for read:user,repo,user:email,workflow...
2025-12-31 15:34:46.832 [info] Getting sessions for all scopes...
2025-12-31 15:34:46.832 [info] Got 5 sessions for ...
2025-12-31 15:34:47.204 [info] Getting sessions for read:user,repo,user:email,workflow...
2025-12-31 15:34:47.204 [info] Got 1 sessions for read:user,repo,user:email,workflow...
2025-12-31 15:34:48.292 [info] Getting sessions for all scopes...
2025-12-31 15:34:48.292 [info] Got 5 sessions for ...
2025-12-31 15:34:48.538 [info] Getting sessions for read:user,repo,user:email,workflow...
2025-12-31 15:34:48.538 [info] Got 1 sessions for read:user,repo,user:email,workflow...
2025-12-31 15:34:48.832 [info] Getting sessions for all scopes...
2025-12-31 15:34:48.832 [info] Got 5 sessions for ...
2025-12-31 15:34:48.896 [info] Getting sessions for read:user,repo,user:email,workflow...
2025-12-31 15:34:48.896 [info] Got 1 sessions for read:user,repo,user:email,workflow...
2025-12-31 16:30:32.305 [info] Getting sessions for all scopes...
2025-12-31 16:30:32.309 [info] Got 5 sessions for ...
2025-12-31 16:30:32.820 [info] Getting sessions for read:user,repo,user:email,workflow...
2025-12-31 16:30:32.822 [info] Got 1 sessions for read:user,repo,user:email,workflow...
2025-12-31 16:30:36.100 [info] Getting sessions for all scopes...
2025-12-31 16:30:36.100 [info] Got 5 sessions for ...
2025-12-31 16:30:36.104 [info] Getting sessions for all scopes...
2025-12-31 16:30:36.104 [info] Got 5 sessions for ...
2025-12-31 16:30:36.214 [info] Getting sessions for read:user,repo,user:email,workflow...
2025-12-31 16:30:36.214 [info] Got 1 sessions for read:user,repo,user:email,workflow...
2025-12-31 16:30:37.448 [info] Getting sessions for all scopes...
2025-12-31 16:30:37.448 [info] Got 5 sessions for ...
2025-12-31 16:30:37.504 [info] Getting sessions for read:user,repo,user:email,workflow...
2025-12-31 16:30:37.504 [info] Got 1 sessions for read:user,repo,user:email,workflow...
2025-12-31 16:30:38.995 [info] Getting sessions for all scopes...
2025-12-31 16:30:38.999 [info] Got 5 sessions for ...
2025-12-31 16:30:39.142 [info] Getting sessions for read:user,repo,user:email,workflow...
2025-12-31 16:30:39.142 [info] Got 1 sessions for read:user,repo,user:email,workflow...
2025-12-31 16:30:41.552 [info] Getting sessions for all scopes...
2025-12-31 16:30:41.552 [info] Got 5 sessions for ...
2025-12-31 16:30:41.565 [info] Getting sessions for read:user,repo,user:email,workflow...
2025-12-31 16:30:41.566 [info] Got 1 sessions for read:user,repo,user:email,workflow...
2025-12-31 17:38:59.175 [info] Getting sessions for all scopes...
2025-12-31 17:38:59.177 [info] Got 5 sessions for ...
2025-12-31 17:39:00.454 [info] Getting sessions for read:user,repo,user:email,workflow...
2025-12-31 17:39:00.454 [info] Got 1 sessions for read:user,repo,user:email,workflow...
2025-12-31 17:39:04.052 [info] Getting sessions for all scopes...
2025-12-31 17:39:04.052 [info] Got 5 sessions for ...
2025-12-31 17:39:04.053 [info] Getting sessions for all scopes...
2025-12-31 17:39:04.053 [info] Got 5 sessions for ...
2025-12-31 17:39:04.333 [info] Getting sessions for read:user,repo,user:email,workflow...
2025-12-31 17:39:04.333 [info] Got 1 sessions for read:user,repo,user:email,workflow...
2025-12-31 17:39:04.819 [info] Getting sessions for all scopes...
2025-12-31 17:39:04.819 [info] Got 5 sessions for ...
2025-12-31 17:39:05.271 [info] Getting sessions for read:user,repo,user:email,workflow...
2025-12-31 17:39:05.271 [info] Got 1 sessions for read:user,repo,user:email,workflow...
2025-12-31 17:39:06.401 [info] Getting sessions for all scopes...
2025-12-31 17:39:06.401 [info] Got 5 sessions for ...
2025-12-31 17:39:07.034 [info] Getting sessions for read:user,repo,user:email,workflow...
2025-12-31 17:39:07.034 [info] Got 1 sessions for read:user,repo,user:email,workflow...
2025-12-31 18:34:04.532 [info] Getting sessions for all scopes...
2025-12-31 18:34:04.534 [info] Got 5 sessions for ...
2025-12-31 18:34:06.240 [info] Getting sessions for read:user,repo,user:email,workflow...
2025-12-31 18:34:06.240 [info] Got 1 sessions for read:user,repo,user:email,workflow...
2025-12-31 18:34:09.597 [info] Getting sessions for all scopes...
2025-12-31 18:34:09.597 [info] Got 5 sessions for ...
2025-12-31 18:34:09.605 [info] Getting sessions for all scopes...
2025-12-31 18:34:09.605 [info] Got 5 sessions for ...
2025-12-31 18:34:09.691 [info] Getting sessions for read:user,repo,user:email,workflow...
2025-12-31 18:34:09.692 [info] Got 1 sessions for read:user,repo,user:email,workflow...
2025-12-31 18:34:10.643 [info] Getting sessions for all scopes...
2025-12-31 18:34:10.643 [info] Got 5 sessions for ...
2025-12-31 18:34:11.482 [info] Getting sessions for read:user,repo,user:email,workflow...
2025-12-31 18:34:11.482 [info] Got 1 sessions for read:user,repo,user:email,workflow...
2025-12-31 18:34:11.781 [info] Getting sessions for all scopes...
2025-12-31 18:34:11.783 [info] Got 5 sessions for ...
2025-12-31 18:34:11.788 [info] Getting sessions for read:user,repo,user:email,workflow...
2025-12-31 18:34:11.788 [info] Got 1 sessions for read:user,repo,user:email,workflow...
2025-12-31 18:34:13.833 [info] Getting sessions for all scopes...
2025-12-31 18:34:13.833 [info] Got 5 sessions for ...
2025-12-31 18:34:13.882 [info] Getting sessions for read:user,repo,user:email,workflow...
2025-12-31 18:34:13.882 [info] Got 1 sessions for read:user,repo,user:email,workflow...
2025-12-31 19:29:10.385 [info] Getting sessions for all scopes...
2025-12-31 19:29:10.389 [info] Got 5 sessions for ...
2025-12-31 19:29:11.049 [info] Getting sessions for read:user,repo,user:email,workflow...
2025-12-31 19:29:11.053 [info] Got 1 sessions for read:user,repo,user:email,workflow...
2025-12-31 19:29:12.958 [info] Getting sessions for all scopes...
2025-12-31 19:29:12.958 [info] Got 5 sessions for ...
2025-12-31 19:29:12.958 [info] Getting sessions for all scopes...
2025-12-31 19:29:12.958 [info] Got 5 sessions for ...
2025-12-31 19:29:13.139 [info] Getting sessions for read:user,repo,user:email,workflow...
2025-12-31 19:29:13.139 [info] Got 1 sessions for read:user,repo,user:email,workflow...
2025-12-31 19:29:13.518 [info] Getting sessions for all scopes...
2025-12-31 19:29:13.518 [info] Got 5 sessions for ...
2025-12-31 19:29:13.605 [info] Getting sessions for read:user,repo,user:email,workflow...
2025-12-31 19:29:13.605 [info] Got 1 sessions for read:user,repo,user:email,workflow...
2025-12-31 19:29:14.775 [info] Getting sessions for all scopes...
2025-12-31 19:29:14.775 [info] Got 5 sessions for ...
2025-12-31 19:29:14.780 [info] Getting sessions for read:user,repo,user:email,workflow...
2025-12-31 19:29:14.780 [info] Got 1 sessions for read:user,repo,user:email,workflow...
2025-12-31 19:29:15.766 [info] Getting sessions for all scopes...
2025-12-31 19:29:15.766 [info] Got 5 sessions for ...
2025-12-31 19:29:15.770 [info] Getting sessions for read:user,repo,user:email,workflow...
2025-12-31 19:29:15.770 [info] Got 1 sessions for read:user,repo,user:email,workflow...
2025-12-31 20:26:03.754 [info] Getting sessions for all scopes...
2025-12-31 20:26:03.757 [info] Got 5 sessions for ...
2025-12-31 20:26:06.521 [info] Getting sessions for read:user,repo,user:email,workflow...
2025-12-31 20:26:06.523 [info] Got 1 sessions for read:user,repo,user:email,workflow...
2025-12-31 20:26:10.530 [info] Getting sessions for all scopes...
2025-12-31 20:26:10.531 [info] Got 5 sessions for ...
2025-12-31 20:26:10.532 [info] Getting sessions for all scopes...
2025-12-31 20:26:10.532 [info] Got 5 sessions for ...
2025-12-31 20:26:11.102 [info] Getting sessions for read:user,repo,user:email,workflow...
2025-12-31 20:26:11.102 [info] Got 1 sessions for read:user,repo,user:email,workflow...
2025-12-31 20:26:12.485 [info] Getting sessions for all scopes...
2025-12-31 20:26:12.486 [info] Got 5 sessions for ...
2025-12-31 20:26:16.766 [info] Getting sessions for read:user,repo,user:email,workflow...
2025-12-31 20:26:16.766 [info] Got 1 sessions for read:user,repo,user:email,workflow...
2025-12-31 20:46:26.302 [info] Getting sessions for all scopes...
2025-12-31 20:46:26.304 [info] Got 5 sessions for ...
2025-12-31 20:46:26.319 [info] Getting sessions for read:user,repo,user:email,workflow...
2025-12-31 20:46:26.320 [info] Got 1 sessions for read:user,repo,user:email,workflow...
2025-12-31 20:47:44.712 [info] Getting sessions for all scopes...
2025-12-31 20:47:44.713 [info] Got 5 sessions for ...
2025-12-31 20:47:44.721 [info] Getting sessions for read:user,repo,user:email,workflow...
2025-12-31 20:47:44.721 [info] Got 1 sessions for read:user,repo,user:email,workflow...
2025-12-31 22:54:20.145 [info] Getting sessions for all scopes...
2025-12-31 22:54:20.145 [info] Got 5 sessions for ...
2025-12-31 22:54:21.542 [info] Getting sessions for read:user,repo,user:email,workflow...
2025-12-31 22:54:21.542 [info] Got 1 sessions for read:user,repo,user:email,workflow...
2025-12-31 22:54:22.774 [info] Getting sessions for all scopes...
2025-12-31 22:54:22.774 [info] Got 5 sessions for ...
2025-12-31 22:54:22.883 [info] Getting sessions for all scopes...
2025-12-31 22:54:22.883 [info] Got 5 sessions for ...
2025-12-31 22:54:23.132 [info] Getting sessions for read:user,repo,user:email,workflow...
2025-12-31 22:54:23.133 [info] Got 1 sessions for read:user,repo,user:email,workflow...
2025-12-31 22:54:33.646 [info] Getting sessions for all scopes...
2025-12-31 22:54:33.647 [info] Got 5 sessions for ...
2025-12-31 22:54:33.649 [info] Getting sessions for all scopes...
2025-12-31 22:54:33.649 [info] Got 5 sessions for ...
2025-12-31 22:54:35.425 [info] Getting sessions for read:user,repo,user:email,workflow...
2025-12-31 22:54:35.428 [info] Got 1 sessions for read:user,repo,user:email,workflow...
2025-12-31 22:54:35.526 [info] Getting sessions for all scopes...
2025-12-31 22:54:35.526 [info] Got 5 sessions for ...
2025-12-31 22:54:35.772 [info] Getting sessions for read:user,repo,user:email,workflow...
2025-12-31 22:54:35.772 [info] Got 1 sessions for read:user,repo,user:email,workflow...
2025-12-31 22:54:37.673 [info] Getting sessions for all scopes...
2025-12-31 22:54:37.673 [info] Got 5 sessions for ...
2025-12-31 22:54:38.271 [info] Getting sessions for read:user,repo,user:email,workflow...
2025-12-31 22:54:38.271 [info] Got 1 sessions for read:user,repo,user:email,workflow...
2025-12-31 23:54:48.456 [info] Getting sessions for all scopes...
2025-12-31 23:54:48.560 [info] Got 5 sessions for ...
2025-12-31 23:54:49.816 [info] Getting sessions for read:user,repo,user:email,workflow...
2025-12-31 23:54:49.816 [info] Got 1 sessions for read:user,repo,user:email,workflow...
2025-12-31 23:54:50.915 [info] Getting sessions for all scopes...
2025-12-31 23:54:50.915 [info] Got 5 sessions for ...
2025-12-31 23:54:50.916 [info] Getting sessions for all scopes...
2025-12-31 23:54:50.916 [info] Got 5 sessions for ...
2025-12-31 23:54:51.932 [info] Getting sessions for read:user,repo,user:email,workflow...
2025-12-31 23:54:51.932 [info] Got 1 sessions for read:user,repo,user:email,workflow...
2025-12-31 23:55:13.945 [info] Getting sessions for all scopes...
2025-12-31 23:55:13.946 [info] Got 5 sessions for ...
2025-12-31 23:55:13.947 [info] Getting sessions for all scopes...
2025-12-31 23:55:13.947 [info] Got 5 sessions for ...
2025-12-31 23:55:15.891 [info] Getting sessions for read:user,repo,user:email,workflow...
2025-12-31 23:55:15.891 [info] Got 1 sessions for read:user,repo,user:email,workflow...
2026-01-01 00:10:41.504 [info] Getting sessions for all scopes...
2026-01-01 00:10:41.506 [info] Got 5 sessions for ...
2026-01-01 00:10:42.094 [info] Getting sessions for read:user,repo,user:email,workflow...
2026-01-01 00:10:42.094 [info] Got 1 sessions for read:user,repo,user:email,workflow...
2026-01-01 00:11:32.666 [info] Getting sessions for all scopes...
2026-01-01 00:11:32.667 [info] Got 5 sessions for ...
2026-01-01 00:11:39.780 [info] Getting sessions for read:user,repo,user:email,workflow...
2026-01-01 00:11:39.786 [info] Got 1 sessions for read:user,repo,user:email,workflow...
2026-01-01 02:12:55.695 [info] Getting sessions for all scopes...
2026-01-01 02:12:55.697 [info] Got 5 sessions for ...
2026-01-01 02:12:56.047 [info] Getting sessions for read:user,repo,user:email,workflow...
2026-01-01 02:12:56.048 [info] Got 1 sessions for read:user,repo,user:email,workflow...
2026-01-01 02:12:56.721 [info] Getting sessions for all scopes...
2026-01-01 02:12:56.721 [info] Got 5 sessions for ...
2026-01-01 02:12:56.721 [info] Getting sessions for all scopes...
2026-01-01 02:12:56.721 [info] Got 5 sessions for ...
2026-01-01 02:12:56.937 [info] Getting sessions for read:user,repo,user:email,workflow...
2026-01-01 02:12:56.937 [info] Got 1 sessions for read:user,repo,user:email,workflow...
2026-01-01 02:12:57.151 [info] Getting sessions for all scopes...
2026-01-01 02:12:57.151 [info] Got 5 sessions for ...
2026-01-01 02:12:57.152 [info] Getting sessions for all scopes...
2026-01-01 02:12:57.152 [info] Got 5 sessions for ...
2026-01-01 02:12:57.329 [info] Getting sessions for read:user,repo,user:email,workflow...
2026-01-01 02:12:57.329 [info] Got 1 sessions for read:user,repo,user:email,workflow...
2026-01-01 02:12:58.594 [info] Getting sessions for all scopes...
2026-01-01 02:12:58.594 [info] Got 5 sessions for ...
2026-01-01 02:12:58.595 [info] Getting sessions for all scopes...
2026-01-01 02:12:58.595 [info] Got 5 sessions for ...
2026-01-01 02:12:58.658 [info] Getting sessions for read:user,repo,user:email,workflow...
2026-01-01 02:12:58.658 [info] Got 1 sessions for read:user,repo,user:email,workflow...
2026-01-01 02:13:00.009 [info] Getting sessions for all scopes...
2026-01-01 02:13:00.009 [info] Got 5 sessions for ...
2026-01-01 02:13:00.335 [info] Getting sessions for read:user,repo,user:email,workflow...
2026-01-01 02:13:00.373 [info] Got 1 sessions for read:user,repo,user:email,workflow...
2026-01-01 02:13:02.335 [info] Getting sessions for all scopes...
2026-01-01 02:13:02.336 [info] Got 5 sessions for ...
2026-01-01 02:13:02.481 [info] Getting sessions for read:user,repo,user:email,workflow...
2026-01-01 02:13:02.481 [info] Got 1 sessions for read:user,repo,user:email,workflow...
2026-01-01 03:14:08.228 [info] Getting sessions for all scopes...
2026-01-01 03:14:08.229 [info] Got 5 sessions for ...
2026-01-01 03:14:09.299 [info] Getting sessions for read:user,repo,user:email,workflow...
2026-01-01 03:14:09.299 [info] Got 1 sessions for read:user,repo,user:email,workflow...
2026-01-01 03:14:09.660 [info] Getting sessions for all scopes...
2026-01-01 03:14:09.661 [info] Got 5 sessions for ...
2026-01-01 03:14:09.661 [info] Getting sessions for all scopes...
2026-01-01 03:14:09.661 [info] Got 5 sessions for ...
2026-01-01 03:14:09.925 [info] Getting sessions for read:user,repo,user:email,workflow...
2026-01-01 03:14:09.926 [info] Got 1 sessions for read:user,repo,user:email,workflow...
2026-01-01 03:14:11.424 [info] Getting sessions for all scopes...
2026-01-01 03:14:11.425 [info] Got 5 sessions for ...
2026-01-01 03:14:11.425 [info] Getting sessions for all scopes...
2026-01-01 03:14:11.425 [info] Got 5 sessions for ...
2026-01-01 03:14:11.541 [info] Getting sessions for read:user,repo,user:email,workflow...
2026-01-01 03:14:11.541 [info] Got 1 sessions for read:user,repo,user:email,workflow...
2026-01-01 03:14:14.704 [info] Getting sessions for all scopes...
2026-01-01 03:14:14.707 [info] Got 5 sessions for ...
2026-01-01 03:14:15.238 [info] Getting sessions for read:user,repo,user:email,workflow...
2026-01-01 03:14:15.238 [info] Got 1 sessions for read:user,repo,user:email,workflow...
2026-01-01 03:14:15.606 [info] Getting sessions for all scopes...
2026-01-01 03:14:15.608 [info] Got 5 sessions for ...
2026-01-01 03:14:19.116 [info] Getting sessions for read:user,repo,user:email,workflow...
2026-01-01 03:14:19.116 [info] Got 1 sessions for read:user,repo,user:email,workflow...
2026-01-01 04:15:24.432 [info] Getting sessions for all scopes...
2026-01-01 04:15:24.434 [info] Got 5 sessions for ...
2026-01-01 04:15:28.217 [info] Getting sessions for read:user,repo,user:email,workflow...
2026-01-01 04:15:28.248 [info] Got 1 sessions for read:user,repo,user:email,workflow...
2026-01-01 04:15:30.099 [info] Getting sessions for all scopes...
2026-01-01 04:15:30.101 [info] Got 5 sessions for ...
2026-01-01 04:15:30.103 [info] Getting sessions for all scopes...
2026-01-01 04:15:30.103 [info] Got 5 sessions for ...
2026-01-01 04:15:30.357 [info] Getting sessions for read:user,repo,user:email,workflow...
2026-01-01 04:15:30.363 [info] Got 1 sessions for read:user,repo,user:email,workflow...
2026-01-01 04:15:31.918 [info] Getting sessions for all scopes...
2026-01-01 04:15:31.918 [info] Got 5 sessions for ...
2026-01-01 04:15:31.919 [info] Getting sessions for all scopes...
2026-01-01 04:15:31.919 [info] Got 5 sessions for ...
2026-01-01 04:15:32.251 [info] Getting sessions for read:user,repo,user:email,workflow...
2026-01-01 04:15:32.251 [info] Got 1 sessions for read:user,repo,user:email,workflow...
2026-01-01 04:15:36.784 [info] Getting sessions for all scopes...
2026-01-01 04:15:36.787 [info] Got 5 sessions for ...
2026-01-01 04:15:37.230 [info] Getting sessions for read:user,repo,user:email,workflow...
2026-01-01 04:15:37.233 [info] Got 1 sessions for read:user,repo,user:email,workflow...
2026-01-01 04:15:52.276 [info] Getting sessions for all scopes...
2026-01-01 04:15:52.597 [info] Got 5 sessions for ...
2026-01-01 04:15:53.462 [info] Getting sessions for read:user,repo,user:email,workflow...
2026-01-01 04:15:53.462 [info] Got 1 sessions for read:user,repo,user:email,workflow...
2026-01-01 05:16:33.897 [info] Getting sessions for all scopes...
2026-01-01 05:16:33.897 [info] Got 5 sessions for ...
2026-01-01 05:16:40.082 [info] Getting sessions for all scopes...
2026-01-01 05:16:40.082 [info] Got 5 sessions for ...
2026-01-01 05:16:46.246 [info] Getting sessions for read:user,repo,user:email,workflow...
2026-01-01 05:16:46.250 [info] Got 1 sessions for read:user,repo,user:email,workflow...
2026-01-01 05:16:43.704 [info] Getting sessions for all scopes...
2026-01-01 05:16:43.704 [info] Got 5 sessions for ...
2026-01-01 05:16:43.704 [info] Getting sessions for all scopes...
2026-01-01 05:16:43.704 [info] Got 5 sessions for ...
2026-01-01 05:16:43.739 [info] Getting sessions for read:user,repo,user:email,workflow...
2026-01-01 05:16:43.739 [info] Got 1 sessions for read:user,repo,user:email,workflow...
2026-01-01 05:16:44.973 [info] Getting sessions for all scopes...
2026-01-01 05:16:44.973 [info] Got 5 sessions for ...
2026-01-01 05:16:45.060 [info] Getting sessions for read:user,repo,user:email,workflow...
2026-01-01 05:16:45.060 [info] Got 1 sessions for read:user,repo,user:email,workflow...
2026-01-01 05:16:50.619 [info] Getting sessions for all scopes...
2026-01-01 05:16:50.628 [info] Got 5 sessions for ...
2026-01-01 06:17:45.632 [info] Getting sessions for read:user,repo,user:email,workflow...
2026-01-01 06:17:45.637 [info] Got 1 sessions for read:user,repo,user:email,workflow...
2026-01-01 06:17:45.648 [info] Getting sessions for all scopes...
2026-01-01 06:17:45.649 [info] Got 5 sessions for ...
2026-01-01 06:17:51.125 [info] Getting sessions for read:user,repo,user:email,workflow...
2026-01-01 06:17:51.125 [info] Got 1 sessions for read:user,repo,user:email,workflow...
2026-01-01 06:17:52.033 [info] Getting sessions for all scopes...
2026-01-01 06:17:52.033 [info] Got 5 sessions for ...
2026-01-01 06:17:52.062 [info] Getting sessions for all scopes...
2026-01-01 06:17:52.062 [info] Got 5 sessions for ...
2026-01-01 06:17:52.702 [info] Getting sessions for read:user,repo,user:email,workflow...
2026-01-01 06:17:52.703 [info] Got 1 sessions for read:user,repo,user:email,workflow...
2026-01-01 06:17:54.144 [info] Getting sessions for all scopes...
2026-01-01 06:17:54.144 [info] Got 5 sessions for ...
2026-01-01 06:17:54.153 [info] Getting sessions for all scopes...
2026-01-01 06:17:54.154 [info] Got 5 sessions for ...
2026-01-01 06:17:56.018 [info] Getting sessions for read:user,repo,user:email,workflow...
2026-01-01 06:17:56.018 [info] Got 1 sessions for read:user,repo,user:email,workflow...
2026-01-01 06:17:59.679 [info] Getting sessions for all scopes...
2026-01-01 06:17:59.679 [info] Got 5 sessions for ...
2026-01-01 06:17:59.684 [info] Getting sessions for all scopes...
2026-01-01 06:17:59.684 [info] Got 5 sessions for ...
2026-01-01 06:17:59.702 [info] Getting sessions for read:user,repo,user:email,workflow...
2026-01-01 06:17:59.702 [info] Got 1 sessions for read:user,repo,user:email,workflow...
2026-01-01 06:18:02.514 [info] Getting sessions for all scopes...
2026-01-01 06:18:02.515 [info] Got 5 sessions for ...
2026-01-01 06:18:03.183 [info] Getting sessions for read:user,repo,user:email,workflow...
2026-01-01 06:18:03.183 [info] Got 1 sessions for read:user,repo,user:email,workflow...
2026-01-01 10:04:44.263 [info] Getting sessions for all scopes...
2026-01-01 10:04:44.267 [info] Got 5 sessions for ...
2026-01-01 10:04:53.173 [info] Getting sessions for read:user,repo,user:email,workflow...
2026-01-01 10:04:53.173 [info] Got 1 sessions for read:user,repo,user:email,workflow...
2026-01-01 10:05:19.189 [info] Getting sessions for all scopes...
2026-01-01 10:05:19.190 [info] Got 5 sessions for ...
2026-01-01 10:05:19.194 [info] Getting sessions for all scopes...
2026-01-01 10:05:19.194 [info] Got 5 sessions for ...
2026-01-01 10:05:19.929 [info] Getting sessions for read:user,repo,user:email,workflow...
2026-01-01 10:05:19.930 [info] Got 1 sessions for read:user,repo,user:email,workflow...
2026-01-01 10:05:25.586 [info] Getting sessions for all scopes...
2026-01-01 10:05:25.586 [info] Got 5 sessions for ...
2026-01-01 10:05:26.577 [info] Getting sessions for read:user,repo,user:email,workflow...
2026-01-01 10:05:26.578 [info] Got 1 sessions for read:user,repo,user:email,workflow...
2026-01-01 10:05:28.493 [info] Getting sessions for all scopes...
2026-01-01 10:05:28.493 [info] Got 5 sessions for ...
2026-01-01 10:05:28.504 [info] Getting sessions for all scopes...
2026-01-01 10:05:28.504 [info] Got 5 sessions for ...
2026-01-01 10:05:41.930 [info] Getting sessions for read:user,repo,user:email,workflow...
2026-01-01 10:05:41.930 [info] Got 1 sessions for read:user,repo,user:email,workflow...
2026-01-01 10:05:44.729 [info] Getting sessions for all scopes...
2026-01-01 10:05:44.730 [info] Got 5 sessions for ...
2026-01-01 10:05:44.732 [info] Getting sessions for all scopes...
2026-01-01 10:05:44.732 [info] Got 5 sessions for ...
2026-01-01 10:05:45.231 [info] Getting sessions for read:user,repo,user:email,workflow...
2026-01-01 10:05:45.231 [info] Got 1 sessions for read:user,repo,user:email,workflow...
2026-01-01 10:09:41.328 [info] Getting sessions for all scopes...
2026-01-01 10:09:41.336 [info] Got 5 sessions for ...
2026-01-01 10:09:41.337 [info] Getting sessions for all scopes...
2026-01-01 10:09:41.337 [info] Got 5 sessions for ...
2026-01-01 10:09:41.429 [info] Getting sessions for read:user,repo,user:email,workflow...
2026-01-01 10:09:41.429 [info] Got 1 sessions for read:user,repo,user:email,workflow...
2026-01-01 10:09:44.559 [info] Getting sessions for all scopes...
2026-01-01 10:09:44.559 [info] Got 5 sessions for ...
2026-01-01 10:09:44.559 [info] Getting sessions for all scopes...
2026-01-01 10:09:44.559 [info] Got 5 sessions for ...
2026-01-01 10:09:44.563 [info] Getting sessions for all scopes...
2026-01-01 10:09:44.563 [info] Got 5 sessions for ...
2026-01-01 10:09:45.108 [info] Getting sessions for read:user,repo,user:email,workflow...
2026-01-01 10:09:45.108 [info] Got 1 sessions for read:user,repo,user:email,workflow...
2026-01-01 10:10:07.507 [info] Getting sessions for all scopes...
2026-01-01 10:10:07.508 [info] Got 5 sessions for ...
2026-01-01 10:10:07.509 [info] Getting sessions for all scopes...
2026-01-01 10:10:07.509 [info] Got 5 sessions for ...
2026-01-01 10:10:08.277 [info] Getting sessions for read:user,repo,user:email,workflow...
2026-01-01 10:10:08.277 [info] Got 1 sessions for read:user,repo,user:email,workflow...
2026-01-01 10:10:42.484 [info] Getting sessions for all scopes...
2026-01-01 10:10:42.484 [info] Got 5 sessions for ...
2026-01-01 10:10:46.176 [info] Getting sessions for read:user,repo,user:email,workflow...
2026-01-01 10:10:46.176 [info] Got 1 sessions for read:user,repo,user:email,workflow...
2026-01-01 11:05:42.651 [info] Getting sessions for all scopes...
2026-01-01 11:05:42.656 [info] Got 5 sessions for ...
2026-01-01 11:05:43.280 [info] Getting sessions for read:user,repo,user:email,workflow...
2026-01-01 11:05:43.283 [info] Got 1 sessions for read:user,repo,user:email,workflow...
2026-01-01 11:05:44.683 [info] Getting sessions for all scopes...
2026-01-01 11:05:44.683 [info] Got 5 sessions for ...
2026-01-01 11:05:44.693 [info] Getting sessions for all scopes...
2026-01-01 11:05:44.693 [info] Got 5 sessions for ...
2026-01-01 11:05:44.729 [info] Getting sessions for read:user,repo,user:email,workflow...
2026-01-01 11:05:44.729 [info] Got 1 sessions for read:user,repo,user:email,workflow...
2026-01-01 11:05:45.205 [info] Getting sessions for all scopes...
2026-01-01 11:05:45.205 [info] Got 5 sessions for ...
2026-01-01 11:05:45.731 [info] Getting sessions for read:user,repo,user:email,workflow...
2026-01-01 11:05:45.731 [info] Got 1 sessions for read:user,repo,user:email,workflow...
2026-01-01 12:42:01.799 [info] Getting sessions for all scopes...
2026-01-01 12:42:01.812 [info] Got 5 sessions for ...
2026-01-01 12:42:04.974 [info] Getting sessions for read:user,repo,user:email,workflow...
2026-01-01 12:42:04.976 [info] Got 1 sessions for read:user,repo,user:email,workflow...
2026-01-01 12:42:05.954 [info] Getting sessions for all scopes...
2026-01-01 12:42:05.954 [info] Got 5 sessions for ...
2026-01-01 12:42:06.029 [info] Getting sessions for all scopes...
2026-01-01 12:42:06.029 [info] Got 5 sessions for ...
2026-01-01 12:42:06.807 [info] Getting sessions for read:user,repo,user:email,workflow...
2026-01-01 12:42:06.807 [info] Got 1 sessions for read:user,repo,user:email,workflow...
2026-01-01 12:42:09.195 [info] Getting sessions for all scopes...
2026-01-01 12:42:09.197 [info] Got 5 sessions for ...
2026-01-01 12:42:09.207 [info] Getting sessions for all scopes...
2026-01-01 12:42:09.208 [info] Got 5 sessions for ...
2026-01-01 12:42:09.338 [info] Getting sessions for read:user,repo,user:email,workflow...
2026-01-01 12:42:09.338 [info] Got 1 sessions for read:user,repo,user:email,workflow...
2026-01-01 12:42:11.893 [info] Getting sessions for all scopes...
2026-01-01 12:42:11.893 [info] Got 5 sessions for ...
2026-01-01 12:42:11.894 [info] Getting sessions for all scopes...
2026-01-01 12:42:11.894 [info] Got 5 sessions for ...
2026-01-01 12:42:12.370 [info] Getting sessions for read:user,repo,user:email,workflow...
2026-01-01 12:42:12.370 [info] Got 1 sessions for read:user,repo,user:email,workflow...
2026-01-01 13:37:12.478 [info] Getting sessions for all scopes...
2026-01-01 13:37:12.482 [info] Got 5 sessions for ...
2026-01-01 13:37:13.720 [info] Getting sessions for read:user,repo,user:email,workflow...
2026-01-01 13:37:13.724 [info] Got 1 sessions for read:user,repo,user:email,workflow...
2026-01-01 13:37:15.889 [info] Getting sessions for all scopes...
2026-01-01 13:37:15.889 [info] Got 5 sessions for ...
2026-01-01 13:37:15.893 [info] Getting sessions for all scopes...
2026-01-01 13:37:15.893 [info] Got 5 sessions for ...
2026-01-01 13:37:16.911 [info] Getting sessions for read:user,repo,user:email,workflow...
2026-01-01 13:37:16.911 [info] Got 1 sessions for read:user,repo,user:email,workflow...
2026-01-01 13:37:19.771 [info] Getting sessions for all scopes...
2026-01-01 13:37:19.771 [info] Got 5 sessions for ...
2026-01-01 13:37:19.780 [info] Getting sessions for all scopes...
2026-01-01 13:37:19.781 [info] Got 5 sessions for ...
2026-01-01 13:37:19.970 [info] Getting sessions for read:user,repo,user:email,workflow...
2026-01-01 13:37:19.970 [info] Got 1 sessions for read:user,repo,user:email,workflow...
2026-01-01 14:47:10.315 [info] Getting sessions for all scopes...
2026-01-01 14:47:10.315 [info] Got 5 sessions for ...
2026-01-01 14:47:11.577 [info] Getting sessions for read:user,repo,user:email,workflow...
2026-01-01 14:47:11.577 [info] Got 1 sessions for read:user,repo,user:email,workflow...
2026-01-01 14:47:12.992 [info] Getting sessions for all scopes...
2026-01-01 14:47:12.992 [info] Got 5 sessions for ...
2026-01-01 14:47:12.993 [info] Getting sessions for all scopes...
2026-01-01 14:47:12.993 [info] Got 5 sessions for ...
2026-01-01 14:47:13.857 [info] Getting sessions for read:user,repo,user:email,workflow...
2026-01-01 14:47:13.857 [info] Got 1 sessions for read:user,repo,user:email,workflow...
2026-01-01 14:47:20.989 [info] Getting sessions for all scopes...
2026-01-01 14:47:20.989 [info] Got 5 sessions for ...
2026-01-01 14:47:20.990 [info] Getting sessions for all scopes...
2026-01-01 14:47:20.990 [info] Got 5 sessions for ...
2026-01-01 14:47:21.600 [info] Getting sessions for read:user,repo,user:email,workflow...
2026-01-01 14:47:21.600 [info] Got 1 sessions for read:user,repo,user:email,workflow...
2026-01-01 14:47:21.993 [info] Getting sessions for all scopes...
2026-01-01 14:47:21.993 [info] Got 5 sessions for ...
2026-01-01 14:47:22.352 [info] Getting sessions for read:user,repo,user:email,workflow...
2026-01-01 14:47:22.352 [info] Got 1 sessions for read:user,repo,user:email,workflow...
2026-01-01 14:59:56.449 [info] Getting sessions for all scopes...
2026-01-01 14:59:56.451 [info] Got 5 sessions for ...
2026-01-01 14:59:56.538 [info] Getting sessions for read:user,repo,user:email,workflow...
2026-01-01 14:59:56.540 [info] Got 1 sessions for read:user,repo,user:email,workflow...
2026-01-01 15:00:07.901 [info] Getting sessions for all scopes...
2026-01-01 15:00:07.902 [info] Got 5 sessions for ...
2026-01-01 15:00:07.907 [info] Getting sessions for read:user,repo,user:email,workflow...
2026-01-01 15:00:07.907 [info] Got 1 sessions for read:user,repo,user:email,workflow...
2026-01-01 15:42:22.456 [info] Getting sessions for all scopes...
2026-01-01 15:42:22.458 [info] Got 5 sessions for ...
2026-01-01 15:42:22.708 [info] Getting sessions for read:user,repo,user:email,workflow...
2026-01-01 15:42:22.709 [info] Got 1 sessions for read:user,repo,user:email,workflow...
2026-01-01 15:42:23.456 [info] Getting sessions for all scopes...
2026-01-01 15:42:23.457 [info] Got 5 sessions for ...
2026-01-01 15:42:23.495 [info] Getting sessions for all scopes...
2026-01-01 15:42:23.509 [info] Got 5 sessions for ...
2026-01-01 15:42:23.641 [info] Getting sessions for read:user,repo,user:email,workflow...
2026-01-01 15:42:23.641 [info] Got 1 sessions for read:user,repo,user:email,workflow...
2026-01-01 15:42:24.628 [info] Getting sessions for all scopes...
2026-01-01 15:42:24.629 [info] Got 5 sessions for ...
2026-01-01 15:42:24.633 [info] Getting sessions for all scopes...
2026-01-01 15:42:24.634 [info] Got 5 sessions for ...
2026-01-01 15:42:24.792 [info] Getting sessions for read:user,repo,user:email,workflow...
2026-01-01 15:42:24.792 [info] Got 1 sessions for read:user,repo,user:email,workflow...
2026-01-01 15:42:26.095 [info] Getting sessions for all scopes...
2026-01-01 15:42:26.095 [info] Got 5 sessions for ...
2026-01-01 15:42:26.097 [info] Getting sessions for read:user,repo,user:email,workflow...
2026-01-01 15:42:26.097 [info] Got 1 sessions for read:user,repo,user:email,workflow...
2026-01-01 15:42:27.084 [info] Getting sessions for all scopes...
2026-01-01 15:42:27.084 [info] Got 5 sessions for ...
2026-01-01 15:42:27.086 [info] Getting sessions for read:user,repo,user:email,workflow...
2026-01-01 15:42:27.086 [info] Got 1 sessions for read:user,repo,user:email,workflow...
2026-01-01 16:37:27.814 [info] Getting sessions for all scopes...
2026-01-01 16:37:27.838 [info] Got 5 sessions for ...
2026-01-01 16:37:29.097 [info] Getting sessions for read:user,repo,user:email,workflow...
2026-01-01 16:37:29.099 [info] Got 1 sessions for read:user,repo,user:email,workflow...
2026-01-01 16:37:30.760 [info] Getting sessions for all scopes...
2026-01-01 16:37:30.760 [info] Got 5 sessions for ...
2026-01-01 16:37:30.905 [info] Getting sessions for all scopes...
2026-01-01 16:37:30.905 [info] Got 5 sessions for ...
2026-01-01 16:37:30.935 [info] Getting sessions for read:user,repo,user:email,workflow...
2026-01-01 16:37:30.935 [info] Got 1 sessions for read:user,repo,user:email,workflow...
2026-01-01 16:37:35.824 [info] Getting sessions for all scopes...
2026-01-01 16:37:35.826 [info] Got 5 sessions for ...
2026-01-01 16:37:39.303 [info] Getting sessions for read:user,repo,user:email,workflow...
2026-01-01 16:37:39.304 [info] Got 1 sessions for read:user,repo,user:email,workflow...
2026-01-01 16:48:54.033 [info] Getting sessions for all scopes...
2026-01-01 16:48:54.035 [info] Got 5 sessions for ...
2026-01-01 16:48:54.473 [info] Getting sessions for read:user,repo,user:email,workflow...
2026-01-01 16:48:54.474 [info] Got 1 sessions for read:user,repo,user:email,workflow...
2026-01-01 17:01:53.885 [info] Getting sessions for all scopes...
2026-01-01 17:01:53.890 [info] Got 5 sessions for ...
2026-01-01 17:01:54.082 [info] Getting sessions for read:user,repo,user:email,workflow...
2026-01-01 17:01:54.082 [info] Got 1 sessions for read:user,repo,user:email,workflow...
2026-01-01 17:32:35.142 [info] Getting sessions for all scopes...
2026-01-01 17:32:35.149 [info] Got 5 sessions for ...
2026-01-01 17:32:35.374 [info] Getting sessions for read:user,repo,user:email,workflow...
2026-01-01 17:32:35.379 [info] Got 1 sessions for read:user,repo,user:email,workflow...
2026-01-01 17:32:36.315 [info] Getting sessions for all scopes...
2026-01-01 17:32:36.315 [info] Got 5 sessions for ...
2026-01-01 17:32:36.315 [info] Getting sessions for all scopes...
2026-01-01 17:32:36.315 [info] Got 5 sessions for ...
2026-01-01 17:32:36.420 [info] Getting sessions for read:user,repo,user:email,workflow...
2026-01-01 17:32:36.420 [info] Got 1 sessions for read:user,repo,user:email,workflow...
2026-01-01 17:32:37.737 [info] Getting sessions for all scopes...
2026-01-01 17:32:37.737 [info] Got 5 sessions for ...
2026-01-01 17:32:37.738 [info] Getting sessions for all scopes...
2026-01-01 17:32:37.738 [info] Got 5 sessions for ...
2026-01-01 17:32:37.917 [info] Getting sessions for read:user,repo,user:email,workflow...
2026-01-01 17:32:37.917 [info] Got 1 sessions for read:user,repo,user:email,workflow...
2026-01-01 17:32:38.366 [info] Getting sessions for all scopes...
2026-01-01 17:32:38.366 [info] Got 5 sessions for ...
2026-01-01 17:32:38.372 [info] Getting sessions for read:user,repo,user:email,workflow...
2026-01-01 17:32:38.372 [info] Got 1 sessions for read:user,repo,user:email,workflow...
2026-01-01 17:32:39.221 [info] Getting sessions for all scopes...
2026-01-01 17:32:39.221 [info] Got 5 sessions for ...
2026-01-01 17:32:39.224 [info] Getting sessions for read:user,repo,user:email,workflow...
2026-01-01 17:32:39.224 [info] Got 1 sessions for read:user,repo,user:email,workflow...
2026-01-01 18:27:37.262 [info] Getting sessions for all scopes...
2026-01-01 18:27:37.263 [info] Got 5 sessions for ...
2026-01-01 18:27:37.367 [info] Getting sessions for read:user,repo,user:email,workflow...
2026-01-01 18:27:37.368 [info] Got 1 sessions for read:user,repo,user:email,workflow...
2026-01-01 18:27:37.922 [info] Getting sessions for all scopes...
2026-01-01 18:27:37.922 [info] Got 5 sessions for ...
2026-01-01 18:27:37.922 [info] Getting sessions for all scopes...
2026-01-01 18:27:37.922 [info] Got 5 sessions for ...
2026-01-01 18:27:38.023 [info] Getting sessions for read:user,repo,user:email,workflow...
2026-01-01 18:27:38.023 [info] Got 1 sessions for read:user,repo,user:email,workflow...
2026-01-01 18:27:39.020 [info] Getting sessions for all scopes...
2026-01-01 18:27:39.020 [info] Got 5 sessions for ...
2026-01-01 18:27:39.022 [info] Getting sessions for all scopes...
2026-01-01 18:27:39.022 [info] Got 5 sessions for ...
2026-01-01 18:27:39.152 [info] Getting sessions for read:user,repo,user:email,workflow...
2026-01-01 18:27:39.152 [info] Got 1 sessions for read:user,repo,user:email,workflow...
2026-01-01 18:27:39.608 [info] Getting sessions for all scopes...
2026-01-01 18:27:39.608 [info] Got 5 sessions for ...
2026-01-01 18:27:39.608 [info] Getting sessions for all scopes...
2026-01-01 18:27:39.608 [info] Got 5 sessions for ...
2026-01-01 18:27:39.644 [info] Getting sessions for read:user,repo,user:email,workflow...
2026-01-01 18:27:39.644 [info] Got 1 sessions for read:user,repo,user:email,workflow...
2026-01-01 18:27:40.261 [info] Getting sessions for all scopes...
2026-01-01 18:27:40.261 [info] Got 5 sessions for ...
2026-01-01 18:27:40.269 [info] Getting sessions for read:user,repo,user:email,workflow...
2026-01-01 18:27:40.269 [info] Got 1 sessions for read:user,repo,user:email,workflow...
2026-01-01 18:27:41.230 [info] Getting sessions for all scopes...
2026-01-01 18:27:41.231 [info] Got 5 sessions for ...
2026-01-01 18:27:41.250 [info] Getting sessions for read:user,repo,user:email,workflow...
2026-01-01 18:27:41.250 [info] Got 1 sessions for read:user,repo,user:email,workflow...
2026-01-01 20:29:59.010 [info] Getting sessions for all scopes...
2026-01-01 20:29:59.015 [info] Got 5 sessions for ...
2026-01-01 20:29:59.732 [info] Getting sessions for read:user,repo,user:email,workflow...
2026-01-01 20:29:59.732 [info] Got 1 sessions for read:user,repo,user:email,workflow...
2026-01-01 20:30:00.474 [info] Getting sessions for all scopes...
2026-01-01 20:30:00.474 [info] Got 5 sessions for ...
2026-01-01 20:30:00.476 [info] Getting sessions for all scopes...
2026-01-01 20:30:00.476 [info] Got 5 sessions for ...
2026-01-01 20:30:00.513 [info] Getting sessions for read:user,repo,user:email,workflow...
2026-01-01 20:30:00.513 [info] Got 1 sessions for read:user,repo,user:email,workflow...
2026-01-01 20:30:04.134 [info] Getting sessions for all scopes...
2026-01-01 20:30:04.136 [info] Got 5 sessions for ...
2026-01-01 20:30:04.151 [info] Getting sessions for all scopes...
2026-01-01 20:30:04.151 [info] Got 5 sessions for ...
2026-01-01 20:30:04.222 [info] Getting sessions for read:user,repo,user:email,workflow...
2026-01-01 20:30:04.222 [info] Got 1 sessions for read:user,repo,user:email,workflow...
2026-01-01 20:30:05.358 [info] Getting sessions for all scopes...
2026-01-01 20:30:05.358 [info] Got 5 sessions for ...
2026-01-01 20:30:05.358 [info] Getting sessions for all scopes...
2026-01-01 20:30:05.358 [info] Got 5 sessions for ...
2026-01-01 20:30:05.899 [info] Getting sessions for read:user,repo,user:email,workflow...
2026-01-01 20:30:05.899 [info] Got 1 sessions for read:user,repo,user:email,workflow...
2026-01-01 21:20:45.462 [info] Getting sessions for all scopes...
2026-01-01 21:20:45.466 [info] Got 5 sessions for ...
2026-01-01 21:20:45.757 [info] Getting sessions for read:user,repo,user:email,workflow...
2026-01-01 21:20:45.760 [info] Got 1 sessions for read:user,repo,user:email,workflow...
2026-01-01 21:21:32.801 [info] Getting sessions for all scopes...
2026-01-01 21:21:32.805 [info] Got 5 sessions for ...
2026-01-01 21:21:34.194 [info] Getting sessions for read:user,repo,user:email,workflow...
2026-01-01 21:21:34.194 [info] Got 1 sessions for read:user,repo,user:email,workflow...
2026-01-01 21:25:06.315 [info] Getting sessions for all scopes...
2026-01-01 21:25:06.317 [info] Got 5 sessions for ...
2026-01-01 21:25:08.973 [info] Getting sessions for read:user,repo,user:email,workflow...
2026-01-01 21:25:08.973 [info] Got 1 sessions for read:user,repo,user:email,workflow...
2026-01-01 21:25:11.517 [info] Getting sessions for all scopes...
2026-01-01 21:25:11.517 [info] Got 5 sessions for ...
2026-01-01 21:25:11.616 [info] Getting sessions for all scopes...
2026-01-01 21:25:11.616 [info] Got 5 sessions for ...
2026-01-01 21:25:11.740 [info] Getting sessions for read:user,repo,user:email,workflow...
2026-01-01 21:25:11.740 [info] Got 1 sessions for read:user,repo,user:email,workflow...
2026-01-01 21:25:12.638 [info] Getting sessions for all scopes...
2026-01-01 21:25:12.638 [info] Got 5 sessions for ...
2026-01-01 21:25:13.057 [info] Getting sessions for read:user,repo,user:email,workflow...
2026-01-01 21:25:13.057 [info] Got 1 sessions for read:user,repo,user:email,workflow...
2026-01-01 21:25:24.661 [info] Getting sessions for all scopes...
2026-01-01 21:25:24.664 [info] Got 5 sessions for ...
2026-01-01 21:25:25.460 [info] Getting sessions for read:user,repo,user:email,workflow...
2026-01-01 21:25:25.461 [info] Got 1 sessions for read:user,repo,user:email,workflow...
2026-01-01 22:20:13.342 [info] Getting sessions for all scopes...
2026-01-01 22:20:13.344 [info] Got 5 sessions for ...
2026-01-01 22:20:13.381 [info] Getting sessions for read:user,repo,user:email,workflow...
2026-01-01 22:20:13.383 [info] Got 1 sessions for read:user,repo,user:email,workflow...
2026-01-01 22:20:13.858 [info] Getting sessions for all scopes...
2026-01-01 22:20:13.858 [info] Got 5 sessions for ...
2026-01-01 22:20:13.860 [info] Getting sessions for all scopes...
2026-01-01 22:20:13.860 [info] Got 5 sessions for ...
2026-01-01 22:20:13.948 [info] Getting sessions for read:user,repo,user:email,workflow...
2026-01-01 22:20:13.948 [info] Got 1 sessions for read:user,repo,user:email,workflow...
2026-01-01 22:20:14.733 [info] Getting sessions for all scopes...
2026-01-01 22:20:14.733 [info] Got 5 sessions for ...
2026-01-01 22:20:14.733 [info] Getting sessions for all scopes...
2026-01-01 22:20:14.733 [info] Got 5 sessions for ...
2026-01-01 22:20:14.785 [info] Getting sessions for read:user,repo,user:email,workflow...
2026-01-01 22:20:14.785 [info] Got 1 sessions for read:user,repo,user:email,workflow...
2026-01-01 22:20:15.202 [info] Getting sessions for all scopes...
2026-01-01 22:20:15.202 [info] Got 5 sessions for ...
2026-01-01 22:20:15.202 [info] Getting sessions for all scopes...
2026-01-01 22:20:15.202 [info] Got 5 sessions for ...
2026-01-01 22:20:15.215 [info] Getting sessions for read:user,repo,user:email,workflow...
2026-01-01 22:20:15.216 [info] Got 1 sessions for read:user,repo,user:email,workflow...
2026-01-01 22:20:16.362 [info] Getting sessions for all scopes...
2026-01-01 22:20:16.362 [info] Got 5 sessions for ...
2026-01-01 22:20:16.364 [info] Getting sessions for read:user,repo,user:email,workflow...
2026-01-01 22:20:16.364 [info] Got 1 sessions for read:user,repo,user:email,workflow...
2026-01-01 22:20:18.149 [info] Getting sessions for all scopes...
2026-01-01 22:20:18.150 [info] Got 5 sessions for ...
2026-01-01 22:20:18.179 [info] Getting sessions for read:user,repo,user:email,workflow...
2026-01-01 22:20:18.212 [info] Got 1 sessions for read:user,repo,user:email,workflow...
2026-01-01 23:29:17.218 [info] Getting sessions for all scopes...
2026-01-01 23:29:17.229 [info] Got 5 sessions for ...
2026-01-01 23:29:17.439 [info] Getting sessions for read:user,repo,user:email,workflow...
2026-01-01 23:29:17.439 [info] Got 1 sessions for read:user,repo,user:email,workflow...
2026-01-01 23:29:18.024 [info] Getting sessions for all scopes...
2026-01-01 23:29:18.024 [info] Got 5 sessions for ...
2026-01-01 23:29:18.025 [info] Getting sessions for all scopes...
2026-01-01 23:29:18.025 [info] Got 5 sessions for ...
2026-01-01 23:29:18.040 [info] Getting sessions for read:user,repo,user:email,workflow...
2026-01-01 23:29:18.040 [info] Got 1 sessions for read:user,repo,user:email,workflow...
2026-01-01 23:29:19.544 [info] Getting sessions for all scopes...
2026-01-01 23:29:19.545 [info] Got 5 sessions for ...
2026-01-01 23:29:21.570 [info] Getting sessions for read:user,repo,user:email,workflow...
2026-01-01 23:29:21.570 [info] Got 1 sessions for read:user,repo,user:email,workflow...
2026-01-01 23:29:48.811 [info] Getting sessions for all scopes...
2026-01-01 23:29:48.812 [info] Got 5 sessions for ...
2026-01-01 23:29:51.140 [info] Getting sessions for read:user,repo,user:email,workflow...
2026-01-01 23:29:51.140 [info] Got 1 sessions for read:user,repo,user:email,workflow...
2026-01-02 00:30:55.171 [info] Getting sessions for all scopes...
2026-01-02 00:30:55.175 [info] Got 5 sessions for ...
2026-01-02 00:30:56.975 [info] Getting sessions for read:user,repo,user:email,workflow...
2026-01-02 00:30:56.976 [info] Got 1 sessions for read:user,repo,user:email,workflow...
2026-01-02 00:30:57.481 [info] Getting sessions for all scopes...
2026-01-02 00:30:57.481 [info] Got 5 sessions for ...
2026-01-02 00:30:57.481 [info] Getting sessions for all scopes...
2026-01-02 00:30:57.481 [info] Got 5 sessions for ...
2026-01-02 00:30:57.739 [info] Getting sessions for read:user,repo,user:email,workflow...
2026-01-02 00:30:57.739 [info] Got 1 sessions for read:user,repo,user:email,workflow...
2026-01-02 00:30:58.914 [info] Getting sessions for all scopes...
2026-01-02 00:30:58.914 [info] Got 5 sessions for ...
2026-01-02 00:30:58.914 [info] Getting sessions for all scopes...
2026-01-02 00:30:58.914 [info] Got 5 sessions for ...
2026-01-02 00:31:00.137 [info] Getting sessions for read:user,repo,user:email,workflow...
2026-01-02 00:31:00.137 [info] Got 1 sessions for read:user,repo,user:email,workflow...
2026-01-02 01:31:57.061 [info] Getting sessions for all scopes...
2026-01-02 01:31:57.066 [info] Got 5 sessions for ...
2026-01-02 01:31:57.067 [info] Getting sessions for all scopes...
2026-01-02 01:31:57.067 [info] Got 5 sessions for ...
2026-01-02 01:31:57.068 [info] Getting sessions for all scopes...
2026-01-02 01:31:57.068 [info] Got 5 sessions for ...
2026-01-02 01:31:57.092 [info] Getting sessions for read:user,repo,user:email,workflow...
2026-01-02 01:31:57.092 [info] Got 1 sessions for read:user,repo,user:email,workflow...
2026-01-02 01:31:57.723 [info] Getting sessions for all scopes...
2026-01-02 01:31:57.723 [info] Got 5 sessions for ...
2026-01-02 01:31:57.723 [info] Getting sessions for all scopes...
2026-01-02 01:31:57.723 [info] Got 5 sessions for ...
2026-01-02 01:31:57.951 [info] Getting sessions for read:user,repo,user:email,workflow...
2026-01-02 01:31:57.957 [info] Got 1 sessions for read:user,repo,user:email,workflow...
2026-01-02 01:31:58.048 [info] Getting sessions for all scopes...
2026-01-02 01:31:58.048 [info] Got 5 sessions for ...
2026-01-02 01:31:58.169 [info] Getting sessions for read:user,repo,user:email,workflow...
2026-01-02 01:31:58.169 [info] Got 1 sessions for read:user,repo,user:email,workflow...
2026-01-02 02:33:06.134 [info] Getting sessions for all scopes...
2026-01-02 02:33:06.135 [info] Got 5 sessions for ...
2026-01-02 02:33:06.742 [info] Getting sessions for read:user,repo,user:email,workflow...
2026-01-02 02:33:06.743 [info] Got 1 sessions for read:user,repo,user:email,workflow...
2026-01-02 02:33:07.116 [info] Getting sessions for all scopes...
2026-01-02 02:33:07.116 [info] Got 5 sessions for ...
2026-01-02 02:33:07.116 [info] Getting sessions for all scopes...
2026-01-02 02:33:07.116 [info] Got 5 sessions for ...
2026-01-02 02:33:07.173 [info] Getting sessions for read:user,repo,user:email,workflow...
2026-01-02 02:33:07.173 [info] Got 1 sessions for read:user,repo,user:email,workflow...
2026-01-02 02:33:08.480 [info] Getting sessions for all scopes...
2026-01-02 02:33:08.480 [info] Got 5 sessions for ...
2026-01-02 02:33:08.483 [info] Getting sessions for all scopes...
2026-01-02 02:33:08.483 [info] Got 5 sessions for ...
2026-01-02 02:33:08.823 [info] Getting sessions for read:user,repo,user:email,workflow...
2026-01-02 02:33:08.823 [info] Got 1 sessions for read:user,repo,user:email,workflow...
2026-01-02 02:33:10.500 [info] Getting sessions for all scopes...
2026-01-02 02:33:10.500 [info] Got 5 sessions for ...
2026-01-02 02:33:10.502 [info] Getting sessions for all scopes...
2026-01-02 02:33:10.502 [info] Got 5 sessions for ...
2026-01-02 02:33:10.528 [info] Getting sessions for read:user,repo,user:email,workflow...
2026-01-02 02:33:10.528 [info] Got 1 sessions for read:user,repo,user:email,workflow...
2026-01-02 03:34:04.982 [info] Getting sessions for all scopes...
2026-01-02 03:34:04.984 [info] Got 5 sessions for ...
2026-01-02 03:34:06.081 [info] Getting sessions for read:user,repo,user:email,workflow...
2026-01-02 03:34:06.082 [info] Got 1 sessions for read:user,repo,user:email,workflow...
2026-01-02 03:34:06.741 [info] Getting sessions for all scopes...
2026-01-02 03:34:06.741 [info] Got 5 sessions for ...
2026-01-02 03:34:06.743 [info] Getting sessions for all scopes...
2026-01-02 03:34:06.743 [info] Got 5 sessions for ...
2026-01-02 03:34:07.122 [info] Getting sessions for read:user,repo,user:email,workflow...
2026-01-02 03:34:07.123 [info] Got 1 sessions for read:user,repo,user:email,workflow...
2026-01-02 03:34:13.510 [info] Getting sessions for all scopes...
2026-01-02 03:34:13.513 [info] Got 5 sessions for ...
2026-01-02 03:34:13.518 [info] Getting sessions for all scopes...
2026-01-02 03:34:13.518 [info] Got 5 sessions for ...
2026-01-02 03:34:14.339 [info] Getting sessions for read:user,repo,user:email,workflow...
2026-01-02 03:34:14.340 [info] Got 1 sessions for read:user,repo,user:email,workflow...
2026-01-02 03:34:16.707 [info] Getting sessions for all scopes...
2026-01-02 03:34:16.707 [info] Got 5 sessions for ...
2026-01-02 03:34:16.713 [info] Getting sessions for all scopes...
2026-01-02 03:34:16.713 [info] Got 5 sessions for ...
2026-01-02 03:34:16.738 [info] Getting sessions for read:user,repo,user:email,workflow...
2026-01-02 03:34:16.738 [info] Got 1 sessions for read:user,repo,user:email,workflow...
2026-01-02 04:35:16.458 [info] Getting sessions for all scopes...
2026-01-02 04:35:16.459 [info] Got 5 sessions for ...
2026-01-02 04:35:16.765 [info] Getting sessions for read:user,repo,user:email,workflow...
2026-01-02 04:35:16.766 [info] Got 1 sessions for read:user,repo,user:email,workflow...
2026-01-02 04:35:17.441 [info] Getting sessions for all scopes...
2026-01-02 04:35:17.441 [info] Got 5 sessions for ...
2026-01-02 04:35:17.442 [info] Getting sessions for all scopes...
2026-01-02 04:35:17.442 [info] Got 5 sessions for ...
2026-01-02 04:35:17.465 [info] Getting sessions for read:user,repo,user:email,workflow...
2026-01-02 04:35:17.465 [info] Got 1 sessions for read:user,repo,user:email,workflow...
2026-01-02 04:35:19.585 [info] Getting sessions for all scopes...
2026-01-02 04:35:19.585 [info] Got 5 sessions for ...
2026-01-02 04:35:19.586 [info] Getting sessions for all scopes...
2026-01-02 04:35:19.586 [info] Got 5 sessions for ...
2026-01-02 04:35:19.738 [info] Getting sessions for read:user,repo,user:email,workflow...
2026-01-02 04:35:19.738 [info] Got 1 sessions for read:user,repo,user:email,workflow...
2026-01-02 05:36:28.701 [info] Getting sessions for all scopes...
2026-01-02 05:36:28.701 [info] Got 5 sessions for ...
2026-01-02 05:36:31.233 [info] Getting sessions for read:user,repo,user:email,workflow...
2026-01-02 05:36:31.233 [info] Got 1 sessions for read:user,repo,user:email,workflow...
2026-01-02 05:36:34.070 [info] Getting sessions for all scopes...
2026-01-02 05:36:34.071 [info] Got 5 sessions for ...
2026-01-02 05:36:34.074 [info] Getting sessions for all scopes...
2026-01-02 05:36:34.075 [info] Got 5 sessions for ...
2026-01-02 05:36:34.152 [info] Getting sessions for read:user,repo,user:email,workflow...
2026-01-02 05:36:34.152 [info] Got 1 sessions for read:user,repo,user:email,workflow...
2026-01-02 05:36:37.568 [info] Getting sessions for all scopes...
2026-01-02 05:36:37.581 [info] Got 5 sessions for ...
2026-01-02 05:36:37.581 [info] Getting sessions for all scopes...
2026-01-02 05:36:37.581 [info] Got 5 sessions for ...
2026-01-02 05:36:37.634 [info] Getting sessions for read:user,repo,user:email,workflow...
2026-01-02 05:36:37.634 [info] Got 1 sessions for read:user,repo,user:email,workflow...
2026-01-02 06:31:44.810 [info] Getting sessions for all scopes...
2026-01-02 06:31:44.812 [info] Got 5 sessions for ...
2026-01-02 06:31:50.981 [info] Getting sessions for read:user,repo,user:email,workflow...
2026-01-02 06:31:50.982 [info] Got 1 sessions for read:user,repo,user:email,workflow...
2026-01-02 06:31:52.210 [info] Getting sessions for all scopes...
2026-01-02 06:31:52.211 [info] Got 5 sessions for ...
2026-01-02 06:31:52.211 [info] Getting sessions for all scopes...
2026-01-02 06:31:52.211 [info] Got 5 sessions for ...
2026-01-02 06:31:52.244 [info] Getting sessions for read:user,repo,user:email,workflow...
2026-01-02 06:31:52.244 [info] Got 1 sessions for read:user,repo,user:email,workflow...
2026-01-02 06:31:53.423 [info] Getting sessions for all scopes...
2026-01-02 06:31:53.423 [info] Got 5 sessions for ...
2026-01-02 06:31:53.562 [info] Getting sessions for read:user,repo,user:email,workflow...
2026-01-02 06:31:53.562 [info] Got 1 sessions for read:user,repo,user:email,workflow...
2026-01-02 06:36:16.020 [info] Getting sessions for all scopes...
2026-01-02 06:36:16.022 [info] Got 5 sessions for ...
2026-01-02 06:36:16.032 [info] Getting sessions for read:user,repo,user:email,workflow...
2026-01-02 06:36:16.032 [info] Got 1 sessions for read:user,repo,user:email,workflow...
2026-01-02 06:37:16.390 [info] Getting sessions for all scopes...
2026-01-02 06:37:16.391 [info] Got 5 sessions for ...
2026-01-02 06:37:16.398 [info] Getting sessions for read:user,repo,user:email,workflow...
2026-01-02 06:37:16.398 [info] Got 1 sessions for read:user,repo,user:email,workflow...
2026-01-02 06:37:21.416 [info] Getting sessions for all scopes...
2026-01-02 06:37:21.416 [info] Got 5 sessions for ...
2026-01-02 06:37:21.432 [info] Getting sessions for read:user,repo,user:email,workflow...
2026-01-02 06:37:21.433 [info] Got 1 sessions for read:user,repo,user:email,workflow...
2026-01-02 07:26:53.110 [info] Getting sessions for all scopes...
2026-01-02 07:26:53.112 [info] Got 5 sessions for ...
2026-01-02 07:26:53.120 [info] Getting sessions for read:user,repo,user:email,workflow...
2026-01-02 07:26:53.121 [info] Got 1 sessions for read:user,repo,user:email,workflow...
2026-01-02 07:26:53.651 [info] Getting sessions for all scopes...
2026-01-02 07:26:53.651 [info] Got 5 sessions for ...
2026-01-02 07:26:53.651 [info] Getting sessions for all scopes...
2026-01-02 07:26:53.651 [info] Got 5 sessions for ...
2026-01-02 07:26:53.712 [info] Getting sessions for read:user,repo,user:email,workflow...
2026-01-02 07:26:53.712 [info] Got 1 sessions for read:user,repo,user:email,workflow...
2026-01-02 07:26:53.786 [info] Getting sessions for all scopes...
2026-01-02 07:26:53.786 [info] Got 5 sessions for ...
2026-01-02 07:26:53.883 [info] Getting sessions for read:user,repo,user:email,workflow...
2026-01-02 07:26:53.883 [info] Got 1 sessions for read:user,repo,user:email,workflow...
2026-01-02 07:26:54.820 [info] Getting sessions for all scopes...
2026-01-02 07:26:54.821 [info] Got 5 sessions for ...
2026-01-02 07:26:54.910 [info] Getting sessions for read:user,repo,user:email,workflow...
2026-01-02 07:26:54.910 [info] Got 1 sessions for read:user,repo,user:email,workflow...
2026-01-02 07:26:55.684 [info] Getting sessions for all scopes...
2026-01-02 07:26:55.684 [info] Got 5 sessions for ...
2026-01-02 07:26:55.707 [info] Getting sessions for read:user,repo,user:email,workflow...
2026-01-02 07:26:55.707 [info] Got 1 sessions for read:user,repo,user:email,workflow...
2026-01-02 08:21:54.708 [info] Getting sessions for all scopes...
2026-01-02 08:21:54.711 [info] Got 5 sessions for ...
2026-01-02 08:21:55.298 [info] Getting sessions for read:user,repo,user:email,workflow...
2026-01-02 08:21:55.300 [info] Got 1 sessions for read:user,repo,user:email,workflow...
2026-01-02 08:21:56.192 [info] Getting sessions for all scopes...
2026-01-02 08:21:56.192 [info] Got 5 sessions for ...
2026-01-02 08:21:56.201 [info] Getting sessions for all scopes...
2026-01-02 08:21:56.202 [info] Got 5 sessions for ...
2026-01-02 08:21:56.308 [info] Getting sessions for read:user,repo,user:email,workflow...
2026-01-02 08:21:56.309 [info] Got 1 sessions for read:user,repo,user:email,workflow...
2026-01-02 08:21:58.151 [info] Getting sessions for all scopes...
2026-01-02 08:21:58.151 [info] Got 5 sessions for ...
2026-01-02 08:21:58.179 [info] Getting sessions for all scopes...
2026-01-02 08:21:58.179 [info] Got 5 sessions for ...
2026-01-02 08:21:58.465 [info] Getting sessions for read:user,repo,user:email,workflow...
2026-01-02 08:21:58.465 [info] Got 1 sessions for read:user,repo,user:email,workflow...
2026-01-02 08:21:58.838 [info] Getting sessions for all scopes...
2026-01-02 08:21:58.838 [info] Got 5 sessions for ...
2026-01-02 08:21:58.945 [info] Getting sessions for read:user,repo,user:email,workflow...
2026-01-02 08:21:58.945 [info] Got 1 sessions for read:user,repo,user:email,workflow...
2026-01-02 08:22:00.090 [info] Getting sessions for all scopes...
2026-01-02 08:22:00.090 [info] Got 5 sessions for ...
2026-01-02 08:22:00.099 [info] Getting sessions for read:user,repo,user:email,workflow...
2026-01-02 08:22:00.099 [info] Got 1 sessions for read:user,repo,user:email,workflow...
2026-01-02 09:16:58.744 [info] Getting sessions for all scopes...
2026-01-02 09:16:58.746 [info] Got 5 sessions for ...
2026-01-02 09:17:00.070 [info] Getting sessions for read:user,repo,user:email,workflow...
2026-01-02 09:17:00.071 [info] Got 1 sessions for read:user,repo,user:email,workflow...
2026-01-02 09:17:00.666 [info] Getting sessions for all scopes...
2026-01-02 09:17:00.666 [info] Got 5 sessions for ...
2026-01-02 09:17:00.666 [info] Getting sessions for all scopes...
2026-01-02 09:17:00.667 [info] Got 5 sessions for ...
2026-01-02 09:17:00.756 [info] Getting sessions for read:user,repo,user:email,workflow...
2026-01-02 09:17:00.756 [info] Got 1 sessions for read:user,repo,user:email,workflow...
2026-01-02 09:17:02.883 [info] Getting sessions for all scopes...
2026-01-02 09:17:02.883 [info] Got 5 sessions for ...
2026-01-02 09:17:02.883 [info] Getting sessions for all scopes...
2026-01-02 09:17:02.883 [info] Got 5 sessions for ...
2026-01-02 09:17:03.334 [info] Getting sessions for read:user,repo,user:email,workflow...
2026-01-02 09:17:03.334 [info] Got 1 sessions for read:user,repo,user:email,workflow...
2026-01-02 09:17:04.195 [info] Getting sessions for all scopes...
2026-01-02 09:17:04.196 [info] Got 5 sessions for ...
2026-01-02 09:17:04.196 [info] Getting sessions for all scopes...
2026-01-02 09:17:04.196 [info] Got 5 sessions for ...
2026-01-02 09:17:04.225 [info] Getting sessions for read:user,repo,user:email,workflow...
2026-01-02 09:17:04.225 [info] Got 1 sessions for read:user,repo,user:email,workflow...
2026-01-02 09:17:04.815 [info] Getting sessions for all scopes...
2026-01-02 09:17:04.815 [info] Got 5 sessions for ...
2026-01-02 09:17:05.064 [info] Getting sessions for read:user,repo,user:email,workflow...
2026-01-02 09:17:05.064 [info] Got 1 sessions for read:user,repo,user:email,workflow...
2026-01-02 09:17:06.018 [info] Getting sessions for all scopes...
2026-01-02 09:17:06.018 [info] Got 5 sessions for ...
2026-01-02 09:17:06.124 [info] Getting sessions for read:user,repo,user:email,workflow...
2026-01-02 09:17:06.124 [info] Got 1 sessions for read:user,repo,user:email,workflow...
2026-01-02 10:12:03.464 [info] Getting sessions for all scopes...
2026-01-02 10:12:03.467 [info] Got 5 sessions for ...
2026-01-02 10:12:04.176 [info] Getting sessions for read:user,repo,user:email,workflow...
2026-01-02 10:12:04.177 [info] Got 1 sessions for read:user,repo,user:email,workflow...
2026-01-02 10:12:05.866 [info] Getting sessions for all scopes...
2026-01-02 10:12:05.867 [info] Got 5 sessions for ...
2026-01-02 10:12:05.874 [info] Getting sessions for all scopes...
2026-01-02 10:12:05.874 [info] Got 5 sessions for ...
2026-01-02 10:12:06.208 [info] Getting sessions for read:user,repo,user:email,workflow...
2026-01-02 10:12:06.208 [info] Got 1 sessions for read:user,repo,user:email,workflow...
2026-01-02 10:12:07.536 [info] Getting sessions for all scopes...
2026-01-02 10:12:07.536 [info] Got 5 sessions for ...
2026-01-02 10:12:10.185 [info] Getting sessions for read:user,repo,user:email,workflow...
2026-01-02 10:12:10.188 [info] Got 1 sessions for read:user,repo,user:email,workflow...
2026-01-02 10:12:10.199 [info] Getting sessions for all scopes...
2026-01-02 10:12:10.199 [info] Got 5 sessions for ...
2026-01-02 10:12:10.859 [info] Getting sessions for read:user,repo,user:email,workflow...
2026-01-02 10:12:10.859 [info] Got 1 sessions for read:user,repo,user:email,workflow...
2026-01-02 11:07:07.281 [info] Getting sessions for all scopes...
2026-01-02 11:07:07.297 [info] Got 5 sessions for ...
2026-01-02 11:07:07.369 [info] Getting sessions for read:user,repo,user:email,workflow...
2026-01-02 11:07:07.371 [info] Got 1 sessions for read:user,repo,user:email,workflow...
2026-01-02 11:07:08.080 [info] Getting sessions for all scopes...
2026-01-02 11:07:08.080 [info] Got 5 sessions for ...
2026-01-02 11:07:08.084 [info] Getting sessions for all scopes...
2026-01-02 11:07:08.084 [info] Got 5 sessions for ...
2026-01-02 11:07:08.140 [info] Getting sessions for read:user,repo,user:email,workflow...
2026-01-02 11:07:08.140 [info] Got 1 sessions for read:user,repo,user:email,workflow...
2026-01-02 11:07:08.318 [info] Getting sessions for all scopes...
2026-01-02 11:07:08.318 [info] Got 5 sessions for ...
2026-01-02 11:07:08.426 [info] Getting sessions for read:user,repo,user:email,workflow...
2026-01-02 11:07:08.426 [info] Got 1 sessions for read:user,repo,user:email,workflow...
2026-01-02 11:07:11.045 [info] Getting sessions for all scopes...
2026-01-02 11:07:11.045 [info] Got 5 sessions for ...
2026-01-02 11:07:11.048 [info] Getting sessions for read:user,repo,user:email,workflow...
2026-01-02 11:07:11.048 [info] Got 1 sessions for read:user,repo,user:email,workflow...
2026-01-02 11:07:11.668 [info] Getting sessions for all scopes...
2026-01-02 11:07:11.669 [info] Got 5 sessions for ...
2026-01-02 11:07:11.675 [info] Getting sessions for read:user,repo,user:email,workflow...
2026-01-02 11:07:11.675 [info] Got 1 sessions for read:user,repo,user:email,workflow...
2026-01-02 12:02:08.458 [info] Getting sessions for all scopes...
2026-01-02 12:02:08.460 [info] Got 5 sessions for ...
2026-01-02 12:02:08.548 [info] Getting sessions for read:user,repo,user:email,workflow...
2026-01-02 12:02:08.549 [info] Got 1 sessions for read:user,repo,user:email,workflow...
2026-01-02 12:02:08.956 [info] Getting sessions for all scopes...
2026-01-02 12:02:08.956 [info] Got 5 sessions for ...
2026-01-02 12:02:08.956 [info] Getting sessions for all scopes...
2026-01-02 12:02:08.956 [info] Got 5 sessions for ...
2026-01-02 12:02:09.150 [info] Getting sessions for read:user,repo,user:email,workflow...
2026-01-02 12:02:09.150 [info] Got 1 sessions for read:user,repo,user:email,workflow...
2026-01-02 12:02:09.227 [info] Getting sessions for all scopes...
2026-01-02 12:02:09.227 [info] Got 5 sessions for ...
2026-01-02 12:02:09.230 [info] Getting sessions for read:user,repo,user:email,workflow...
2026-01-02 12:02:09.230 [info] Got 1 sessions for read:user,repo,user:email,workflow...
2026-01-02 12:02:12.134 [info] Getting sessions for all scopes...
2026-01-02 12:02:12.134 [info] Got 5 sessions for ...
2026-01-02 12:02:12.155 [info] Getting sessions for read:user,repo,user:email,workflow...
2026-01-02 12:02:12.155 [info] Got 1 sessions for read:user,repo,user:email,workflow...
2026-01-02 12:02:12.726 [info] Getting sessions for all scopes...
2026-01-02 12:02:12.726 [info] Got 5 sessions for ...
2026-01-02 12:02:12.742 [info] Getting sessions for read:user,repo,user:email,workflow...
2026-01-02 12:02:12.742 [info] Got 1 sessions for read:user,repo,user:email,workflow...
2026-01-02 12:57:09.065 [info] Getting sessions for all scopes...
2026-01-02 12:57:09.066 [info] Got 5 sessions for ...
2026-01-02 12:57:09.102 [info] Getting sessions for read:user,repo,user:email,workflow...
2026-01-02 12:57:09.103 [info] Got 1 sessions for read:user,repo,user:email,workflow...
2026-01-02 12:57:09.620 [info] Getting sessions for all scopes...
2026-01-02 12:57:09.620 [info] Got 5 sessions for ...
2026-01-02 12:57:09.621 [info] Getting sessions for all scopes...
2026-01-02 12:57:09.621 [info] Got 5 sessions for ...
2026-01-02 12:57:09.670 [info] Getting sessions for read:user,repo,user:email,workflow...
2026-01-02 12:57:09.670 [info] Got 1 sessions for read:user,repo,user:email,workflow...
2026-01-02 12:57:09.751 [info] Getting sessions for all scopes...
2026-01-02 12:57:09.751 [info] Got 5 sessions for ...
2026-01-02 12:57:09.768 [info] Getting sessions for read:user,repo,user:email,workflow...
2026-01-02 12:57:09.768 [info] Got 1 sessions for read:user,repo,user:email,workflow...
2026-01-02 12:57:12.326 [info] Getting sessions for all scopes...
2026-01-02 12:57:12.326 [info] Got 5 sessions for ...
2026-01-02 12:57:12.330 [info] Getting sessions for read:user,repo,user:email,workflow...
2026-01-02 12:57:12.330 [info] Got 1 sessions for read:user,repo,user:email,workflow...
2026-01-02 12:57:13.133 [info] Getting sessions for all scopes...
2026-01-02 12:57:13.133 [info] Got 5 sessions for ...
2026-01-02 12:57:13.150 [info] Getting sessions for read:user,repo,user:email,workflow...
2026-01-02 12:57:13.150 [info] Got 1 sessions for read:user,repo,user:email,workflow...
2026-01-02 13:52:08.984 [info] Getting sessions for all scopes...
2026-01-02 13:52:08.987 [info] Got 5 sessions for ...
2026-01-02 13:52:09.022 [info] Getting sessions for read:user,repo,user:email,workflow...
2026-01-02 13:52:09.026 [info] Got 1 sessions for read:user,repo,user:email,workflow...
2026-01-02 13:52:09.613 [info] Getting sessions for all scopes...
2026-01-02 13:52:09.613 [info] Got 5 sessions for ...
2026-01-02 13:52:09.623 [info] Getting sessions for all scopes...
2026-01-02 13:52:09.623 [info] Got 5 sessions for ...
2026-01-02 13:52:09.694 [info] Getting sessions for read:user,repo,user:email,workflow...
2026-01-02 13:52:09.694 [info] Got 1 sessions for read:user,repo,user:email,workflow...
2026-01-02 13:52:10.266 [info] Getting sessions for all scopes...
2026-01-02 13:52:10.266 [info] Got 5 sessions for ...
2026-01-02 13:52:10.266 [info] Getting sessions for all scopes...
2026-01-02 13:52:10.266 [info] Got 5 sessions for ...
2026-01-02 13:52:10.278 [info] Getting sessions for read:user,repo,user:email,workflow...
2026-01-02 13:52:10.278 [info] Got 1 sessions for read:user,repo,user:email,workflow...
2026-01-02 13:52:11.735 [info] Getting sessions for all scopes...
2026-01-02 13:52:11.735 [info] Got 5 sessions for ...
2026-01-02 13:52:11.767 [info] Getting sessions for read:user,repo,user:email,workflow...
2026-01-02 13:52:11.767 [info] Got 1 sessions for read:user,repo,user:email,workflow...
2026-01-02 13:52:13.151 [info] Getting sessions for all scopes...
2026-01-02 13:52:13.151 [info] Got 5 sessions for ...
2026-01-02 13:52:13.153 [info] Getting sessions for read:user,repo,user:email,workflow...
2026-01-02 13:52:13.153 [info] Got 1 sessions for read:user,repo,user:email,workflow...
