2025-12-30 08:45:48.772 [info] [main] Log level: Info
2025-12-30 08:45:48.772 [info] [main] Validating found git in: "/usr/bin/git"
2025-12-30 08:45:48.846 [info] [main] Using git "2.39.5 (Apple Git-154)" from "/usr/bin/git"
2025-12-30 08:45:48.846 [info] [Model][doInitialScan] Initial repository scan started
2025-12-30 08:45:49.028 [info] > git rev-parse --show-toplevel [78ms]
2025-12-30 08:45:49.221 [info] > git rev-parse --git-dir --git-common-dir --show-superproject-working-tree [125ms]
2025-12-30 08:45:49.244 [info] [Model][openRepository] Opened repository (path): /Users/leifwsogge/Library/Mobile Documents/com~apple~CloudDocs/Space LEAF Corp.global.secure.net/Volcanic-Ash-Dispersion-Module
2025-12-30 08:45:49.244 [info] [Model][openRepository] Opened repository (real path): /Users/leifwsogge/Library/Mobile Documents/com~apple~CloudDocs/Space LEAF Corp.global.secure.net/Volcanic-Ash-Dispersion-Module
2025-12-30 08:45:49.244 [info] [Model][openRepository] Opened repository (kind): repository
2025-12-30 08:45:49.254 [info] [Model][doInitialScan] Initial repository scan completed - repositories (1), closed repositories (0), parent repositories (0), unsafe repositories (0)
2025-12-30 08:45:49.404 [info] [Git][getRemotes] No remotes found in the git config file
2025-12-30 08:45:49.427 [info] > git config --get commit.template [164ms]
2025-12-30 08:45:49.847 [info] > git for-each-ref --format=%(refname)%00%(upstream:short)%00%(objectname)%00%(upstream:track)%00%(upstream:remotename)%00%(upstream:remoteref) --ignore-case refs/heads/main refs/remotes/main [444ms]
2025-12-30 08:45:50.042 [info] > git status -z -uall [174ms]
2025-12-30 08:45:50.421 [info] > git for-each-ref --sort -committerdate --format %(refname)%00%(objectname)%00%(*objectname) [543ms]
2025-12-30 08:45:51.728 [info] > git config --local -l [1689ms]
2025-12-30 08:45:54.209 [info] > git check-ignore -v -z --stdin [3682ms]
2025-12-30 08:45:54.218 [info] > git config --get --local branch.main.remote [2477ms]
2025-12-30 08:45:54.218 [warning] [Git][config] git config failed: Failed to execute git
2025-12-30 08:45:54.221 [info] > git config --get commit.template [3565ms]
2025-12-30 08:45:54.310 [info] [Git][getRemotes] No remotes found in the git config file
2025-12-30 08:45:54.329 [info] > git check-ignore -v -z --stdin [2407ms]
2025-12-30 08:45:54.335 [info] > git config --get --local branch.main.merge [114ms]
2025-12-30 08:45:54.335 [warning] [Git][config] git config failed: Failed to execute git
2025-12-30 08:45:54.339 [info] > git for-each-ref --format=%(refname)%00%(upstream:short)%00%(objectname)%00%(upstream:track)%00%(upstream:remotename)%00%(upstream:remoteref) --ignore-case refs/heads/main refs/remotes/main [3864ms]
2025-12-30 08:45:54.412 [info] > git config --get --local branch.main.vscode-merge-base [69ms]
2025-12-30 08:45:54.412 [warning] [Git][config] git config failed: Failed to execute git
2025-12-30 08:45:54.419 [info] > git for-each-ref --format=%(refname)%00%(upstream:short)%00%(objectname)%00%(upstream:track)%00%(upstream:remotename)%00%(upstream:remoteref) --ignore-case refs/heads/main refs/remotes/main [110ms]
2025-12-30 08:45:54.536 [info] > git status -z -uall [112ms]
2025-12-30 08:45:54.537 [info] > git reflog main --grep-reflog=branch: Created from *. [119ms]
2025-12-30 08:45:54.572 [info] > git for-each-ref --sort -committerdate --format %(refname)%00%(objectname)%00%(*objectname) [108ms]
2025-12-30 08:45:55.228 [info] > git config --get commit.template [92ms]
2025-12-30 08:45:55.781 [info] [Git][getRemotes] No remotes found in the git config file
2025-12-30 08:45:55.927 [info] > git for-each-ref --format=%(refname)%00%(upstream:short)%00%(objectname)%00%(upstream:track)%00%(upstream:remotename)%00%(upstream:remoteref) --ignore-case refs/heads/main refs/remotes/main [146ms]
2025-12-30 08:45:56.023 [info] > git status -z -uall [95ms]
2025-12-30 08:45:56.024 [info] > git for-each-ref --sort -committerdate --format %(refname)%00%(objectname)%00%(*objectname) [92ms]
2025-12-30 08:46:08.340 [info] [Git][getRemotes] No remotes found in the git config file
2025-12-30 08:46:08.389 [info] > git config --get commit.template [70ms]
2025-12-30 08:46:08.401 [info] > git for-each-ref --format=%(refname)%00%(upstream:short)%00%(objectname)%00%(upstream:track)%00%(upstream:remotename)%00%(upstream:remoteref) --ignore-case refs/heads/main refs/remotes/main [61ms]
2025-12-30 08:46:08.452 [info] > git fetch [196ms]
2025-12-30 08:46:08.453 [info] > git for-each-ref --sort -committerdate --format %(refname)%00%(objectname)%00%(*objectname) [36ms] (cancelled)
2025-12-30 08:46:08.455 [info] > git status -z -uall [42ms] (cancelled)
2025-12-30 08:46:08.462 [info] [Git][getRemotes] No remotes found in the git config file
2025-12-30 08:46:08.530 [info] > git config --get commit.template [70ms]
2025-12-30 08:46:08.556 [info] > git for-each-ref --format=%(refname)%00%(upstream:short)%00%(objectname)%00%(upstream:track)%00%(upstream:remotename)%00%(upstream:remoteref) --ignore-case refs/heads/main refs/remotes/main [92ms]
2025-12-30 08:46:08.646 [info] > git for-each-ref --sort -committerdate --format %(refname)%00%(objectname)%00%(*objectname) [83ms]
2025-12-30 08:46:08.653 [info] > git status -z -uall [94ms]
2025-12-30 08:46:13.467 [info] [Git][getRemotes] No remotes found in the git config file
2025-12-30 08:46:13.518 [info] > git config --get commit.template [55ms]
2025-12-30 08:46:13.520 [info] > git for-each-ref --format=%(refname)%00%(upstream:short)%00%(objectname)%00%(upstream:track)%00%(upstream:remotename)%00%(upstream:remoteref) --ignore-case refs/heads/main refs/remotes/main [54ms]
2025-12-30 08:46:13.559 [info] > git status -z -uall [38ms]
2025-12-30 08:46:13.559 [info] > git for-each-ref --sort -committerdate --format %(refname)%00%(objectname)%00%(*objectname) [37ms]
2025-12-30 08:46:17.063 [info] > git check-ignore -v -z --stdin [147ms]
2025-12-30 08:46:17.223 [info] > git ls-files --stage -- LICENSE [91ms]
2025-12-30 08:46:17.229 [info] > git show --textconv :LICENSE [100ms]
2025-12-30 08:46:17.292 [info] > git hash-object -t tree /dev/null [66ms]
2025-12-30 08:46:17.293 [warning] [GitFileSystemProvider][stat] File not found - git:/Users/leifwsogge/Library/Mobile%20Documents/com~apple~CloudDocs/Space%20LEAF%20Corp.global.secure.net/Volcanic-Ash-Dispersion-Module/LICENSE.git?%7B%22path%22%3A%22%2FUsers%2Fleifwsogge%2FLibrary%2FMobile%20Documents%2Fcom~apple~CloudDocs%2FSpace%20LEAF%20Corp.global.secure.net%2FVolcanic-Ash-Dispersion-Module%2FLICENSE%22%2C%22ref%22%3A%22%22%7D
2025-12-30 08:46:17.295 [info] > git hash-object -t tree /dev/null [64ms]
2025-12-30 08:46:17.295 [warning] [GitFileSystemProvider][readFile] File not found - git:/Users/leifwsogge/Library/Mobile%20Documents/com~apple~CloudDocs/Space%20LEAF%20Corp.global.secure.net/Volcanic-Ash-Dispersion-Module/LICENSE.git?%7B%22path%22%3A%22%2FUsers%2Fleifwsogge%2FLibrary%2FMobile%20Documents%2Fcom~apple~CloudDocs%2FSpace%20LEAF%20Corp.global.secure.net%2FVolcanic-Ash-Dispersion-Module%2FLICENSE%22%2C%22ref%22%3A%22%22%7D
2025-12-30 08:46:18.215 [info] > git blame --root --incremental 2c2328a9801c6fbcb27258fd78c0e7ddb103716e -- LICENSE [43ms]
2025-12-30 08:46:18.215 [info] fatal: no such path LICENSE in 2c2328a9801c6fbcb27258fd78c0e7ddb103716e
2025-12-30 08:46:18.577 [info] [Git][getRemotes] No remotes found in the git config file
2025-12-30 08:46:18.640 [info] > git config --get commit.template [66ms]
2025-12-30 08:46:18.642 [info] > git for-each-ref --format=%(refname)%00%(upstream:short)%00%(objectname)%00%(upstream:track)%00%(upstream:remotename)%00%(upstream:remoteref) --ignore-case refs/heads/main refs/remotes/main [65ms]
2025-12-30 08:46:18.711 [info] > git status -z -uall [68ms]
2025-12-30 08:46:18.718 [info] > git for-each-ref --sort -committerdate --format %(refname)%00%(objectname)%00%(*objectname) [73ms]
2025-12-30 08:46:23.759 [info] [Git][getRemotes] No remotes found in the git config file
2025-12-30 08:46:23.843 [info] > git config --get commit.template [88ms]
2025-12-30 08:46:24.226 [info] > git for-each-ref --format=%(refname)%00%(upstream:short)%00%(objectname)%00%(upstream:track)%00%(upstream:remotename)%00%(upstream:remoteref) --ignore-case refs/heads/main refs/remotes/main [468ms]
2025-12-30 08:46:24.330 [info] > git status -z -uall [101ms]
2025-12-30 08:46:24.335 [info] > git for-each-ref --sort -committerdate --format %(refname)%00%(objectname)%00%(*objectname) [101ms]
2025-12-30 08:46:40.652 [info] [Git][getRemotes] No remotes found in the git config file
2025-12-30 08:46:40.845 [info] > git config --get commit.template [197ms]
2025-12-30 08:46:40.851 [info] > git for-each-ref --format=%(refname)%00%(upstream:short)%00%(objectname)%00%(upstream:track)%00%(upstream:remotename)%00%(upstream:remoteref) --ignore-case refs/heads/main refs/remotes/main [194ms]
2025-12-30 08:46:42.072 [info] > git for-each-ref --sort -committerdate --format %(refname)%00%(objectname)%00%(*objectname) [1213ms]
2025-12-30 08:46:42.076 [info] > git status -z -uall [1221ms]
2025-12-30 08:46:47.098 [info] [Git][getRemotes] No remotes found in the git config file
2025-12-30 08:46:47.135 [info] > git config --get commit.template [39ms]
2025-12-30 08:46:47.137 [info] > git for-each-ref --format=%(refname)%00%(upstream:short)%00%(objectname)%00%(upstream:track)%00%(upstream:remotename)%00%(upstream:remoteref) --ignore-case refs/heads/main refs/remotes/main [39ms]
2025-12-30 08:46:47.176 [info] > git status -z -uall [37ms]
2025-12-30 08:46:47.177 [info] > git for-each-ref --sort -committerdate --format %(refname)%00%(objectname)%00%(*objectname) [36ms]
2025-12-30 08:46:51.235 [info] > git check-ignore -v -z --stdin [54ms]
2025-12-30 08:46:51.312 [info] > git ls-files --stage -- volcanic [60ms]
2025-12-30 08:46:51.313 [warning] [GitFileSystemProvider][stat] File not found - git:/Users/leifwsogge/Library/Mobile%20Documents/com~apple~CloudDocs/Space%20LEAF%20Corp.global.secure.net/Volcanic-Ash-Dispersion-Module/volcanic.git?%7B%22path%22%3A%22%2FUsers%2Fleifwsogge%2FLibrary%2FMobile%20Documents%2Fcom~apple~CloudDocs%2FSpace%20LEAF%20Corp.global.secure.net%2FVolcanic-Ash-Dispersion-Module%2Fvolcanic%22%2C%22ref%22%3A%22%22%7D
2025-12-30 08:46:51.324 [info] > git show --textconv :volcanic [75ms]
2025-12-30 08:46:51.325 [warning] [GitFileSystemProvider][readFile] File not found - git:/Users/leifwsogge/Library/Mobile%20Documents/com~apple~CloudDocs/Space%20LEAF%20Corp.global.secure.net/Volcanic-Ash-Dispersion-Module/volcanic.git?%7B%22path%22%3A%22%2FUsers%2Fleifwsogge%2FLibrary%2FMobile%20Documents%2Fcom~apple~CloudDocs%2FSpace%20LEAF%20Corp.global.secure.net%2FVolcanic-Ash-Dispersion-Module%2Fvolcanic%22%2C%22ref%22%3A%22%22%7D
2025-12-30 08:46:52.186 [info] [Git][getRemotes] No remotes found in the git config file
2025-12-30 08:46:52.225 [info] > git config --get commit.template [39ms]
2025-12-30 08:46:52.227 [info] > git for-each-ref --format=%(refname)%00%(upstream:short)%00%(objectname)%00%(upstream:track)%00%(upstream:remotename)%00%(upstream:remoteref) --ignore-case refs/heads/main refs/remotes/main [40ms]
2025-12-30 08:46:52.283 [info] > git for-each-ref --sort -committerdate --format %(refname)%00%(objectname)%00%(*objectname) [50ms]
2025-12-30 08:46:52.286 [info] > git status -z -uall [57ms]
2025-12-30 08:46:57.298 [info] [Git][getRemotes] No remotes found in the git config file
2025-12-30 08:46:57.349 [info] > git config --get commit.template [53ms]
2025-12-30 08:46:57.354 [info] > git for-each-ref --format=%(refname)%00%(upstream:short)%00%(objectname)%00%(upstream:track)%00%(upstream:remotename)%00%(upstream:remoteref) --ignore-case refs/heads/main refs/remotes/main [56ms]
2025-12-30 08:46:57.415 [info] > git status -z -uall [58ms]
2025-12-30 08:46:57.417 [info] > git for-each-ref --sort -committerdate --format %(refname)%00%(objectname)%00%(*objectname) [60ms]
2025-12-30 08:48:07.079 [info] > git check-ignore -v -z --stdin [98ms]
2025-12-30 08:48:26.589 [info] > git config --get commit.template [3249ms]
2025-12-30 08:48:27.314 [info] [Git][getRemotes] No remotes found in the git config file
2025-12-30 08:48:27.521 [info] > git show --textconv :main.py [568ms]
2025-12-30 08:48:27.525 [info] > git ls-files --stage -- main.py [569ms]
2025-12-30 08:48:27.525 [warning] [GitFileSystemProvider][stat] File not found - git:/Users/leifwsogge/Library/Mobile%20Documents/com~apple~CloudDocs/Space%20LEAF%20Corp.global.secure.net/Volcanic-Ash-Dispersion-Module/main.py.git?%7B%22path%22%3A%22%2FUsers%2Fleifwsogge%2FLibrary%2FMobile%20Documents%2Fcom~apple~CloudDocs%2FSpace%20LEAF%20Corp.global.secure.net%2FVolcanic-Ash-Dispersion-Module%2Fmain.py%22%2C%22ref%22%3A%22%22%7D
2025-12-30 08:48:27.614 [warning] [GitFileSystemProvider][readFile] File not found - git:/Users/leifwsogge/Library/Mobile%20Documents/com~apple~CloudDocs/Space%20LEAF%20Corp.global.secure.net/Volcanic-Ash-Dispersion-Module/main.py.git?%7B%22path%22%3A%22%2FUsers%2Fleifwsogge%2FLibrary%2FMobile%20Documents%2Fcom~apple~CloudDocs%2FSpace%20LEAF%20Corp.global.secure.net%2FVolcanic-Ash-Dispersion-Module%2Fmain.py%22%2C%22ref%22%3A%22%22%7D
2025-12-30 08:48:27.949 [info] > git for-each-ref --format=%(refname)%00%(upstream:short)%00%(objectname)%00%(upstream:track)%00%(upstream:remotename)%00%(upstream:remoteref) --ignore-case refs/heads/main refs/remotes/main [635ms]
2025-12-30 08:48:28.256 [info] > git status -z -uall [135ms]
2025-12-30 08:48:29.519 [info] > git blame --root --incremental 2c2328a9801c6fbcb27258fd78c0e7ddb103716e -- main.py [1173ms]
2025-12-30 08:48:29.519 [info] fatal: no such path main.py in 2c2328a9801c6fbcb27258fd78c0e7ddb103716e
2025-12-30 08:48:29.520 [info] > git for-each-ref --sort -committerdate --format %(refname)%00%(objectname)%00%(*objectname) [1385ms]
2025-12-30 08:48:34.539 [info] [Git][getRemotes] No remotes found in the git config file
2025-12-30 08:48:34.575 [info] > git config --get commit.template [43ms]
2025-12-30 08:48:34.585 [info] > git for-each-ref --format=%(refname)%00%(upstream:short)%00%(objectname)%00%(upstream:track)%00%(upstream:remotename)%00%(upstream:remoteref) --ignore-case refs/heads/main refs/remotes/main [46ms]
2025-12-30 08:48:34.643 [info] > git status -z -uall [55ms]
2025-12-30 08:48:34.677 [info] > git for-each-ref --sort -committerdate --format %(refname)%00%(objectname)%00%(*objectname) [81ms]
2025-12-30 08:48:36.725 [info] > git check-ignore -v -z --stdin [111ms]
2025-12-30 08:48:37.776 [info] > git show --textconv :requirements.txt [350ms]
2025-12-30 08:48:37.776 [info] > git ls-files --stage -- requirements.txt [347ms]
2025-12-30 08:48:37.778 [warning] [GitFileSystemProvider][stat] File not found - git:/Users/leifwsogge/Library/Mobile%20Documents/com~apple~CloudDocs/Space%20LEAF%20Corp.global.secure.net/Volcanic-Ash-Dispersion-Module/requirements.txt.git?%7B%22path%22%3A%22%2FUsers%2Fleifwsogge%2FLibrary%2FMobile%20Documents%2Fcom~apple~CloudDocs%2FSpace%20LEAF%20Corp.global.secure.net%2FVolcanic-Ash-Dispersion-Module%2Frequirements.txt%22%2C%22ref%22%3A%22%22%7D
2025-12-30 08:48:37.793 [warning] [GitFileSystemProvider][readFile] File not found - git:/Users/leifwsogge/Library/Mobile%20Documents/com~apple~CloudDocs/Space%20LEAF%20Corp.global.secure.net/Volcanic-Ash-Dispersion-Module/requirements.txt.git?%7B%22path%22%3A%22%2FUsers%2Fleifwsogge%2FLibrary%2FMobile%20Documents%2Fcom~apple~CloudDocs%2FSpace%20LEAF%20Corp.global.secure.net%2FVolcanic-Ash-Dispersion-Module%2Frequirements.txt%22%2C%22ref%22%3A%22%22%7D
2025-12-30 08:48:39.705 [info] [Git][getRemotes] No remotes found in the git config file
2025-12-30 08:48:39.797 [info] > git for-each-ref --format=%(refname)%00%(upstream:short)%00%(objectname)%00%(upstream:track)%00%(upstream:remotename)%00%(upstream:remoteref) --ignore-case refs/heads/main refs/remotes/main [90ms]
2025-12-30 08:48:39.815 [info] > git config --get commit.template [111ms]
2025-12-30 08:48:39.882 [info] > git for-each-ref --sort -committerdate --format %(refname)%00%(objectname)%00%(*objectname) [62ms]
2025-12-30 08:48:39.883 [info] > git status -z -uall [66ms]
2025-12-30 08:48:45.737 [info] [Git][getRemotes] No remotes found in the git config file
2025-12-30 08:48:45.826 [info] > git config --get commit.template [102ms]
2025-12-30 08:48:45.838 [info] > git for-each-ref --format=%(refname)%00%(upstream:short)%00%(objectname)%00%(upstream:track)%00%(upstream:remotename)%00%(upstream:remoteref) --ignore-case refs/heads/main refs/remotes/main [102ms]
2025-12-30 08:48:46.025 [info] > git status -z -uall [183ms]
2025-12-30 08:48:46.067 [info] > git for-each-ref --sort -committerdate --format %(refname)%00%(objectname)%00%(*objectname) [223ms]
2025-12-30 08:49:01.094 [info] > git check-ignore -v -z --stdin [200ms]
2025-12-30 08:49:01.339 [info] > git ls-files --stage -- README.md [86ms]
2025-12-30 08:49:01.340 [warning] [GitFileSystemProvider][stat] File not found - git:/Users/leifwsogge/Library/Mobile%20Documents/com~apple~CloudDocs/Space%20LEAF%20Corp.global.secure.net/Volcanic-Ash-Dispersion-Module/README.md.git?%7B%22path%22%3A%22%2FUsers%2Fleifwsogge%2FLibrary%2FMobile%20Documents%2Fcom~apple~CloudDocs%2FSpace%20LEAF%20Corp.global.secure.net%2FVolcanic-Ash-Dispersion-Module%2FREADME.md%22%2C%22ref%22%3A%22%22%7D
2025-12-30 08:49:01.355 [info] > git show --textconv :README.md [106ms]
2025-12-30 08:49:01.356 [warning] [GitFileSystemProvider][readFile] File not found - git:/Users/leifwsogge/Library/Mobile%20Documents/com~apple~CloudDocs/Space%20LEAF%20Corp.global.secure.net/Volcanic-Ash-Dispersion-Module/README.md.git?%7B%22path%22%3A%22%2FUsers%2Fleifwsogge%2FLibrary%2FMobile%20Documents%2Fcom~apple~CloudDocs%2FSpace%20LEAF%20Corp.global.secure.net%2FVolcanic-Ash-Dispersion-Module%2FREADME.md%22%2C%22ref%22%3A%22%22%7D
2025-12-30 08:49:07.446 [info] [Git][getRemotes] No remotes found in the git config file
2025-12-30 08:49:07.847 [info] > git config --get commit.template [578ms]
2025-12-30 08:49:07.870 [info] > git for-each-ref --format=%(refname)%00%(upstream:short)%00%(objectname)%00%(upstream:track)%00%(upstream:remotename)%00%(upstream:remoteref) --ignore-case refs/heads/main refs/remotes/main [535ms]
2025-12-30 08:49:07.953 [info] > git for-each-ref --sort -committerdate --format %(refname)%00%(objectname)%00%(*objectname) [77ms]
2025-12-30 08:49:08.113 [info] > git status -z -uall [239ms]
2025-12-30 08:49:08.765 [info] > git fetch [100ms]
2025-12-30 08:49:08.772 [info] [Git][getRemotes] No remotes found in the git config file
2025-12-30 08:49:08.825 [info] > git config --get commit.template [56ms]
2025-12-30 08:49:08.841 [info] > git for-each-ref --format=%(refname)%00%(upstream:short)%00%(objectname)%00%(upstream:track)%00%(upstream:remotename)%00%(upstream:remoteref) --ignore-case refs/heads/main refs/remotes/main [69ms]
2025-12-30 08:49:08.912 [info] > git status -z -uall [69ms]
2025-12-30 08:49:08.925 [info] > git for-each-ref --sort -committerdate --format %(refname)%00%(objectname)%00%(*objectname) [78ms]
2025-12-30 08:49:13.135 [info] [Git][getRemotes] No remotes found in the git config file
2025-12-30 08:49:13.256 [info] > git config --get commit.template [125ms]
2025-12-30 08:49:13.265 [info] > git for-each-ref --format=%(refname)%00%(upstream:short)%00%(objectname)%00%(upstream:track)%00%(upstream:remotename)%00%(upstream:remoteref) --ignore-case refs/heads/main refs/remotes/main [130ms]
2025-12-30 08:49:13.337 [info] > git for-each-ref --sort -committerdate --format %(refname)%00%(objectname)%00%(*objectname) [67ms]
2025-12-30 08:49:13.338 [info] > git status -z -uall [71ms]
2025-12-30 08:49:18.353 [info] [Git][getRemotes] No remotes found in the git config file
2025-12-30 08:49:18.437 [info] > git config --get commit.template [85ms]
2025-12-30 08:49:18.440 [info] > git for-each-ref --format=%(refname)%00%(upstream:short)%00%(objectname)%00%(upstream:track)%00%(upstream:remotename)%00%(upstream:remoteref) --ignore-case refs/heads/main refs/remotes/main [86ms]
2025-12-30 08:49:18.864 [info] > git for-each-ref --sort -committerdate --format %(refname)%00%(objectname)%00%(*objectname) [420ms]
2025-12-30 08:49:19.091 [info] > git status -z -uall [650ms]
2025-12-30 08:49:35.027 [info] > git check-ignore -v -z --stdin [72ms]
2025-12-30 08:49:35.277 [info] > git show --textconv :ash_dispersion.py [71ms]
2025-12-30 08:49:35.278 [warning] [GitFileSystemProvider][readFile] File not found - git:/Users/leifwsogge/Library/Mobile%20Documents/com~apple~CloudDocs/Space%20LEAF%20Corp.global.secure.net/Volcanic-Ash-Dispersion-Module/ash_dispersion.py.git?%7B%22path%22%3A%22%2FUsers%2Fleifwsogge%2FLibrary%2FMobile%20Documents%2Fcom~apple~CloudDocs%2FSpace%20LEAF%20Corp.global.secure.net%2FVolcanic-Ash-Dispersion-Module%2Fash_dispersion.py%22%2C%22ref%22%3A%22%22%7D
2025-12-30 08:49:35.362 [info] [Git][getRemotes] No remotes found in the git config file
2025-12-30 08:49:35.414 [info] > git ls-files --stage -- ash_dispersion.py [168ms]
2025-12-30 08:49:35.414 [warning] [GitFileSystemProvider][stat] File not found - git:/Users/leifwsogge/Library/Mobile%20Documents/com~apple~CloudDocs/Space%20LEAF%20Corp.global.secure.net/Volcanic-Ash-Dispersion-Module/ash_dispersion.py.git?%7B%22path%22%3A%22%2FUsers%2Fleifwsogge%2FLibrary%2FMobile%20Documents%2Fcom~apple~CloudDocs%2FSpace%20LEAF%20Corp.global.secure.net%2FVolcanic-Ash-Dispersion-Module%2Fash_dispersion.py%22%2C%22ref%22%3A%22%22%7D
2025-12-30 08:49:35.418 [info] > git config --get commit.template [57ms]
2025-12-30 08:49:35.425 [info] > git for-each-ref --format=%(refname)%00%(upstream:short)%00%(objectname)%00%(upstream:track)%00%(upstream:remotename)%00%(upstream:remoteref) --ignore-case refs/heads/main refs/remotes/main [60ms]
2025-12-30 08:49:35.483 [info] > git for-each-ref --sort -committerdate --format %(refname)%00%(objectname)%00%(*objectname) [53ms]
2025-12-30 08:49:35.491 [info] > git status -z -uall [63ms]
2025-12-30 08:49:43.800 [info] [Git][getRemotes] No remotes found in the git config file
2025-12-30 08:49:43.853 [info] > git config --get commit.template [53ms]
2025-12-30 08:49:43.861 [info] > git for-each-ref --format=%(refname)%00%(upstream:short)%00%(objectname)%00%(upstream:track)%00%(upstream:remotename)%00%(upstream:remoteref) --ignore-case refs/heads/main refs/remotes/main [60ms]
2025-12-30 08:49:43.953 [info] > git for-each-ref --sort -committerdate --format %(refname)%00%(objectname)%00%(*objectname) [89ms]
2025-12-30 08:49:43.962 [info] > git status -z -uall [100ms]
2025-12-30 08:49:58.946 [info] [Git][getRemotes] No remotes found in the git config file
2025-12-30 08:49:59.001 [info] > git config --get commit.template [66ms]
2025-12-30 08:49:59.010 [info] > git for-each-ref --format=%(refname)%00%(upstream:short)%00%(objectname)%00%(upstream:track)%00%(upstream:remotename)%00%(upstream:remoteref) --ignore-case refs/heads/main refs/remotes/main [63ms]
2025-12-30 08:49:59.052 [info] > git for-each-ref --sort -committerdate --format %(refname)%00%(objectname)%00%(*objectname) [39ms]
2025-12-30 08:49:59.056 [info] > git status -z -uall [45ms]
2025-12-30 08:50:03.424 [info] > git check-ignore -v -z --stdin [500ms]
2025-12-30 08:50:05.362 [info] > git ls-files --stage -- ocean_deposition.py [1247ms]
2025-12-30 08:50:05.426 [warning] [GitFileSystemProvider][stat] File not found - git:/Users/leifwsogge/Library/Mobile%20Documents/com~apple~CloudDocs/Space%20LEAF%20Corp.global.secure.net/Volcanic-Ash-Dispersion-Module/ocean_deposition.py.git?%7B%22path%22%3A%22%2FUsers%2Fleifwsogge%2FLibrary%2FMobile%20Documents%2Fcom~apple~CloudDocs%2FSpace%20LEAF%20Corp.global.secure.net%2FVolcanic-Ash-Dispersion-Module%2Focean_deposition.py%22%2C%22ref%22%3A%22%22%7D
2025-12-30 08:50:05.428 [info] > git show --textconv :ocean_deposition.py [1329ms]
2025-12-30 08:50:05.429 [warning] [GitFileSystemProvider][readFile] File not found - git:/Users/leifwsogge/Library/Mobile%20Documents/com~apple~CloudDocs/Space%20LEAF%20Corp.global.secure.net/Volcanic-Ash-Dispersion-Module/ocean_deposition.py.git?%7B%22path%22%3A%22%2FUsers%2Fleifwsogge%2FLibrary%2FMobile%20Documents%2Fcom~apple~CloudDocs%2FSpace%20LEAF%20Corp.global.secure.net%2FVolcanic-Ash-Dispersion-Module%2Focean_deposition.py%22%2C%22ref%22%3A%22%22%7D
2025-12-30 08:50:06.910 [info] [Git][getRemotes] No remotes found in the git config file
2025-12-30 08:50:08.005 [info] > git config --get commit.template [1100ms]
2025-12-30 08:50:08.169 [info] > git for-each-ref --format=%(refname)%00%(upstream:short)%00%(objectname)%00%(upstream:track)%00%(upstream:remotename)%00%(upstream:remoteref) --ignore-case refs/heads/main refs/remotes/main [1258ms]
2025-12-30 08:50:08.387 [info] > git for-each-ref --sort -committerdate --format %(refname)%00%(objectname)%00%(*objectname) [213ms]
2025-12-30 08:50:08.394 [info] > git status -z -uall [223ms]
2025-12-30 08:50:20.974 [info] [Git][getRemotes] No remotes found in the git config file
2025-12-30 08:50:21.846 [info] > git for-each-ref --format=%(refname)%00%(upstream:short)%00%(objectname)%00%(upstream:track)%00%(upstream:remotename)%00%(upstream:remoteref) --ignore-case refs/heads/main refs/remotes/main [881ms]
2025-12-30 08:50:21.846 [info] > git config --get commit.template [947ms]
2025-12-30 08:50:21.940 [info] > git for-each-ref --sort -committerdate --format %(refname)%00%(objectname)%00%(*objectname) [89ms]
2025-12-30 08:50:21.949 [info] > git status -z -uall [100ms]
2025-12-30 08:50:26.962 [info] [Git][getRemotes] No remotes found in the git config file
2025-12-30 08:50:27.023 [info] > git config --get commit.template [63ms]
2025-12-30 08:50:27.025 [info] > git for-each-ref --format=%(refname)%00%(upstream:short)%00%(objectname)%00%(upstream:track)%00%(upstream:remotename)%00%(upstream:remoteref) --ignore-case refs/heads/main refs/remotes/main [63ms]
2025-12-30 08:50:27.076 [info] > git for-each-ref --sort -committerdate --format %(refname)%00%(objectname)%00%(*objectname) [48ms]
2025-12-30 08:50:27.079 [info] > git status -z -uall [53ms]
2025-12-30 08:50:30.668 [info] > git check-ignore -v -z --stdin [62ms]
2025-12-30 08:50:32.233 [info] > git ls-files --stage -- density_classifier.py [321ms]
2025-12-30 08:50:32.234 [warning] [GitFileSystemProvider][stat] File not found - git:/Users/leifwsogge/Library/Mobile%20Documents/com~apple~CloudDocs/Space%20LEAF%20Corp.global.secure.net/Volcanic-Ash-Dispersion-Module/density_classifier.py.git?%7B%22path%22%3A%22%2FUsers%2Fleifwsogge%2FLibrary%2FMobile%20Documents%2Fcom~apple~CloudDocs%2FSpace%20LEAF%20Corp.global.secure.net%2FVolcanic-Ash-Dispersion-Module%2Fdensity_classifier.py%22%2C%22ref%22%3A%22%22%7D
2025-12-30 08:50:32.320 [info] > git show --textconv :density_classifier.py [417ms]
2025-12-30 08:50:32.323 [warning] [GitFileSystemProvider][readFile] File not found - git:/Users/leifwsogge/Library/Mobile%20Documents/com~apple~CloudDocs/Space%20LEAF%20Corp.global.secure.net/Volcanic-Ash-Dispersion-Module/density_classifier.py.git?%7B%22path%22%3A%22%2FUsers%2Fleifwsogge%2FLibrary%2FMobile%20Documents%2Fcom~apple~CloudDocs%2FSpace%20LEAF%20Corp.global.secure.net%2FVolcanic-Ash-Dispersion-Module%2Fdensity_classifier.py%22%2C%22ref%22%3A%22%22%7D
2025-12-30 08:50:33.795 [info] [Git][getRemotes] No remotes found in the git config file
2025-12-30 08:50:34.325 [info] > git config --get commit.template [534ms]
2025-12-30 08:50:34.359 [info] > git for-each-ref --format=%(refname)%00%(upstream:short)%00%(objectname)%00%(upstream:track)%00%(upstream:remotename)%00%(upstream:remoteref) --ignore-case refs/heads/main refs/remotes/main [564ms]
2025-12-30 08:50:34.508 [info] > git status -z -uall [146ms]
2025-12-30 08:50:34.528 [info] > git for-each-ref --sort -committerdate --format %(refname)%00%(objectname)%00%(*objectname) [159ms]
2025-12-30 08:50:48.602 [info] [Git][getRemotes] No remotes found in the git config file
2025-12-30 08:50:48.677 [info] > git for-each-ref --format=%(refname)%00%(upstream:short)%00%(objectname)%00%(upstream:track)%00%(upstream:remotename)%00%(upstream:remoteref) --ignore-case refs/heads/main refs/remotes/main [75ms]
2025-12-30 08:50:48.681 [info] > git config --get commit.template [90ms]
2025-12-30 08:50:48.756 [info] > git for-each-ref --sort -committerdate --format %(refname)%00%(objectname)%00%(*objectname) [69ms]
2025-12-30 08:50:48.758 [info] > git status -z -uall [74ms]
2025-12-30 08:50:51.895 [info] > git check-ignore -v -z --stdin [121ms]
2025-12-30 08:50:52.146 [info] > git ls-files --stage -- ash_distribution_plot.py [70ms]
2025-12-30 08:50:52.148 [warning] [GitFileSystemProvider][stat] File not found - git:/Users/leifwsogge/Library/Mobile%20Documents/com~apple~CloudDocs/Space%20LEAF%20Corp.global.secure.net/Volcanic-Ash-Dispersion-Module/ash_distribution_plot.py.git?%7B%22path%22%3A%22%2FUsers%2Fleifwsogge%2FLibrary%2FMobile%20Documents%2Fcom~apple~CloudDocs%2FSpace%20LEAF%20Corp.global.secure.net%2FVolcanic-Ash-Dispersion-Module%2Fash_distribution_plot.py%22%2C%22ref%22%3A%22%22%7D
2025-12-30 08:50:52.149 [info] > git show --textconv :ash_distribution_plot.py [76ms]
2025-12-30 08:50:52.150 [warning] [GitFileSystemProvider][readFile] File not found - git:/Users/leifwsogge/Library/Mobile%20Documents/com~apple~CloudDocs/Space%20LEAF%20Corp.global.secure.net/Volcanic-Ash-Dispersion-Module/ash_distribution_plot.py.git?%7B%22path%22%3A%22%2FUsers%2Fleifwsogge%2FLibrary%2FMobile%20Documents%2Fcom~apple~CloudDocs%2FSpace%20LEAF%20Corp.global.secure.net%2FVolcanic-Ash-Dispersion-Module%2Fash_distribution_plot.py%22%2C%22ref%22%3A%22%22%7D
2025-12-30 08:50:55.807 [info] [Git][getRemotes] No remotes found in the git config file
2025-12-30 08:50:56.325 [info] > git config --get commit.template [521ms]
2025-12-30 08:50:56.328 [info] > git for-each-ref --format=%(refname)%00%(upstream:short)%00%(objectname)%00%(upstream:track)%00%(upstream:remotename)%00%(upstream:remoteref) --ignore-case refs/heads/main refs/remotes/main [518ms]
2025-12-30 08:50:56.401 [info] > git status -z -uall [70ms]
2025-12-30 08:50:56.444 [info] > git for-each-ref --sort -committerdate --format %(refname)%00%(objectname)%00%(*objectname) [110ms]
2025-12-30 08:51:11.463 [warning] [Git][getHEAD] Failed to parse HEAD file: Unable to parse HEAD file. HEAD file contents: .
2025-12-30 08:51:11.464 [info] [Git][getRemotes] No remotes found in the git config file
2025-12-30 08:51:11.467 [info] > git config --get commit.template [5156ms]
2025-12-30 08:51:14.409 [info] > git symbolic-ref --short HEAD [2945ms]
2025-12-30 08:51:15.489 [info] > git for-each-ref --format=%(refname)%00%(upstream:short)%00%(objectname)%00%(upstream:track)%00%(upstream:remotename)%00%(upstream:remoteref) --ignore-case refs/heads/main refs/remotes/main [1078ms]
2025-12-30 08:51:15.495 [warning] [Git][revParse] Unable to read file: ENOENT: no such file or directory, open '/Users/leifwsogge/Library/Mobile Documents/com~apple~CloudDocs/Space LEAF Corp.global.secure.net/Volcanic-Ash-Dispersion-Module/.git/refs/remotes/origin/main'
2025-12-30 08:51:15.736 [info] > git rev-parse refs/remotes/origin/main [241ms]
2025-12-30 08:51:15.907 [info] > git for-each-ref --sort -committerdate --format %(refname)%00%(objectname)%00%(*objectname) [159ms]
2025-12-30 08:55:28.550 [info] > git log --format=%H%n%aN%n%aE%n%at%n%ct%n%P%n%D%n%B -z -n51 --shortstat --follow -- /Users/leifwsogge/Library/Mobile Documents/com~apple~CloudDocs/Space LEAF Corp.global.secure.net/Volcanic-Ash-Dispersion-Module/ash_dispersion.py [43427ms] (cancelled)
2025-12-30 08:55:31.272 [info] > git remote add origin https://github.com/GuardianNinja/Volcanic-Ash-Dispersion-Module.git [18205ms]
2025-12-30 08:55:31.313 [info] > git status -z -uall [255570ms] (cancelled)
2025-12-30 08:55:31.397 [info] > git config --get commit.template [63ms]
2025-12-30 08:55:31.401 [info] > git for-each-ref --format=%(refname)%00%(upstream:short)%00%(objectname)%00%(upstream:track)%00%(upstream:remotename)%00%(upstream:remoteref) --ignore-case refs/heads/main refs/remotes/main [56ms]
2025-12-30 08:55:35.239 [info] > git merge-base refs/heads/main refs/remotes/origin/main [3957ms]
2025-12-30 08:55:35.239 [info] fatal: Not a valid object name refs/remotes/origin/main
2025-12-30 08:55:35.268 [info] > git for-each-ref --sort -committerdate --format %(refname)%00%(objectname)%00%(*objectname) [3857ms]
2025-12-30 08:55:39.680 [info] > git log --format=%H%n%aN%n%aE%n%at%n%ct%n%P%n%D%n%B -z -n101 --shortstat --follow -- /Users/leifwsogge/Library/Mobile Documents/com~apple~CloudDocs/Space LEAF Corp.global.secure.net/Volcanic-Ash-Dispersion-Module/ash_dispersion.py [11119ms]
2025-12-30 08:55:40.485 [info] > git log --format=%H%n%aN%n%aE%n%at%n%ct%n%P%n%D%n%B -z -n51 --shortstat --follow -- /Users/leifwsogge/Library/Mobile Documents/com~apple~CloudDocs/Space LEAF Corp.global.secure.net/Volcanic-Ash-Dispersion-Module/ash_dispersion.py [64ms]
2025-12-30 08:55:45.037 [info] > git log --format=%H%n%aN%n%aE%n%at%n%ct%n%P%n%D%n%B -z --shortstat --diff-merges=first-parent -n50 --skip=0 --topo-order --decorate=full --stdin [118354ms]
2025-12-30 08:55:45.207 [info] > git log --format=%H%n%aN%n%aE%n%at%n%ct%n%P%n%D%n%B -z --shortstat --diff-merges=first-parent -n50 --skip=0 --topo-order --decorate=full --stdin [104ms]
2025-12-30 08:55:45.207 [info] fatal: bad object 3ed32bc42057699fb1fd5452494b068a4a3d3d55
2025-12-30 08:55:45.209 [error] [GitHistoryProvider][provideHistoryItems] Failed to get history items with options '{"historyItemRefs":["3ed32bc42057699fb1fd5452494b068a4a3d3d55","3ed32bc42057699fb1fd5452494b068a4a3d3d55"],"limit":50,"skip":0}': Failed to execute git {
  "exitCode": 128,
  "gitCommand": "log",
  "stdout": "",
  "stderr": "fatal: bad object 3ed32bc42057699fb1fd5452494b068a4a3d3d55\n"
}
2025-12-30 08:55:45.266 [info] > git merge-base main origin/main [52ms]
2025-12-30 08:55:45.266 [info] fatal: Not a valid object name origin/main
2025-12-30 08:55:46.568 [info] > git status -z -uall [15164ms]
2025-12-30 08:55:47.335 [info] > git config --local -l [170ms]
2025-12-30 08:55:47.351 [info] > git log --format=%H%n%aN%n%aE%n%at%n%ct%n%P%n%D%n%B -z -n51 --shortstat --follow -- /Users/leifwsogge/Library/Mobile Documents/com~apple~CloudDocs/Space LEAF Corp.global.secure.net/Volcanic-Ash-Dispersion-Module/ash_dispersion.py [253ms]
2025-12-30 08:55:47.409 [info] > git config --get --local branch.main.remote [71ms]
2025-12-30 08:55:47.410 [warning] [Git][config] git config failed: Failed to execute git
2025-12-30 08:55:47.471 [info] > git config --get --local branch.main.merge [56ms]
2025-12-30 08:55:47.471 [warning] [Git][config] git config failed: Failed to execute git
2025-12-30 08:55:48.283 [info] > git push -u origin main [1691ms]
2025-12-30 08:55:48.283 [info] To https://github.com/GuardianNinja/Volcanic-Ash-Dispersion-Module.git
 * [new branch]      main -> main
2025-12-30 08:55:48.373 [info] > git config --get commit.template [87ms]
2025-12-30 08:55:48.384 [info] > git for-each-ref --format=%(refname)%00%(upstream:short)%00%(objectname)%00%(upstream:track)%00%(upstream:remotename)%00%(upstream:remoteref) --ignore-case refs/heads/main refs/remotes/main [95ms]
2025-12-30 08:55:48.480 [info] > git for-each-ref --sort -committerdate --format %(refname)%00%(objectname)%00%(*objectname) [87ms]
2025-12-30 08:55:48.486 [info] > git status -z -uall [98ms]
2025-12-30 08:55:48.888 [info] > git merge-base refs/heads/main refs/remotes/origin/main [375ms]
2025-12-30 08:55:48.901 [info] > git config --local -l [309ms]
2025-12-30 08:55:48.999 [info] > git log --format=%H%n%aN%n%aE%n%at%n%ct%n%P%n%D%n%B -z --shortstat --diff-merges=first-parent -n50 --skip=0 --topo-order --decorate=full --stdin [426ms]
2025-12-30 08:55:49.057 [info] > git diff --name-status -z --diff-filter=ADMR --find-renames=50% 2c2328a9801c6fbcb27258fd78c0e7ddb103716e...refs/remotes/origin/main -- [165ms]
2025-12-30 08:55:49.645 [info] > git merge-base main origin/main [217ms]
2025-12-30 08:55:49.652 [info] > git log --format=%H%n%aN%n%aE%n%at%n%ct%n%P%n%D%n%B -z -n51 --shortstat --follow -- /Users/leifwsogge/Library/Mobile Documents/com~apple~CloudDocs/Space LEAF Corp.global.secure.net/Volcanic-Ash-Dispersion-Module/ash_dispersion.py [221ms]
2025-12-30 08:55:50.341 [info] > git log --format=%H%n%aN%n%aE%n%at%n%ct%n%P%n%D%n%B -z --shortstat --diff-merges=first-parent -n50 --skip=0 --topo-order --decorate=full --stdin [92ms]
2025-12-30 08:55:50.467 [info] > git merge-base main origin/main [65ms]
2025-12-30 08:55:56.040 [info] > git log --format=%H%n%aN%n%aE%n%at%n%ct%n%P%n%D%n%B -z -n51 --shortstat --follow -- /Users/leifwsogge/Library/Mobile Documents/com~apple~CloudDocs/Space LEAF Corp.global.secure.net/Volcanic-Ash-Dispersion-Module/ash_dispersion.py [96ms]
2025-12-30 08:55:56.998 [info] > git log --format=%H%n%aN%n%aE%n%at%n%ct%n%P%n%D%n%B -z -n51 --shortstat --follow -- /Users/leifwsogge/Library/Mobile Documents/com~apple~CloudDocs/Space LEAF Corp.global.secure.net/Volcanic-Ash-Dispersion-Module/ash_dispersion.py [110ms]
2025-12-30 08:55:59.155 [info] > git config --get commit.template [1059ms]
2025-12-30 08:55:59.196 [info] > git for-each-ref --format=%(refname)%00%(upstream:short)%00%(objectname)%00%(upstream:track)%00%(upstream:remotename)%00%(upstream:remoteref) --ignore-case refs/heads/main refs/remotes/main [219ms]
2025-12-30 08:55:59.325 [info] > git for-each-ref --sort -committerdate --format %(refname)%00%(objectname)%00%(*objectname) [122ms]
2025-12-30 08:55:59.342 [info] > git status -z -uall [142ms]
2025-12-30 08:55:59.845 [info] > git fetch [1789ms]
2025-12-30 08:56:00.061 [info] > git for-each-ref --format=%(refname)%00%(upstream:short)%00%(objectname)%00%(upstream:track)%00%(upstream:remotename)%00%(upstream:remoteref) --ignore-case refs/heads/main refs/remotes/main [205ms]
2025-12-30 08:56:00.066 [info] > git config --get commit.template [216ms]
2025-12-30 08:56:00.081 [info] > git log --format=%H%n%aN%n%aE%n%at%n%ct%n%P%n%D%n%B -z -n51 --shortstat --follow -- /Users/leifwsogge/Library/Mobile Documents/com~apple~CloudDocs/Space LEAF Corp.global.secure.net/Volcanic-Ash-Dispersion-Module/ash_dispersion.py [192ms]
2025-12-30 08:56:00.274 [info] > git status -z -uall [204ms]
2025-12-30 08:56:00.279 [info] > git for-each-ref --sort -committerdate --format %(refname)%00%(objectname)%00%(*objectname) [206ms]
2025-12-30 08:56:00.850 [info] > git log --format=%H%n%aN%n%aE%n%at%n%ct%n%P%n%D%n%B -z -n51 --shortstat --follow -- /Users/leifwsogge/Library/Mobile Documents/com~apple~CloudDocs/Space LEAF Corp.global.secure.net/Volcanic-Ash-Dispersion-Module/ash_dispersion.py [62ms]
2025-12-30 08:56:04.404 [info] > git config --get commit.template [46ms]
2025-12-30 08:56:04.408 [info] > git for-each-ref --format=%(refname)%00%(upstream:short)%00%(objectname)%00%(upstream:track)%00%(upstream:remotename)%00%(upstream:remoteref) --ignore-case refs/heads/main refs/remotes/main [47ms]
2025-12-30 08:56:04.457 [info] > git for-each-ref --sort -committerdate --format %(refname)%00%(objectname)%00%(*objectname) [45ms]
2025-12-30 08:56:04.460 [info] > git status -z -uall [50ms]
2025-12-30 08:56:05.987 [info] > git log --format=%H%n%aN%n%aE%n%at%n%ct%n%P%n%D%n%B -z --shortstat --diff-merges=first-parent -n50 --skip=0 --topo-order --decorate=full --stdin [64ms]
2025-12-30 08:56:06.140 [info] > git merge-base main origin/main [87ms]
2025-12-30 08:56:09.550 [info] > git config --get commit.template [79ms]
2025-12-30 08:56:09.560 [info] > git for-each-ref --format=%(refname)%00%(upstream:short)%00%(objectname)%00%(upstream:track)%00%(upstream:remotename)%00%(upstream:remoteref) --ignore-case refs/heads/main refs/remotes/main [85ms]
2025-12-30 08:56:09.613 [info] > git status -z -uall [50ms]
2025-12-30 08:56:09.614 [info] > git for-each-ref --sort -committerdate --format %(refname)%00%(objectname)%00%(*objectname) [49ms]
2025-12-30 08:56:14.741 [info] > git config --get commit.template [115ms]
2025-12-30 08:56:14.746 [info] > git for-each-ref --format=%(refname)%00%(upstream:short)%00%(objectname)%00%(upstream:track)%00%(upstream:remotename)%00%(upstream:remoteref) --ignore-case refs/heads/main refs/remotes/main [62ms]
2025-12-30 08:56:14.925 [info] > git status -z -uall [176ms]
2025-12-30 08:56:14.983 [info] > git for-each-ref --sort -committerdate --format %(refname)%00%(objectname)%00%(*objectname) [228ms]
2025-12-30 08:56:23.111 [info] > git config --get commit.template [136ms]
2025-12-30 08:56:23.117 [info] > git for-each-ref --format=%(refname)%00%(upstream:short)%00%(objectname)%00%(upstream:track)%00%(upstream:remotename)%00%(upstream:remoteref) --ignore-case refs/heads/main refs/remotes/main [135ms]
2025-12-30 08:56:23.214 [info] > git for-each-ref --sort -committerdate --format %(refname)%00%(objectname)%00%(*objectname) [87ms]
2025-12-30 08:56:23.218 [info] > git status -z -uall [96ms]
2025-12-30 08:56:28.910 [info] > git config --get commit.template [74ms]
2025-12-30 08:56:28.915 [info] > git for-each-ref --format=%(refname)%00%(upstream:short)%00%(objectname)%00%(upstream:track)%00%(upstream:remotename)%00%(upstream:remoteref) --ignore-case refs/heads/main refs/remotes/main [73ms]
2025-12-30 08:56:28.977 [info] > git for-each-ref --sort -committerdate --format %(refname)%00%(objectname)%00%(*objectname) [57ms]
2025-12-30 08:56:28.985 [info] > git status -z -uall [67ms]
2025-12-30 08:56:35.709 [info] > git config --get commit.template [86ms]
2025-12-30 08:56:35.717 [info] > git for-each-ref --format=%(refname)%00%(upstream:short)%00%(objectname)%00%(upstream:track)%00%(upstream:remotename)%00%(upstream:remoteref) --ignore-case refs/heads/main refs/remotes/main [91ms]
2025-12-30 08:56:35.831 [info] > git status -z -uall [110ms]
2025-12-30 08:56:35.834 [info] > git for-each-ref --sort -committerdate --format %(refname)%00%(objectname)%00%(*objectname) [110ms]
2025-12-30 08:56:40.898 [info] > git config --get commit.template [52ms]
2025-12-30 08:56:40.903 [info] > git for-each-ref --format=%(refname)%00%(upstream:short)%00%(objectname)%00%(upstream:track)%00%(upstream:remotename)%00%(upstream:remoteref) --ignore-case refs/heads/main refs/remotes/main [57ms]
2025-12-30 08:56:40.960 [info] > git status -z -uall [55ms]
2025-12-30 08:56:40.964 [info] > git for-each-ref --sort -committerdate --format %(refname)%00%(objectname)%00%(*objectname) [56ms]
2025-12-30 08:56:46.094 [info] > git for-each-ref --format=%(refname)%00%(upstream:short)%00%(objectname)%00%(upstream:track)%00%(upstream:remotename)%00%(upstream:remoteref) --ignore-case refs/heads/main refs/remotes/main [109ms]
2025-12-30 08:56:46.099 [info] > git config --get commit.template [121ms]
2025-12-30 08:56:46.164 [info] > git status -z -uall [64ms]
2025-12-30 08:56:46.181 [info] > git for-each-ref --sort -committerdate --format %(refname)%00%(objectname)%00%(*objectname) [79ms]
2025-12-30 08:56:51.251 [info] > git config --get commit.template [61ms]
2025-12-30 08:56:51.256 [info] > git for-each-ref --format=%(refname)%00%(upstream:short)%00%(objectname)%00%(upstream:track)%00%(upstream:remotename)%00%(upstream:remoteref) --ignore-case refs/heads/main refs/remotes/main [64ms]
2025-12-30 08:56:51.319 [info] > git for-each-ref --sort -committerdate --format %(refname)%00%(objectname)%00%(*objectname) [60ms]
2025-12-30 08:56:51.321 [info] > git status -z -uall [64ms]
2025-12-30 08:56:56.377 [info] > git config --get commit.template [46ms]
2025-12-30 08:56:56.387 [info] > git for-each-ref --format=%(refname)%00%(upstream:short)%00%(objectname)%00%(upstream:track)%00%(upstream:remotename)%00%(upstream:remoteref) --ignore-case refs/heads/main refs/remotes/main [53ms]
2025-12-30 08:56:56.442 [info] > git status -z -uall [51ms]
2025-12-30 08:56:56.445 [info] > git for-each-ref --sort -committerdate --format %(refname)%00%(objectname)%00%(*objectname) [52ms]
2025-12-30 08:57:01.506 [info] > git config --get commit.template [55ms]
2025-12-30 08:57:01.511 [info] > git for-each-ref --format=%(refname)%00%(upstream:short)%00%(objectname)%00%(upstream:track)%00%(upstream:remotename)%00%(upstream:remoteref) --ignore-case refs/heads/main refs/remotes/main [57ms]
2025-12-30 08:57:01.573 [info] > git status -z -uall [61ms]
2025-12-30 08:57:01.578 [info] > git for-each-ref --sort -committerdate --format %(refname)%00%(objectname)%00%(*objectname) [64ms]
2025-12-30 08:57:06.658 [info] > git config --get commit.template [62ms]
2025-12-30 08:57:06.663 [info] > git for-each-ref --format=%(refname)%00%(upstream:short)%00%(objectname)%00%(upstream:track)%00%(upstream:remotename)%00%(upstream:remoteref) --ignore-case refs/heads/main refs/remotes/main [52ms]
2025-12-30 08:57:06.721 [info] > git status -z -uall [56ms]
2025-12-30 08:57:06.725 [info] > git for-each-ref --sort -committerdate --format %(refname)%00%(objectname)%00%(*objectname) [59ms]
2025-12-30 08:57:11.860 [info] > git config --get commit.template [116ms]
2025-12-30 08:57:11.869 [info] > git for-each-ref --format=%(refname)%00%(upstream:short)%00%(objectname)%00%(upstream:track)%00%(upstream:remotename)%00%(upstream:remoteref) --ignore-case refs/heads/main refs/remotes/main [107ms]
2025-12-30 08:57:12.247 [info] > git for-each-ref --sort -committerdate --format %(refname)%00%(objectname)%00%(*objectname) [372ms]
2025-12-30 08:57:12.248 [info] > git status -z -uall [376ms]
2025-12-30 08:57:17.319 [info] > git config --get commit.template [54ms]
2025-12-30 08:57:17.325 [info] > git for-each-ref --format=%(refname)%00%(upstream:short)%00%(objectname)%00%(upstream:track)%00%(upstream:remotename)%00%(upstream:remoteref) --ignore-case refs/heads/main refs/remotes/main [56ms]
2025-12-30 08:57:17.388 [info] > git for-each-ref --sort -committerdate --format %(refname)%00%(objectname)%00%(*objectname) [56ms]
2025-12-30 08:57:17.389 [info] > git status -z -uall [61ms]
2025-12-30 08:57:22.501 [info] > git config --get commit.template [98ms]
2025-12-30 08:57:22.506 [info] > git for-each-ref --format=%(refname)%00%(upstream:short)%00%(objectname)%00%(upstream:track)%00%(upstream:remotename)%00%(upstream:remoteref) --ignore-case refs/heads/main refs/remotes/main [101ms]
2025-12-30 08:57:22.654 [info] > git status -z -uall [145ms]
2025-12-30 08:57:22.664 [info] > git for-each-ref --sort -committerdate --format %(refname)%00%(objectname)%00%(*objectname) [151ms]
2025-12-30 08:57:29.398 [info] > git config --get commit.template [91ms]
2025-12-30 08:57:29.404 [info] > git for-each-ref --format=%(refname)%00%(upstream:short)%00%(objectname)%00%(upstream:track)%00%(upstream:remotename)%00%(upstream:remoteref) --ignore-case refs/heads/main refs/remotes/main [94ms]
2025-12-30 08:57:29.485 [info] > git status -z -uall [78ms]
2025-12-30 08:57:29.486 [info] > git for-each-ref --sort -committerdate --format %(refname)%00%(objectname)%00%(*objectname) [75ms]
2025-12-30 08:57:34.550 [info] > git config --get commit.template [54ms]
2025-12-30 08:57:34.555 [info] > git for-each-ref --format=%(refname)%00%(upstream:short)%00%(objectname)%00%(upstream:track)%00%(upstream:remotename)%00%(upstream:remoteref) --ignore-case refs/heads/main refs/remotes/main [56ms]
2025-12-30 08:57:34.631 [info] > git status -z -uall [75ms]
2025-12-30 08:57:34.633 [info] > git for-each-ref --sort -committerdate --format %(refname)%00%(objectname)%00%(*objectname) [75ms]
2025-12-30 08:57:39.772 [info] > git config --get commit.template [125ms]
2025-12-30 08:57:39.825 [info] > git for-each-ref --format=%(refname)%00%(upstream:short)%00%(objectname)%00%(upstream:track)%00%(upstream:remotename)%00%(upstream:remoteref) --ignore-case refs/heads/main refs/remotes/main [172ms]
2025-12-30 08:57:39.939 [info] > git status -z -uall [108ms]
2025-12-30 08:57:39.941 [info] > git for-each-ref --sort -committerdate --format %(refname)%00%(objectname)%00%(*objectname) [107ms]
2025-12-30 08:57:45.058 [info] > git for-each-ref --format=%(refname)%00%(upstream:short)%00%(objectname)%00%(upstream:track)%00%(upstream:remotename)%00%(upstream:remoteref) --ignore-case refs/heads/main refs/remotes/main [53ms]
2025-12-30 08:57:45.168 [info] > git config --get commit.template [172ms]
2025-12-30 08:57:45.388 [info] > git status -z -uall [217ms]
2025-12-30 08:57:45.423 [info] > git for-each-ref --sort -committerdate --format %(refname)%00%(objectname)%00%(*objectname) [249ms]
2025-12-30 08:57:50.503 [info] > git config --get commit.template [69ms]
2025-12-30 08:57:50.508 [info] > git for-each-ref --format=%(refname)%00%(upstream:short)%00%(objectname)%00%(upstream:track)%00%(upstream:remotename)%00%(upstream:remoteref) --ignore-case refs/heads/main refs/remotes/main [72ms]
2025-12-30 08:57:50.566 [info] > git for-each-ref --sort -committerdate --format %(refname)%00%(objectname)%00%(*objectname) [54ms]
2025-12-30 08:57:50.568 [info] > git status -z -uall [58ms]
2025-12-30 08:57:55.675 [info] > git config --get commit.template [100ms]
2025-12-30 08:57:55.688 [info] > git for-each-ref --format=%(refname)%00%(upstream:short)%00%(objectname)%00%(upstream:track)%00%(upstream:remotename)%00%(upstream:remoteref) --ignore-case refs/heads/main refs/remotes/main [104ms]
2025-12-30 08:57:55.760 [info] > git status -z -uall [69ms]
2025-12-30 08:57:55.777 [info] > git for-each-ref --sort -committerdate --format %(refname)%00%(objectname)%00%(*objectname) [84ms]
2025-12-30 08:58:02.244 [info] > git config --get commit.template [1440ms]
2025-12-30 08:58:02.395 [info] > git for-each-ref --format=%(refname)%00%(upstream:short)%00%(objectname)%00%(upstream:track)%00%(upstream:remotename)%00%(upstream:remoteref) --ignore-case refs/heads/main refs/remotes/main [1588ms]
2025-12-30 08:58:02.771 [info] > git status -z -uall [180ms]
2025-12-30 08:58:03.238 [info] > git for-each-ref --sort -committerdate --format %(refname)%00%(objectname)%00%(*objectname) [644ms]
2025-12-30 08:58:08.310 [info] > git config --get commit.template [58ms]
2025-12-30 08:58:08.317 [info] > git for-each-ref --format=%(refname)%00%(upstream:short)%00%(objectname)%00%(upstream:track)%00%(upstream:remotename)%00%(upstream:remoteref) --ignore-case refs/heads/main refs/remotes/main [61ms]
2025-12-30 08:58:08.381 [info] > git status -z -uall [63ms]
2025-12-30 08:58:08.382 [info] > git for-each-ref --sort -committerdate --format %(refname)%00%(objectname)%00%(*objectname) [61ms]
2025-12-30 08:58:13.839 [info] > git for-each-ref --format=%(refname)%00%(upstream:short)%00%(objectname)%00%(upstream:track)%00%(upstream:remotename)%00%(upstream:remoteref) --ignore-case refs/heads/main refs/remotes/main [438ms]
2025-12-30 08:58:13.844 [info] > git config --get commit.template [447ms]
2025-12-30 08:58:13.973 [info] > git for-each-ref --sort -committerdate --format %(refname)%00%(objectname)%00%(*objectname) [123ms]
2025-12-30 08:58:13.973 [info] > git status -z -uall [126ms]
2025-12-30 08:58:21.169 [info] > git config --get commit.template [49ms]
2025-12-30 08:58:21.172 [info] > git for-each-ref --format=%(refname)%00%(upstream:short)%00%(objectname)%00%(upstream:track)%00%(upstream:remotename)%00%(upstream:remoteref) --ignore-case refs/heads/main refs/remotes/main [51ms]
2025-12-30 08:58:21.463 [info] > git for-each-ref --sort -committerdate --format %(refname)%00%(objectname)%00%(*objectname) [285ms]
2025-12-30 08:58:21.465 [info] > git status -z -uall [290ms]
2025-12-30 08:58:26.634 [info] > git config --get commit.template [159ms]
2025-12-30 08:58:26.642 [info] > git for-each-ref --format=%(refname)%00%(upstream:short)%00%(objectname)%00%(upstream:track)%00%(upstream:remotename)%00%(upstream:remoteref) --ignore-case refs/heads/main refs/remotes/main [165ms]
2025-12-30 08:58:26.842 [info] > git status -z -uall [190ms]
2025-12-30 08:58:26.845 [info] > git for-each-ref --sort -committerdate --format %(refname)%00%(objectname)%00%(*objectname) [190ms]
2025-12-30 08:58:32.868 [info] > git config --get commit.template [62ms]
2025-12-30 08:58:32.876 [info] > git for-each-ref --format=%(refname)%00%(upstream:short)%00%(objectname)%00%(upstream:track)%00%(upstream:remotename)%00%(upstream:remoteref) --ignore-case refs/heads/main refs/remotes/main [64ms]
2025-12-30 08:58:32.942 [info] > git status -z -uall [63ms]
2025-12-30 08:58:32.944 [info] > git for-each-ref --sort -committerdate --format %(refname)%00%(objectname)%00%(*objectname) [62ms]
2025-12-30 08:58:38.004 [info] > git config --get commit.template [46ms]
2025-12-30 08:58:38.008 [info] > git for-each-ref --format=%(refname)%00%(upstream:short)%00%(objectname)%00%(upstream:track)%00%(upstream:remotename)%00%(upstream:remoteref) --ignore-case refs/heads/main refs/remotes/main [47ms]
2025-12-30 08:58:38.101 [info] > git for-each-ref --sort -committerdate --format %(refname)%00%(objectname)%00%(*objectname) [89ms]
2025-12-30 08:58:38.109 [info] > git status -z -uall [99ms]
2025-12-30 08:58:43.312 [info] > git config --get commit.template [186ms]
2025-12-30 08:58:43.316 [info] > git for-each-ref --format=%(refname)%00%(upstream:short)%00%(objectname)%00%(upstream:track)%00%(upstream:remotename)%00%(upstream:remoteref) --ignore-case refs/heads/main refs/remotes/main [186ms]
2025-12-30 08:58:43.368 [info] > git for-each-ref --sort -committerdate --format %(refname)%00%(objectname)%00%(*objectname) [48ms]
2025-12-30 08:58:43.369 [info] > git status -z -uall [51ms]
2025-12-30 08:58:48.438 [info] > git config --get commit.template [51ms]
2025-12-30 08:58:48.441 [info] > git for-each-ref --format=%(refname)%00%(upstream:short)%00%(objectname)%00%(upstream:track)%00%(upstream:remotename)%00%(upstream:remoteref) --ignore-case refs/heads/main refs/remotes/main [51ms]
2025-12-30 08:58:48.502 [info] > git status -z -uall [58ms]
2025-12-30 08:58:48.502 [info] > git for-each-ref --sort -committerdate --format %(refname)%00%(objectname)%00%(*objectname) [55ms]
2025-12-30 08:58:53.566 [info] > git config --get commit.template [52ms]
2025-12-30 08:58:53.569 [info] > git for-each-ref --format=%(refname)%00%(upstream:short)%00%(objectname)%00%(upstream:track)%00%(upstream:remotename)%00%(upstream:remoteref) --ignore-case refs/heads/main refs/remotes/main [51ms]
2025-12-30 08:58:53.653 [info] > git for-each-ref --sort -committerdate --format %(refname)%00%(objectname)%00%(*objectname) [79ms]
2025-12-30 08:58:53.658 [info] > git status -z -uall [87ms]
2025-12-30 08:58:58.765 [info] > git config --get commit.template [90ms]
2025-12-30 08:58:58.768 [info] > git for-each-ref --format=%(refname)%00%(upstream:short)%00%(objectname)%00%(upstream:track)%00%(upstream:remotename)%00%(upstream:remoteref) --ignore-case refs/heads/main refs/remotes/main [91ms]
2025-12-30 08:58:58.844 [info] > git status -z -uall [72ms]
2025-12-30 08:58:58.846 [info] > git for-each-ref --sort -committerdate --format %(refname)%00%(objectname)%00%(*objectname) [72ms]
2025-12-30 08:59:01.043 [info] > git fetch [746ms]
2025-12-30 08:59:01.126 [info] > git config --get commit.template [78ms]
2025-12-30 08:59:01.150 [info] > git for-each-ref --format=%(refname)%00%(upstream:short)%00%(objectname)%00%(upstream:track)%00%(upstream:remotename)%00%(upstream:remoteref) --ignore-case refs/heads/main refs/remotes/main [97ms]
2025-12-30 08:59:01.215 [info] > git for-each-ref --sort -committerdate --format %(refname)%00%(objectname)%00%(*objectname) [59ms]
2025-12-30 08:59:01.242 [info] > git status -z -uall [89ms]
2025-12-30 08:59:05.593 [info] > git for-each-ref --format=%(refname)%00%(upstream:short)%00%(objectname)%00%(upstream:track)%00%(upstream:remotename)%00%(upstream:remoteref) --ignore-case refs/heads/main refs/remotes/main [195ms]
2025-12-30 08:59:05.626 [info] > git config --get commit.template [280ms]
2025-12-30 08:59:05.863 [info] > git for-each-ref --sort -committerdate --format %(refname)%00%(objectname)%00%(*objectname) [228ms]
2025-12-30 08:59:05.868 [info] > git status -z -uall [239ms]
2025-12-30 08:59:11.369 [info] > git config --get commit.template [78ms]
2025-12-30 08:59:11.388 [info] > git for-each-ref --format=%(refname)%00%(upstream:short)%00%(objectname)%00%(upstream:track)%00%(upstream:remotename)%00%(upstream:remoteref) --ignore-case refs/heads/main refs/remotes/main [85ms]
2025-12-30 08:59:11.473 [info] > git status -z -uall [82ms]
2025-12-30 08:59:11.492 [info] > git for-each-ref --sort -committerdate --format %(refname)%00%(objectname)%00%(*objectname) [94ms]
2025-12-30 08:59:16.642 [info] > git config --get commit.template [127ms]
2025-12-30 08:59:16.654 [info] > git for-each-ref --format=%(refname)%00%(upstream:short)%00%(objectname)%00%(upstream:track)%00%(upstream:remotename)%00%(upstream:remoteref) --ignore-case refs/heads/main refs/remotes/main [128ms]
2025-12-30 08:59:16.856 [info] > git status -z -uall [198ms]
2025-12-30 08:59:16.868 [info] > git for-each-ref --sort -committerdate --format %(refname)%00%(objectname)%00%(*objectname) [206ms]
2025-12-30 08:59:21.928 [info] > git config --get commit.template [49ms]
2025-12-30 08:59:21.931 [info] > git for-each-ref --format=%(refname)%00%(upstream:short)%00%(objectname)%00%(upstream:track)%00%(upstream:remotename)%00%(upstream:remoteref) --ignore-case refs/heads/main refs/remotes/main [48ms]
2025-12-30 08:59:21.977 [info] > git for-each-ref --sort -committerdate --format %(refname)%00%(objectname)%00%(*objectname) [41ms]
2025-12-30 08:59:21.979 [info] > git status -z -uall [46ms]
2025-12-30 08:59:27.040 [info] > git config --get commit.template [52ms]
2025-12-30 08:59:27.044 [info] > git for-each-ref --format=%(refname)%00%(upstream:short)%00%(objectname)%00%(upstream:track)%00%(upstream:remotename)%00%(upstream:remoteref) --ignore-case refs/heads/main refs/remotes/main [53ms]
2025-12-30 08:59:27.095 [info] > git for-each-ref --sort -committerdate --format %(refname)%00%(objectname)%00%(*objectname) [46ms]
2025-12-30 08:59:27.096 [info] > git status -z -uall [50ms]
2025-12-30 08:59:32.163 [info] > git config --get commit.template [57ms]
2025-12-30 08:59:32.168 [info] > git for-each-ref --format=%(refname)%00%(upstream:short)%00%(objectname)%00%(upstream:track)%00%(upstream:remotename)%00%(upstream:remoteref) --ignore-case refs/heads/main refs/remotes/main [58ms]
2025-12-30 08:59:32.240 [info] > git status -z -uall [69ms]
2025-12-30 08:59:32.248 [info] > git for-each-ref --sort -committerdate --format %(refname)%00%(objectname)%00%(*objectname) [75ms]
2025-12-30 08:59:37.330 [info] > git config --get commit.template [73ms]
2025-12-30 08:59:37.334 [info] > git for-each-ref --format=%(refname)%00%(upstream:short)%00%(objectname)%00%(upstream:track)%00%(upstream:remotename)%00%(upstream:remoteref) --ignore-case refs/heads/main refs/remotes/main [74ms]
2025-12-30 08:59:37.434 [info] > git for-each-ref --sort -committerdate --format %(refname)%00%(objectname)%00%(*objectname) [93ms]
2025-12-30 08:59:37.494 [info] > git status -z -uall [155ms]
2025-12-30 08:59:43.192 [info] > git config --get commit.template [56ms]
2025-12-30 08:59:43.210 [info] > git for-each-ref --format=%(refname)%00%(upstream:short)%00%(objectname)%00%(upstream:track)%00%(upstream:remotename)%00%(upstream:remoteref) --ignore-case refs/heads/main refs/remotes/main [68ms]
2025-12-30 08:59:43.274 [info] > git status -z -uall [60ms]
2025-12-30 08:59:43.285 [info] > git for-each-ref --sort -committerdate --format %(refname)%00%(objectname)%00%(*objectname) [69ms]
2025-12-30 08:59:49.279 [info] > git config --get commit.template [44ms]
2025-12-30 08:59:49.283 [info] > git for-each-ref --format=%(refname)%00%(upstream:short)%00%(objectname)%00%(upstream:track)%00%(upstream:remotename)%00%(upstream:remoteref) --ignore-case refs/heads/main refs/remotes/main [45ms]
2025-12-30 08:59:49.325 [info] > git for-each-ref --sort -committerdate --format %(refname)%00%(objectname)%00%(*objectname) [38ms]
2025-12-30 08:59:49.327 [info] > git status -z -uall [42ms]
2025-12-30 08:59:54.498 [info] > git for-each-ref --format=%(refname)%00%(upstream:short)%00%(objectname)%00%(upstream:track)%00%(upstream:remotename)%00%(upstream:remoteref) --ignore-case refs/heads/main refs/remotes/main [96ms]
2025-12-30 08:59:54.520 [info] > git config --get commit.template [127ms]
2025-12-30 08:59:54.649 [info] > git status -z -uall [126ms]
2025-12-30 08:59:54.652 [info] > git for-each-ref --sort -committerdate --format %(refname)%00%(objectname)%00%(*objectname) [126ms]
2025-12-30 08:59:59.742 [info] > git config --get commit.template [85ms]
2025-12-30 08:59:59.754 [info] > git for-each-ref --format=%(refname)%00%(upstream:short)%00%(objectname)%00%(upstream:track)%00%(upstream:remotename)%00%(upstream:remoteref) --ignore-case refs/heads/main refs/remotes/main [94ms]
2025-12-30 08:59:59.839 [info] > git for-each-ref --sort -committerdate --format %(refname)%00%(objectname)%00%(*objectname) [80ms]
2025-12-30 08:59:59.845 [info] > git status -z -uall [89ms]
2025-12-30 09:00:04.948 [info] > git config --get commit.template [86ms]
2025-12-30 09:00:04.953 [info] > git for-each-ref --format=%(refname)%00%(upstream:short)%00%(objectname)%00%(upstream:track)%00%(upstream:remotename)%00%(upstream:remoteref) --ignore-case refs/heads/main refs/remotes/main [90ms]
2025-12-30 09:00:05.022 [info] > git status -z -uall [64ms]
2025-12-30 09:00:05.034 [info] > git for-each-ref --sort -committerdate --format %(refname)%00%(objectname)%00%(*objectname) [75ms]
2025-12-30 09:00:14.239 [info] > git config --get commit.template [80ms]
2025-12-30 09:00:14.246 [info] > git for-each-ref --format=%(refname)%00%(upstream:short)%00%(objectname)%00%(upstream:track)%00%(upstream:remotename)%00%(upstream:remoteref) --ignore-case refs/heads/main refs/remotes/main [69ms]
2025-12-30 09:00:14.304 [info] > git status -z -uall [55ms]
2025-12-30 09:00:14.304 [info] > git for-each-ref --sort -committerdate --format %(refname)%00%(objectname)%00%(*objectname) [54ms]
2025-12-30 09:00:19.364 [info] > git config --get commit.template [49ms]
2025-12-30 09:00:19.368 [info] > git for-each-ref --format=%(refname)%00%(upstream:short)%00%(objectname)%00%(upstream:track)%00%(upstream:remotename)%00%(upstream:remoteref) --ignore-case refs/heads/main refs/remotes/main [52ms]
2025-12-30 09:00:19.418 [info] > git for-each-ref --sort -committerdate --format %(refname)%00%(objectname)%00%(*objectname) [45ms]
2025-12-30 09:00:19.419 [info] > git status -z -uall [49ms]
2025-12-30 09:00:28.378 [info] > git log --format=%H%n%aN%n%aE%n%at%n%ct%n%P%n%D%n%B -z -n51 --shortstat --follow -- /Users/leifwsogge/Library/Mobile Documents/com~apple~CloudDocs/Space LEAF Corp.global.secure.net/Volcanic-Ash-Dispersion-Module/ash_distribution_plot.py [110ms]
2025-12-30 09:01:47.010 [info] > git config --get commit.template [88ms]
2025-12-30 09:01:47.012 [info] > git for-each-ref --format=%(refname)%00%(upstream:short)%00%(objectname)%00%(upstream:track)%00%(upstream:remotename)%00%(upstream:remoteref) --ignore-case refs/heads/main refs/remotes/main [87ms]
2025-12-30 09:01:47.084 [info] > git for-each-ref --sort -committerdate --format %(refname)%00%(objectname)%00%(*objectname) [65ms]
2025-12-30 09:01:47.090 [info] > git status -z -uall [73ms]
2025-12-30 09:01:54.430 [info] > git config --get commit.template [87ms]
2025-12-30 09:01:54.430 [info] > git for-each-ref --format=%(refname)%00%(upstream:short)%00%(objectname)%00%(upstream:track)%00%(upstream:remotename)%00%(upstream:remoteref) --ignore-case refs/heads/main refs/remotes/main [74ms]
2025-12-30 09:01:54.485 [info] > git for-each-ref --sort -committerdate --format %(refname)%00%(objectname)%00%(*objectname) [48ms]
2025-12-30 09:01:54.491 [info] > git status -z -uall [57ms]
2025-12-30 09:01:59.643 [info] > git config --get commit.template [139ms]
2025-12-30 09:01:59.751 [info] > git for-each-ref --format=%(refname)%00%(upstream:short)%00%(objectname)%00%(upstream:track)%00%(upstream:remotename)%00%(upstream:remoteref) --ignore-case refs/heads/main refs/remotes/main [219ms]
2025-12-30 09:01:59.839 [info] > git for-each-ref --sort -committerdate --format %(refname)%00%(objectname)%00%(*objectname) [82ms]
2025-12-30 09:01:59.840 [info] > git status -z -uall [86ms]
2025-12-30 09:02:02.200 [info] > git fetch [752ms]
2025-12-30 09:02:02.264 [info] > git config --get commit.template [57ms]
2025-12-30 09:02:02.272 [info] > git for-each-ref --format=%(refname)%00%(upstream:short)%00%(objectname)%00%(upstream:track)%00%(upstream:remotename)%00%(upstream:remoteref) --ignore-case refs/heads/main refs/remotes/main [57ms]
2025-12-30 09:02:02.372 [info] > git for-each-ref --sort -committerdate --format %(refname)%00%(objectname)%00%(*objectname) [94ms]
2025-12-30 09:02:02.374 [info] > git status -z -uall [99ms]
2025-12-30 09:02:02.959 [info] > git log --format=%H%n%aN%n%aE%n%at%n%ct%n%P%n%D%n%B -z -n51 --shortstat --follow -- /Users/leifwsogge/Library/Mobile Documents/com~apple~CloudDocs/Space LEAF Corp.global.secure.net/Volcanic-Ash-Dispersion-Module/ash_distribution_plot.py [52ms]
2025-12-30 09:02:04.896 [info] > git config --get commit.template [48ms]
2025-12-30 09:02:04.899 [info] > git for-each-ref --format=%(refname)%00%(upstream:short)%00%(objectname)%00%(upstream:track)%00%(upstream:remotename)%00%(upstream:remoteref) --ignore-case refs/heads/main refs/remotes/main [48ms]
2025-12-30 09:02:04.949 [info] > git status -z -uall [48ms]
2025-12-30 09:02:04.949 [info] > git for-each-ref --sort -committerdate --format %(refname)%00%(objectname)%00%(*objectname) [46ms]
2025-12-30 09:02:10.156 [info] > git config --get commit.template [196ms]
2025-12-30 09:02:10.157 [info] > git for-each-ref --format=%(refname)%00%(upstream:short)%00%(objectname)%00%(upstream:track)%00%(upstream:remotename)%00%(upstream:remoteref) --ignore-case refs/heads/main refs/remotes/main [186ms]
2025-12-30 09:02:10.266 [info] > git status -z -uall [101ms]
2025-12-30 09:02:10.272 [info] > git for-each-ref --sort -committerdate --format %(refname)%00%(objectname)%00%(*objectname) [104ms]
2025-12-30 09:02:15.379 [info] > git config --get commit.template [76ms]
2025-12-30 09:02:15.385 [info] > git for-each-ref --format=%(refname)%00%(upstream:short)%00%(objectname)%00%(upstream:track)%00%(upstream:remotename)%00%(upstream:remoteref) --ignore-case refs/heads/main refs/remotes/main [78ms]
2025-12-30 09:02:15.465 [info] > git status -z -uall [76ms]
2025-12-30 09:02:15.469 [info] > git for-each-ref --sort -committerdate --format %(refname)%00%(objectname)%00%(*objectname) [77ms]
2025-12-30 09:02:20.522 [info] > git config --get commit.template [39ms]
2025-12-30 09:02:20.525 [info] > git for-each-ref --format=%(refname)%00%(upstream:short)%00%(objectname)%00%(upstream:track)%00%(upstream:remotename)%00%(upstream:remoteref) --ignore-case refs/heads/main refs/remotes/main [40ms]
2025-12-30 09:02:20.568 [info] > git for-each-ref --sort -committerdate --format %(refname)%00%(objectname)%00%(*objectname) [40ms]
2025-12-30 09:02:20.569 [info] > git status -z -uall [42ms]
2025-12-30 09:02:25.666 [info] > git config --get commit.template [86ms]
2025-12-30 09:02:25.672 [info] > git for-each-ref --format=%(refname)%00%(upstream:short)%00%(objectname)%00%(upstream:track)%00%(upstream:remotename)%00%(upstream:remoteref) --ignore-case refs/heads/main refs/remotes/main [91ms]
2025-12-30 09:02:25.727 [info] > git for-each-ref --sort -committerdate --format %(refname)%00%(objectname)%00%(*objectname) [51ms]
2025-12-30 09:02:25.728 [info] > git status -z -uall [54ms]
2025-12-30 09:02:30.813 [info] > git config --get commit.template [78ms]
2025-12-30 09:02:30.822 [info] > git for-each-ref --format=%(refname)%00%(upstream:short)%00%(objectname)%00%(upstream:track)%00%(upstream:remotename)%00%(upstream:remoteref) --ignore-case refs/heads/main refs/remotes/main [83ms]
2025-12-30 09:02:30.910 [info] > git for-each-ref --sort -committerdate --format %(refname)%00%(objectname)%00%(*objectname) [81ms]
2025-12-30 09:02:30.921 [info] > git status -z -uall [94ms]
2025-12-30 09:02:35.976 [info] > git config --get commit.template [42ms]
2025-12-30 09:02:35.980 [info] > git for-each-ref --format=%(refname)%00%(upstream:short)%00%(objectname)%00%(upstream:track)%00%(upstream:remotename)%00%(upstream:remoteref) --ignore-case refs/heads/main refs/remotes/main [42ms]
2025-12-30 09:02:36.068 [info] > git for-each-ref --sort -committerdate --format %(refname)%00%(objectname)%00%(*objectname) [85ms]
2025-12-30 09:02:36.070 [info] > git status -z -uall [89ms]
2025-12-30 09:02:37.776 [info] > git log --format=%H%n%aN%n%aE%n%at%n%ct%n%P%n%D%n%B -z -n51 --shortstat --follow -- /Users/leifwsogge/Library/Mobile Documents/com~apple~CloudDocs/Space LEAF Corp.global.secure.net/Volcanic-Ash-Dispersion-Module/density_classifier.py [52ms]
2025-12-30 09:02:41.153 [info] > git config --get commit.template [75ms]
2025-12-30 09:02:41.157 [info] > git for-each-ref --format=%(refname)%00%(upstream:short)%00%(objectname)%00%(upstream:track)%00%(upstream:remotename)%00%(upstream:remoteref) --ignore-case refs/heads/main refs/remotes/main [65ms]
2025-12-30 09:02:41.242 [info] > git status -z -uall [81ms]
2025-12-30 09:02:41.259 [info] > git for-each-ref --sort -committerdate --format %(refname)%00%(objectname)%00%(*objectname) [96ms]
2025-12-30 09:02:46.323 [info] > git config --get commit.template [54ms]
2025-12-30 09:02:46.326 [info] > git for-each-ref --format=%(refname)%00%(upstream:short)%00%(objectname)%00%(upstream:track)%00%(upstream:remotename)%00%(upstream:remoteref) --ignore-case refs/heads/main refs/remotes/main [55ms]
2025-12-30 09:02:46.382 [info] > git for-each-ref --sort -committerdate --format %(refname)%00%(objectname)%00%(*objectname) [52ms]
2025-12-30 09:02:46.387 [info] > git status -z -uall [59ms]
2025-12-30 09:02:47.221 [info] > git log --format=%H%n%aN%n%aE%n%at%n%ct%n%P%n%D%n%B -z -n51 --shortstat --follow -- /Users/leifwsogge/Library/Mobile Documents/com~apple~CloudDocs/Space LEAF Corp.global.secure.net/Volcanic-Ash-Dispersion-Module/ocean_deposition.py [81ms]
2025-12-30 09:02:50.772 [info] > git log --format=%H%n%aN%n%aE%n%at%n%ct%n%P%n%D%n%B -z -n51 --shortstat --follow -- /Users/leifwsogge/Library/Mobile Documents/com~apple~CloudDocs/Space LEAF Corp.global.secure.net/Volcanic-Ash-Dispersion-Module/ash_distribution_plot.py [105ms]
2025-12-30 09:02:51.454 [info] > git config --get commit.template [58ms]
2025-12-30 09:02:51.457 [info] > git for-each-ref --format=%(refname)%00%(upstream:short)%00%(objectname)%00%(upstream:track)%00%(upstream:remotename)%00%(upstream:remoteref) --ignore-case refs/heads/main refs/remotes/main [52ms]
2025-12-30 09:02:51.509 [info] > git status -z -uall [50ms]
2025-12-30 09:02:51.510 [info] > git for-each-ref --sort -committerdate --format %(refname)%00%(objectname)%00%(*objectname) [50ms]
2025-12-30 09:02:56.572 [info] > git config --get commit.template [49ms]
2025-12-30 09:02:56.576 [info] > git for-each-ref --format=%(refname)%00%(upstream:short)%00%(objectname)%00%(upstream:track)%00%(upstream:remotename)%00%(upstream:remoteref) --ignore-case refs/heads/main refs/remotes/main [51ms]
2025-12-30 09:02:56.617 [info] > git for-each-ref --sort -committerdate --format %(refname)%00%(objectname)%00%(*objectname) [37ms]
2025-12-30 09:02:56.618 [info] > git status -z -uall [40ms]
2025-12-30 09:03:01.722 [info] > git config --get commit.template [90ms]
2025-12-30 09:03:01.727 [info] > git for-each-ref --format=%(refname)%00%(upstream:short)%00%(objectname)%00%(upstream:track)%00%(upstream:remotename)%00%(upstream:remoteref) --ignore-case refs/heads/main refs/remotes/main [75ms]
2025-12-30 09:03:01.780 [info] > git status -z -uall [51ms]
2025-12-30 09:03:01.785 [info] > git for-each-ref --sort -committerdate --format %(refname)%00%(objectname)%00%(*objectname) [53ms]
2025-12-30 09:03:03.990 [info] > git log --format=%H%n%aN%n%aE%n%at%n%ct%n%P%n%D%n%B -z -n51 --shortstat --follow -- /Users/leifwsogge/Library/Mobile Documents/com~apple~CloudDocs/Space LEAF Corp.global.secure.net/Volcanic-Ash-Dispersion-Module/ocean_deposition.py [118ms]
2025-12-30 09:03:06.832 [info] > git config --get commit.template [39ms]
2025-12-30 09:03:06.836 [info] > git for-each-ref --format=%(refname)%00%(upstream:short)%00%(objectname)%00%(upstream:track)%00%(upstream:remotename)%00%(upstream:remoteref) --ignore-case refs/heads/main refs/remotes/main [42ms]
2025-12-30 09:03:06.882 [info] > git for-each-ref --sort -committerdate --format %(refname)%00%(objectname)%00%(*objectname) [42ms]
2025-12-30 09:03:06.885 [info] > git status -z -uall [47ms]
2025-12-30 09:03:11.978 [info] > git config --get commit.template [82ms]
2025-12-30 09:03:11.994 [info] > git for-each-ref --format=%(refname)%00%(upstream:short)%00%(objectname)%00%(upstream:track)%00%(upstream:remotename)%00%(upstream:remoteref) --ignore-case refs/heads/main refs/remotes/main [95ms]
2025-12-30 09:03:12.074 [info] > git for-each-ref --sort -committerdate --format %(refname)%00%(objectname)%00%(*objectname) [74ms]
2025-12-30 09:03:12.076 [info] > git status -z -uall [78ms]
2025-12-30 09:03:12.796 [info] > git log --format=%H%n%aN%n%aE%n%at%n%ct%n%P%n%D%n%B -z -n51 --shortstat --follow -- /Users/leifwsogge/Library/Mobile Documents/com~apple~CloudDocs/Space LEAF Corp.global.secure.net/Volcanic-Ash-Dispersion-Module/density_classifier.py [70ms]
2025-12-30 09:03:18.146 [info] > git log --format=%H%n%aN%n%aE%n%at%n%ct%n%P%n%D%n%B -z -n51 --shortstat --follow -- /Users/leifwsogge/Library/Mobile Documents/com~apple~CloudDocs/Space LEAF Corp.global.secure.net/Volcanic-Ash-Dispersion-Module/main.py [100ms]
2025-12-30 09:03:18.304 [info] > git for-each-ref --format=%(refname)%00%(upstream:short)%00%(objectname)%00%(upstream:track)%00%(upstream:remotename)%00%(upstream:remoteref) --ignore-case refs/heads/main refs/remotes/main [63ms]
2025-12-30 09:03:18.306 [info] > git config --get commit.template [69ms]
2025-12-30 09:03:18.384 [info] > git status -z -uall [75ms]
2025-12-30 09:03:18.391 [info] > git for-each-ref --sort -committerdate --format %(refname)%00%(objectname)%00%(*objectname) [79ms]
2025-12-30 09:03:19.361 [info] > git log --format=%H%n%aN%n%aE%n%at%n%ct%n%P%n%D%n%B -z -n51 --shortstat --follow -- /Users/leifwsogge/Library/Mobile Documents/com~apple~CloudDocs/Space LEAF Corp.global.secure.net/Volcanic-Ash-Dispersion-Module/ash_distribution_plot.py [69ms]
2025-12-30 09:03:23.760 [info] > git config --get commit.template [171ms]
2025-12-30 09:03:23.776 [info] > git for-each-ref --format=%(refname)%00%(upstream:short)%00%(objectname)%00%(upstream:track)%00%(upstream:remotename)%00%(upstream:remoteref) --ignore-case refs/heads/main refs/remotes/main [166ms]
2025-12-30 09:03:23.874 [info] > git for-each-ref --sort -committerdate --format %(refname)%00%(objectname)%00%(*objectname) [93ms]
2025-12-30 09:03:23.879 [info] > git status -z -uall [100ms]
2025-12-30 09:03:28.969 [info] > git config --get commit.template [76ms]
2025-12-30 09:03:28.977 [info] > git for-each-ref --format=%(refname)%00%(upstream:short)%00%(objectname)%00%(upstream:track)%00%(upstream:remotename)%00%(upstream:remoteref) --ignore-case refs/heads/main refs/remotes/main [80ms]
2025-12-30 09:03:29.060 [info] > git status -z -uall [82ms]
2025-12-30 09:03:29.062 [info] > git for-each-ref --sort -committerdate --format %(refname)%00%(objectname)%00%(*objectname) [81ms]
2025-12-30 09:03:34.237 [info] > git config --get commit.template [162ms]
2025-12-30 09:03:34.242 [info] > git for-each-ref --format=%(refname)%00%(upstream:short)%00%(objectname)%00%(upstream:track)%00%(upstream:remotename)%00%(upstream:remoteref) --ignore-case refs/heads/main refs/remotes/main [165ms]
2025-12-30 09:03:34.314 [info] > git for-each-ref --sort -committerdate --format %(refname)%00%(objectname)%00%(*objectname) [66ms]
2025-12-30 09:03:34.319 [info] > git status -z -uall [73ms]
2025-12-30 09:03:39.390 [info] > git for-each-ref --format=%(refname)%00%(upstream:short)%00%(objectname)%00%(upstream:track)%00%(upstream:remotename)%00%(upstream:remoteref) --ignore-case refs/heads/main refs/remotes/main [60ms]
2025-12-30 09:03:39.392 [info] > git config --get commit.template [63ms]
2025-12-30 09:03:39.444 [info] > git status -z -uall [50ms]
2025-12-30 09:03:39.445 [info] > git for-each-ref --sort -committerdate --format %(refname)%00%(objectname)%00%(*objectname) [48ms]
2025-12-30 09:03:44.542 [info] > git config --get commit.template [71ms]
2025-12-30 09:03:44.548 [info] > git for-each-ref --format=%(refname)%00%(upstream:short)%00%(objectname)%00%(upstream:track)%00%(upstream:remotename)%00%(upstream:remoteref) --ignore-case refs/heads/main refs/remotes/main [68ms]
2025-12-30 09:03:44.618 [info] > git for-each-ref --sort -committerdate --format %(refname)%00%(objectname)%00%(*objectname) [51ms]
2025-12-30 09:03:44.619 [info] > git status -z -uall [67ms]
2025-12-30 09:03:53.659 [info] > git config --get commit.template [111ms]
2025-12-30 09:03:53.669 [info] > git for-each-ref --format=%(refname)%00%(upstream:short)%00%(objectname)%00%(upstream:track)%00%(upstream:remotename)%00%(upstream:remoteref) --ignore-case refs/heads/main refs/remotes/main [118ms]
2025-12-30 09:03:53.842 [info] > git status -z -uall [170ms]
2025-12-30 09:03:53.847 [info] > git for-each-ref --sort -committerdate --format %(refname)%00%(objectname)%00%(*objectname) [172ms]
2025-12-30 09:03:58.915 [info] > git config --get commit.template [56ms]
2025-12-30 09:03:58.920 [info] > git for-each-ref --format=%(refname)%00%(upstream:short)%00%(objectname)%00%(upstream:track)%00%(upstream:remotename)%00%(upstream:remoteref) --ignore-case refs/heads/main refs/remotes/main [59ms]
2025-12-30 09:03:58.969 [info] > git for-each-ref --sort -committerdate --format %(refname)%00%(objectname)%00%(*objectname) [45ms]
2025-12-30 09:03:58.969 [info] > git status -z -uall [47ms]
2025-12-30 09:04:04.525 [info] > git for-each-ref --format=%(refname)%00%(upstream:short)%00%(objectname)%00%(upstream:track)%00%(upstream:remotename)%00%(upstream:remoteref) --ignore-case refs/heads/main refs/remotes/main [62ms]
2025-12-30 09:04:04.527 [info] > git config --get commit.template [70ms]
2025-12-30 09:04:04.610 [info] > git for-each-ref --sort -committerdate --format %(refname)%00%(objectname)%00%(*objectname) [77ms]
2025-12-30 09:04:04.614 [info] > git status -z -uall [85ms]
2025-12-30 09:04:14.337 [info] > git config --get commit.template [62ms]
2025-12-30 09:04:14.342 [info] > git for-each-ref --format=%(refname)%00%(upstream:short)%00%(objectname)%00%(upstream:track)%00%(upstream:remotename)%00%(upstream:remoteref) --ignore-case refs/heads/main refs/remotes/main [64ms]
2025-12-30 09:04:14.512 [info] > git status -z -uall [165ms]
2025-12-30 09:04:14.513 [info] > git for-each-ref --sort -committerdate --format %(refname)%00%(objectname)%00%(*objectname) [164ms]
2025-12-30 09:04:19.567 [info] > git config --get commit.template [46ms]
2025-12-30 09:04:19.571 [info] > git for-each-ref --format=%(refname)%00%(upstream:short)%00%(objectname)%00%(upstream:track)%00%(upstream:remotename)%00%(upstream:remoteref) --ignore-case refs/heads/main refs/remotes/main [48ms]
2025-12-30 09:04:19.635 [info] > git for-each-ref --sort -committerdate --format %(refname)%00%(objectname)%00%(*objectname) [57ms]
2025-12-30 09:04:19.641 [info] > git status -z -uall [65ms]
2025-12-30 09:04:26.423 [info] > git config --get commit.template [46ms]
2025-12-30 09:04:26.428 [info] > git for-each-ref --format=%(refname)%00%(upstream:short)%00%(objectname)%00%(upstream:track)%00%(upstream:remotename)%00%(upstream:remoteref) --ignore-case refs/heads/main refs/remotes/main [49ms]
2025-12-30 09:04:26.480 [info] > git status -z -uall [51ms]
2025-12-30 09:04:26.483 [info] > git for-each-ref --sort -committerdate --format %(refname)%00%(objectname)%00%(*objectname) [51ms]
2025-12-30 09:04:31.595 [info] > git config --get commit.template [93ms]
2025-12-30 09:04:31.599 [info] > git for-each-ref --format=%(refname)%00%(upstream:short)%00%(objectname)%00%(upstream:track)%00%(upstream:remotename)%00%(upstream:remoteref) --ignore-case refs/heads/main refs/remotes/main [78ms]
2025-12-30 09:04:31.683 [info] > git for-each-ref --sort -committerdate --format %(refname)%00%(objectname)%00%(*objectname) [78ms]
2025-12-30 09:04:31.719 [info] > git status -z -uall [116ms]
2025-12-30 09:04:32.041 [info] > git log --format=%H%n%aN%n%aE%n%at%n%ct%n%P%n%D%n%B -z -n51 --shortstat --follow -- /Users/leifwsogge/Library/Mobile Documents/com~apple~CloudDocs/Space LEAF Corp.global.secure.net/Volcanic-Ash-Dispersion-Module/density_classifier.py [66ms]
2025-12-30 09:04:35.286 [info] > git log --format=%H%n%aN%n%aE%n%at%n%ct%n%P%n%D%n%B -z -n51 --shortstat --follow -- /Users/leifwsogge/Library/Mobile Documents/com~apple~CloudDocs/Space LEAF Corp.global.secure.net/Volcanic-Ash-Dispersion-Module/ash_distribution_plot.py [51ms]
2025-12-30 09:04:36.781 [info] > git config --get commit.template [53ms]
2025-12-30 09:04:36.788 [info] > git for-each-ref --format=%(refname)%00%(upstream:short)%00%(objectname)%00%(upstream:track)%00%(upstream:remotename)%00%(upstream:remoteref) --ignore-case refs/heads/main refs/remotes/main [59ms]
2025-12-30 09:04:36.845 [info] > git for-each-ref --sort -committerdate --format %(refname)%00%(objectname)%00%(*objectname) [54ms]
2025-12-30 09:04:36.846 [info] > git status -z -uall [56ms]
2025-12-30 09:04:41.911 [info] > git config --get commit.template [57ms]
2025-12-30 09:04:41.915 [info] > git for-each-ref --format=%(refname)%00%(upstream:short)%00%(objectname)%00%(upstream:track)%00%(upstream:remotename)%00%(upstream:remoteref) --ignore-case refs/heads/main refs/remotes/main [58ms]
2025-12-30 09:04:41.969 [info] > git for-each-ref --sort -committerdate --format %(refname)%00%(objectname)%00%(*objectname) [50ms]
2025-12-30 09:04:41.970 [info] > git status -z -uall [53ms]
2025-12-30 09:04:47.038 [info] > git config --get commit.template [61ms]
2025-12-30 09:04:47.042 [info] > git for-each-ref --format=%(refname)%00%(upstream:short)%00%(objectname)%00%(upstream:track)%00%(upstream:remotename)%00%(upstream:remoteref) --ignore-case refs/heads/main refs/remotes/main [62ms]
2025-12-30 09:04:47.095 [info] > git status -z -uall [51ms]
2025-12-30 09:04:47.096 [info] > git for-each-ref --sort -committerdate --format %(refname)%00%(objectname)%00%(*objectname) [50ms]
2025-12-30 09:04:52.143 [info] > git config --get commit.template [40ms]
2025-12-30 09:04:52.145 [info] > git for-each-ref --format=%(refname)%00%(upstream:short)%00%(objectname)%00%(upstream:track)%00%(upstream:remotename)%00%(upstream:remoteref) --ignore-case refs/heads/main refs/remotes/main [40ms]
2025-12-30 09:04:52.184 [info] > git for-each-ref --sort -committerdate --format %(refname)%00%(objectname)%00%(*objectname) [34ms]
2025-12-30 09:04:52.184 [info] > git status -z -uall [37ms]
2025-12-30 09:04:59.565 [info] > git config --get commit.template [101ms]
2025-12-30 09:04:59.566 [info] > git for-each-ref --format=%(refname)%00%(upstream:short)%00%(objectname)%00%(upstream:track)%00%(upstream:remotename)%00%(upstream:remoteref) --ignore-case refs/heads/main refs/remotes/main [99ms]
2025-12-30 09:04:59.633 [info] > git status -z -uall [64ms]
2025-12-30 09:04:59.636 [info] > git for-each-ref --sort -committerdate --format %(refname)%00%(objectname)%00%(*objectname) [65ms]
2025-12-30 09:05:02.846 [info] > git fetch [457ms]
2025-12-30 09:05:02.911 [info] > git config --get commit.template [61ms]
2025-12-30 09:05:02.916 [info] > git for-each-ref --format=%(refname)%00%(upstream:short)%00%(objectname)%00%(upstream:track)%00%(upstream:remotename)%00%(upstream:remoteref) --ignore-case refs/heads/main refs/remotes/main [62ms]
2025-12-30 09:05:02.991 [info] > git status -z -uall [74ms]
2025-12-30 09:05:02.998 [info] > git for-each-ref --sort -committerdate --format %(refname)%00%(objectname)%00%(*objectname) [78ms]
2025-12-30 09:05:03.565 [info] > git log --format=%H%n%aN%n%aE%n%at%n%ct%n%P%n%D%n%B -z -n51 --shortstat --follow -- /Users/leifwsogge/Library/Mobile Documents/com~apple~CloudDocs/Space LEAF Corp.global.secure.net/Volcanic-Ash-Dispersion-Module/ash_distribution_plot.py [60ms]
2025-12-30 09:05:04.748 [info] > git for-each-ref --format=%(refname)%00%(upstream:short)%00%(objectname)%00%(upstream:track)%00%(upstream:remotename)%00%(upstream:remoteref) --ignore-case refs/heads/main refs/remotes/main [99ms]
2025-12-30 09:05:04.831 [info] > git config --get commit.template [185ms]
2025-12-30 09:05:04.893 [info] > git status -z -uall [60ms]
2025-12-30 09:05:04.918 [info] > git for-each-ref --sort -committerdate --format %(refname)%00%(objectname)%00%(*objectname) [82ms]
2025-12-30 09:05:10.060 [info] > git for-each-ref --format=%(refname)%00%(upstream:short)%00%(objectname)%00%(upstream:track)%00%(upstream:remotename)%00%(upstream:remoteref) --ignore-case refs/heads/main refs/remotes/main [126ms]
2025-12-30 09:05:10.061 [info] > git config --get commit.template [130ms]
2025-12-30 09:05:10.151 [info] > git status -z -uall [89ms]
2025-12-30 09:05:10.152 [info] > git for-each-ref --sort -committerdate --format %(refname)%00%(objectname)%00%(*objectname) [87ms]
2025-12-30 09:05:15.236 [info] > git config --get commit.template [77ms]
2025-12-30 09:05:15.242 [info] > git for-each-ref --format=%(refname)%00%(upstream:short)%00%(objectname)%00%(upstream:track)%00%(upstream:remotename)%00%(upstream:remoteref) --ignore-case refs/heads/main refs/remotes/main [80ms]
2025-12-30 09:05:15.306 [info] > git for-each-ref --sort -committerdate --format %(refname)%00%(objectname)%00%(*objectname) [55ms]
2025-12-30 09:05:15.309 [info] > git status -z -uall [61ms]
2025-12-30 09:05:20.565 [info] > git config --get commit.template [236ms]
2025-12-30 09:05:20.574 [info] > git for-each-ref --format=%(refname)%00%(upstream:short)%00%(objectname)%00%(upstream:track)%00%(upstream:remotename)%00%(upstream:remoteref) --ignore-case refs/heads/main refs/remotes/main [242ms]
2025-12-30 09:05:20.683 [info] > git for-each-ref --sort -committerdate --format %(refname)%00%(objectname)%00%(*objectname) [105ms]
2025-12-30 09:05:20.684 [info] > git status -z -uall [107ms]
2025-12-30 09:05:25.849 [info] > git config --get commit.template [155ms]
2025-12-30 09:05:25.876 [info] > git for-each-ref --format=%(refname)%00%(upstream:short)%00%(objectname)%00%(upstream:track)%00%(upstream:remotename)%00%(upstream:remoteref) --ignore-case refs/heads/main refs/remotes/main [181ms]
2025-12-30 09:05:25.956 [info] > git status -z -uall [76ms]
2025-12-30 09:05:25.999 [info] > git for-each-ref --sort -committerdate --format %(refname)%00%(objectname)%00%(*objectname) [117ms]
2025-12-30 09:05:31.086 [info] > git config --get commit.template [75ms]
2025-12-30 09:05:31.094 [info] > git for-each-ref --format=%(refname)%00%(upstream:short)%00%(objectname)%00%(upstream:track)%00%(upstream:remotename)%00%(upstream:remoteref) --ignore-case refs/heads/main refs/remotes/main [62ms]
2025-12-30 09:05:31.151 [info] > git for-each-ref --sort -committerdate --format %(refname)%00%(objectname)%00%(*objectname) [53ms]
2025-12-30 09:05:31.152 [info] > git status -z -uall [56ms]
2025-12-30 09:05:36.236 [info] > git config --get commit.template [72ms]
2025-12-30 09:05:36.237 [info] > git for-each-ref --format=%(refname)%00%(upstream:short)%00%(objectname)%00%(upstream:track)%00%(upstream:remotename)%00%(upstream:remoteref) --ignore-case refs/heads/main refs/remotes/main [71ms]
2025-12-30 09:05:36.315 [info] > git for-each-ref --sort -committerdate --format %(refname)%00%(objectname)%00%(*objectname) [71ms]
2025-12-30 09:05:36.317 [info] > git status -z -uall [76ms]
2025-12-30 09:05:41.402 [info] > git config --get commit.template [75ms]
2025-12-30 09:05:41.407 [info] > git for-each-ref --format=%(refname)%00%(upstream:short)%00%(objectname)%00%(upstream:track)%00%(upstream:remotename)%00%(upstream:remoteref) --ignore-case refs/heads/main refs/remotes/main [77ms]
2025-12-30 09:05:41.458 [info] > git for-each-ref --sort -committerdate --format %(refname)%00%(objectname)%00%(*objectname) [47ms]
2025-12-30 09:05:41.459 [info] > git status -z -uall [50ms]
2025-12-30 09:05:45.082 [info] > git log --format=%H%n%aN%n%aE%n%at%n%ct%n%P%n%D%n%B -z -n51 --shortstat --follow -- /Users/leifwsogge/Library/Mobile Documents/com~apple~CloudDocs/Space LEAF Corp.global.secure.net/Volcanic-Ash-Dispersion-Module/ash_dispersion.py [135ms]
2025-12-30 09:05:47.438 [info] > git config --get commit.template [52ms]
2025-12-30 09:05:47.441 [info] > git for-each-ref --format=%(refname)%00%(upstream:short)%00%(objectname)%00%(upstream:track)%00%(upstream:remotename)%00%(upstream:remoteref) --ignore-case refs/heads/main refs/remotes/main [51ms]
2025-12-30 09:05:47.491 [info] > git status -z -uall [48ms]
2025-12-30 09:05:47.492 [info] > git for-each-ref --sort -committerdate --format %(refname)%00%(objectname)%00%(*objectname) [47ms]
2025-12-30 09:05:52.558 [info] > git config --get commit.template [58ms]
2025-12-30 09:05:52.566 [info] > git for-each-ref --format=%(refname)%00%(upstream:short)%00%(objectname)%00%(upstream:track)%00%(upstream:remotename)%00%(upstream:remoteref) --ignore-case refs/heads/main refs/remotes/main [63ms]
2025-12-30 09:05:52.658 [info] > git for-each-ref --sort -committerdate --format %(refname)%00%(objectname)%00%(*objectname) [88ms]
2025-12-30 09:05:52.664 [info] > git status -z -uall [96ms]
2025-12-30 09:05:57.717 [info] > git config --get commit.template [41ms]
2025-12-30 09:05:57.723 [info] > git for-each-ref --format=%(refname)%00%(upstream:short)%00%(objectname)%00%(upstream:track)%00%(upstream:remotename)%00%(upstream:remoteref) --ignore-case refs/heads/main refs/remotes/main [46ms]
2025-12-30 09:05:57.774 [info] > git status -z -uall [48ms]
2025-12-30 09:05:57.774 [info] > git for-each-ref --sort -committerdate --format %(refname)%00%(objectname)%00%(*objectname) [48ms]
2025-12-30 09:06:02.899 [info] > git config --get commit.template [116ms]
2025-12-30 09:06:02.908 [info] > git for-each-ref --format=%(refname)%00%(upstream:short)%00%(objectname)%00%(upstream:track)%00%(upstream:remotename)%00%(upstream:remoteref) --ignore-case refs/heads/main refs/remotes/main [118ms]
2025-12-30 09:06:02.965 [info] > git for-each-ref --sort -committerdate --format %(refname)%00%(objectname)%00%(*objectname) [52ms]
2025-12-30 09:06:02.965 [info] > git status -z -uall [55ms]
2025-12-30 09:06:08.070 [info] > git config --get commit.template [95ms]
2025-12-30 09:06:08.075 [info] > git for-each-ref --format=%(refname)%00%(upstream:short)%00%(objectname)%00%(upstream:track)%00%(upstream:remotename)%00%(upstream:remoteref) --ignore-case refs/heads/main refs/remotes/main [95ms]
2025-12-30 09:06:08.159 [info] > git for-each-ref --sort -committerdate --format %(refname)%00%(objectname)%00%(*objectname) [78ms]
2025-12-30 09:06:08.160 [info] > git status -z -uall [82ms]
2025-12-30 09:06:10.158 [info] > git log --format=%H%n%aN%n%aE%n%at%n%ct%n%P%n%D%n%B -z -n51 --shortstat --follow -- /Users/leifwsogge/Library/Mobile Documents/com~apple~CloudDocs/Space LEAF Corp.global.secure.net/Volcanic-Ash-Dispersion-Module/ash_distribution_plot.py [134ms]
2025-12-30 09:06:13.224 [info] > git config --get commit.template [57ms]
2025-12-30 09:06:13.227 [info] > git for-each-ref --format=%(refname)%00%(upstream:short)%00%(objectname)%00%(upstream:track)%00%(upstream:remotename)%00%(upstream:remoteref) --ignore-case refs/heads/main refs/remotes/main [58ms]
2025-12-30 09:06:13.289 [info] > git for-each-ref --sort -committerdate --format %(refname)%00%(objectname)%00%(*objectname) [58ms]
2025-12-30 09:06:13.292 [info] > git status -z -uall [63ms]
2025-12-30 09:06:18.379 [info] > git config --get commit.template [75ms]
2025-12-30 09:06:18.386 [info] > git for-each-ref --format=%(refname)%00%(upstream:short)%00%(objectname)%00%(upstream:track)%00%(upstream:remotename)%00%(upstream:remoteref) --ignore-case refs/heads/main refs/remotes/main [80ms]
2025-12-30 09:06:18.539 [info] > git for-each-ref --sort -committerdate --format %(refname)%00%(objectname)%00%(*objectname) [133ms]
2025-12-30 09:06:18.559 [info] > git status -z -uall [156ms]
2025-12-30 09:06:23.623 [info] > git config --get commit.template [49ms]
2025-12-30 09:06:23.628 [info] > git for-each-ref --format=%(refname)%00%(upstream:short)%00%(objectname)%00%(upstream:track)%00%(upstream:remotename)%00%(upstream:remoteref) --ignore-case refs/heads/main refs/remotes/main [51ms]
2025-12-30 09:06:23.670 [info] > git for-each-ref --sort -committerdate --format %(refname)%00%(objectname)%00%(*objectname) [39ms]
2025-12-30 09:06:23.672 [info] > git status -z -uall [43ms]
2025-12-30 09:06:54.612 [info] > git config --get commit.template [48ms]
2025-12-30 09:06:54.627 [info] > git for-each-ref --format=%(refname)%00%(upstream:short)%00%(objectname)%00%(upstream:track)%00%(upstream:remotename)%00%(upstream:remoteref) --ignore-case refs/heads/main refs/remotes/main [63ms]
2025-12-30 09:06:54.678 [info] > git for-each-ref --sort -committerdate --format %(refname)%00%(objectname)%00%(*objectname) [48ms]
2025-12-30 09:06:54.684 [info] > git status -z -uall [55ms]
2025-12-30 09:06:59.751 [info] > git for-each-ref --format=%(refname)%00%(upstream:short)%00%(objectname)%00%(upstream:track)%00%(upstream:remotename)%00%(upstream:remoteref) --ignore-case refs/heads/main refs/remotes/main [55ms]
2025-12-30 09:06:59.754 [info] > git config --get commit.template [61ms]
2025-12-30 09:06:59.812 [info] > git status -z -uall [56ms]
2025-12-30 09:06:59.817 [info] > git for-each-ref --sort -committerdate --format %(refname)%00%(objectname)%00%(*objectname) [59ms]
2025-12-30 09:07:04.885 [info] > git config --get commit.template [56ms]
2025-12-30 09:07:04.890 [info] > git for-each-ref --format=%(refname)%00%(upstream:short)%00%(objectname)%00%(upstream:track)%00%(upstream:remotename)%00%(upstream:remoteref) --ignore-case refs/heads/main refs/remotes/main [59ms]
2025-12-30 09:07:04.933 [info] > git for-each-ref --sort -committerdate --format %(refname)%00%(objectname)%00%(*objectname) [40ms]
2025-12-30 09:07:04.934 [info] > git status -z -uall [42ms]
2025-12-30 09:07:09.980 [info] > git config --get commit.template [38ms]
2025-12-30 09:07:09.987 [info] > git for-each-ref --format=%(refname)%00%(upstream:short)%00%(objectname)%00%(upstream:track)%00%(upstream:remotename)%00%(upstream:remoteref) --ignore-case refs/heads/main refs/remotes/main [43ms]
2025-12-30 09:07:10.044 [info] > git for-each-ref --sort -committerdate --format %(refname)%00%(objectname)%00%(*objectname) [52ms]
2025-12-30 09:07:10.045 [info] > git status -z -uall [55ms]
2025-12-30 09:08:03.490 [info] > git fetch [475ms]
2025-12-30 09:08:03.545 [info] > git config --get commit.template [53ms]
2025-12-30 09:08:03.553 [info] > git for-each-ref --format=%(refname)%00%(upstream:short)%00%(objectname)%00%(upstream:track)%00%(upstream:remotename)%00%(upstream:remoteref) --ignore-case refs/heads/main refs/remotes/main [58ms]
2025-12-30 09:08:03.603 [info] > git for-each-ref --sort -committerdate --format %(refname)%00%(objectname)%00%(*objectname) [46ms]
2025-12-30 09:08:03.610 [info] > git status -z -uall [55ms]
2025-12-30 09:08:04.201 [info] > git log --format=%H%n%aN%n%aE%n%at%n%ct%n%P%n%D%n%B -z -n51 --shortstat --follow -- /Users/leifwsogge/Library/Mobile Documents/com~apple~CloudDocs/Space LEAF Corp.global.secure.net/Volcanic-Ash-Dispersion-Module/ash_distribution_plot.py [41ms]
2025-12-30 09:08:04.705 [info] > git config --get commit.template [45ms]
2025-12-30 09:08:04.709 [info] > git for-each-ref --format=%(refname)%00%(upstream:short)%00%(objectname)%00%(upstream:track)%00%(upstream:remotename)%00%(upstream:remoteref) --ignore-case refs/heads/main refs/remotes/main [45ms]
2025-12-30 09:08:04.751 [info] > git for-each-ref --sort -committerdate --format %(refname)%00%(objectname)%00%(*objectname) [39ms]
2025-12-30 09:08:04.752 [info] > git status -z -uall [41ms]
2025-12-30 09:09:36.570 [info] > git config --get commit.template [64ms]
2025-12-30 09:09:36.583 [info] > git for-each-ref --format=%(refname)%00%(upstream:short)%00%(objectname)%00%(upstream:track)%00%(upstream:remotename)%00%(upstream:remoteref) --ignore-case refs/heads/main refs/remotes/main [74ms]
2025-12-30 09:09:36.663 [info] > git for-each-ref --sort -committerdate --format %(refname)%00%(objectname)%00%(*objectname) [74ms]
2025-12-30 09:09:36.668 [info] > git status -z -uall [82ms]
2025-12-30 09:09:42.069 [info] > git for-each-ref --format=%(refname)%00%(upstream:short)%00%(objectname)%00%(upstream:track)%00%(upstream:remotename)%00%(upstream:remoteref) --ignore-case refs/heads/main refs/remotes/main [156ms]
2025-12-30 09:09:42.077 [info] > git config --get commit.template [174ms]
2025-12-30 09:09:42.160 [info] > git status -z -uall [81ms]
2025-12-30 09:09:42.163 [info] > git for-each-ref --sort -committerdate --format %(refname)%00%(objectname)%00%(*objectname) [80ms]
2025-12-30 09:09:51.994 [info] > git config --get commit.template [69ms]
2025-12-30 09:09:52.012 [info] > git for-each-ref --format=%(refname)%00%(upstream:short)%00%(objectname)%00%(upstream:track)%00%(upstream:remotename)%00%(upstream:remoteref) --ignore-case refs/heads/main refs/remotes/main [81ms]
2025-12-30 09:09:52.081 [info] > git status -z -uall [66ms]
2025-12-30 09:09:52.101 [info] > git for-each-ref --sort -committerdate --format %(refname)%00%(objectname)%00%(*objectname) [82ms]
2025-12-30 09:09:57.202 [info] > git config --get commit.template [86ms]
2025-12-30 09:09:57.211 [info] > git for-each-ref --format=%(refname)%00%(upstream:short)%00%(objectname)%00%(upstream:track)%00%(upstream:remotename)%00%(upstream:remoteref) --ignore-case refs/heads/main refs/remotes/main [77ms]
2025-12-30 09:09:57.254 [info] > git status -z -uall [40ms]
2025-12-30 09:09:57.258 [info] > git for-each-ref --sort -committerdate --format %(refname)%00%(objectname)%00%(*objectname) [42ms]
2025-12-30 09:10:09.389 [info] > git config --get commit.template [40ms]
2025-12-30 09:10:09.393 [info] > git for-each-ref --format=%(refname)%00%(upstream:short)%00%(objectname)%00%(upstream:track)%00%(upstream:remotename)%00%(upstream:remoteref) --ignore-case refs/heads/main refs/remotes/main [41ms]
2025-12-30 09:10:09.435 [info] > git for-each-ref --sort -committerdate --format %(refname)%00%(objectname)%00%(*objectname) [38ms]
2025-12-30 09:10:09.435 [info] > git status -z -uall [40ms]
2025-12-30 09:10:14.622 [info] > git config --get commit.template [67ms]
2025-12-30 09:10:14.628 [info] > git for-each-ref --format=%(refname)%00%(upstream:short)%00%(objectname)%00%(upstream:track)%00%(upstream:remotename)%00%(upstream:remoteref) --ignore-case refs/heads/main refs/remotes/main [70ms]
2025-12-30 09:10:14.687 [info] > git for-each-ref --sort -committerdate --format %(refname)%00%(objectname)%00%(*objectname) [54ms]
2025-12-30 09:10:14.690 [info] > git status -z -uall [60ms]
2025-12-30 09:10:20.355 [info] > git config --get commit.template [114ms]
2025-12-30 09:10:20.364 [info] > git for-each-ref --format=%(refname)%00%(upstream:short)%00%(objectname)%00%(upstream:track)%00%(upstream:remotename)%00%(upstream:remoteref) --ignore-case refs/heads/main refs/remotes/main [121ms]
2025-12-30 09:10:20.451 [info] > git status -z -uall [84ms]
2025-12-30 09:10:20.453 [info] > git for-each-ref --sort -committerdate --format %(refname)%00%(objectname)%00%(*objectname) [83ms]
2025-12-30 09:10:25.609 [info] > git config --get commit.template [139ms]
2025-12-30 09:10:25.618 [info] > git for-each-ref --format=%(refname)%00%(upstream:short)%00%(objectname)%00%(upstream:track)%00%(upstream:remotename)%00%(upstream:remoteref) --ignore-case refs/heads/main refs/remotes/main [144ms]
2025-12-30 09:10:25.713 [info] > git for-each-ref --sort -committerdate --format %(refname)%00%(objectname)%00%(*objectname) [89ms]
2025-12-30 09:10:25.716 [info] > git status -z -uall [95ms]
2025-12-30 09:10:33.835 [info] > git config --get commit.template [81ms]
2025-12-30 09:10:33.838 [info] > git for-each-ref --format=%(refname)%00%(upstream:short)%00%(objectname)%00%(upstream:track)%00%(upstream:remotename)%00%(upstream:remoteref) --ignore-case refs/heads/main refs/remotes/main [81ms]
2025-12-30 09:10:33.938 [info] > git for-each-ref --sort -committerdate --format %(refname)%00%(objectname)%00%(*objectname) [88ms]
2025-12-30 09:10:33.942 [info] > git status -z -uall [97ms]
2025-12-30 09:10:39.052 [info] > git config --get commit.template [81ms]
2025-12-30 09:10:39.066 [info] > git for-each-ref --format=%(refname)%00%(upstream:short)%00%(objectname)%00%(upstream:track)%00%(upstream:remotename)%00%(upstream:remoteref) --ignore-case refs/heads/main refs/remotes/main [69ms]
2025-12-30 09:10:39.135 [info] > git for-each-ref --sort -committerdate --format %(refname)%00%(objectname)%00%(*objectname) [65ms]
2025-12-30 09:10:39.136 [info] > git status -z -uall [68ms]
2025-12-30 09:10:44.201 [info] > git config --get commit.template [51ms]
2025-12-30 09:10:44.204 [info] > git for-each-ref --format=%(refname)%00%(upstream:short)%00%(objectname)%00%(upstream:track)%00%(upstream:remotename)%00%(upstream:remoteref) --ignore-case refs/heads/main refs/remotes/main [50ms]
2025-12-30 09:10:44.262 [info] > git for-each-ref --sort -committerdate --format %(refname)%00%(objectname)%00%(*objectname) [53ms]
2025-12-30 09:10:44.263 [info] > git status -z -uall [56ms]
2025-12-30 09:10:47.722 [info] > git log --format=%H%n%aN%n%aE%n%at%n%ct%n%P%n%D%n%B -z -n51 --shortstat --follow -- /Users/leifwsogge/Library/Mobile Documents/com~apple~CloudDocs/Space LEAF Corp.global.secure.net/Volcanic-Ash-Dispersion-Module/ocean_deposition.py [59ms]
2025-12-30 09:10:48.795 [info] > git log --format=%H%n%aN%n%aE%n%at%n%ct%n%P%n%D%n%B -z -n51 --shortstat --follow -- /Users/leifwsogge/Library/Mobile Documents/com~apple~CloudDocs/Space LEAF Corp.global.secure.net/Volcanic-Ash-Dispersion-Module/main.py [90ms]
2025-12-30 09:10:49.326 [info] > git config --get commit.template [57ms]
2025-12-30 09:10:49.337 [info] > git for-each-ref --format=%(refname)%00%(upstream:short)%00%(objectname)%00%(upstream:track)%00%(upstream:remotename)%00%(upstream:remoteref) --ignore-case refs/heads/main refs/remotes/main [66ms]
2025-12-30 09:10:49.413 [info] > git status -z -uall [73ms]
2025-12-30 09:10:49.416 [info] > git for-each-ref --sort -committerdate --format %(refname)%00%(objectname)%00%(*objectname) [73ms]
2025-12-30 09:10:55.726 [info] > git config --get commit.template [43ms]
2025-12-30 09:10:55.731 [info] > git for-each-ref --format=%(refname)%00%(upstream:short)%00%(objectname)%00%(upstream:track)%00%(upstream:remotename)%00%(upstream:remoteref) --ignore-case refs/heads/main refs/remotes/main [46ms]
2025-12-30 09:10:55.776 [info] > git status -z -uall [44ms]
2025-12-30 09:10:55.777 [info] > git for-each-ref --sort -committerdate --format %(refname)%00%(objectname)%00%(*objectname) [43ms]
2025-12-30 09:11:02.138 [info] > git config --get commit.template [101ms]
2025-12-30 09:11:02.142 [info] > git for-each-ref --format=%(refname)%00%(upstream:short)%00%(objectname)%00%(upstream:track)%00%(upstream:remotename)%00%(upstream:remoteref) --ignore-case refs/heads/main refs/remotes/main [94ms]
2025-12-30 09:11:02.216 [info] > git for-each-ref --sort -committerdate --format %(refname)%00%(objectname)%00%(*objectname) [68ms]
2025-12-30 09:11:02.220 [info] > git status -z -uall [74ms]
2025-12-30 09:11:27.201 [info] > git log --format=%H%n%aN%n%aE%n%at%n%ct%n%P%n%D%n%B -z -n51 --shortstat --follow -- /Users/leifwsogge/Library/Mobile Documents/com~apple~CloudDocs/Space LEAF Corp.global.secure.net/Volcanic-Ash-Dispersion-Module/main.py [87ms]
2025-12-30 09:11:29.219 [info] > git log --format=%H%n%aN%n%aE%n%at%n%ct%n%P%n%D%n%B -z -n51 --shortstat --follow -- /Users/leifwsogge/Library/Mobile Documents/com~apple~CloudDocs/Space LEAF Corp.global.secure.net/Volcanic-Ash-Dispersion-Module/main.py [71ms]
2025-12-30 09:11:32.015 [info] > git log --format=%H%n%aN%n%aE%n%at%n%ct%n%P%n%D%n%B -z -n51 --shortstat --follow -- /Users/leifwsogge/Library/Mobile Documents/com~apple~CloudDocs/Space LEAF Corp.global.secure.net/Volcanic-Ash-Dispersion-Module/main.py [67ms]
2025-12-30 09:11:33.077 [info] > git log --format=%H%n%aN%n%aE%n%at%n%ct%n%P%n%D%n%B -z -n51 --shortstat --follow -- /Users/leifwsogge/Library/Mobile Documents/com~apple~CloudDocs/Space LEAF Corp.global.secure.net/Volcanic-Ash-Dispersion-Module/main.py [78ms]
2025-12-30 09:11:33.598 [info] > git log --format=%H%n%aN%n%aE%n%at%n%ct%n%P%n%D%n%B -z -n51 --shortstat --follow -- /Users/leifwsogge/Library/Mobile Documents/com~apple~CloudDocs/Space LEAF Corp.global.secure.net/Volcanic-Ash-Dispersion-Module/main.py [71ms]
2025-12-30 09:11:37.524 [info] > git log --format=%H%n%aN%n%aE%n%at%n%ct%n%P%n%D%n%B -z -n51 --shortstat --follow -- /Users/leifwsogge/Library/Mobile Documents/com~apple~CloudDocs/Space LEAF Corp.global.secure.net/Volcanic-Ash-Dispersion-Module/main.py [65ms]
2025-12-30 09:11:39.296 [info] > git rev-list --count e3f86fb306257216b53118536a9d3beabf5a5328.. -- /Users/leifwsogge/Library/Mobile Documents/com~apple~CloudDocs/Space LEAF Corp.global.secure.net/Volcanic-Ash-Dispersion-Module/main.py [525ms]
2025-12-30 09:11:39.499 [info] > git log --format=%H%n%aN%n%aE%n%at%n%ct%n%P%n%D%n%B -z -n2 --shortstat --follow -- /Users/leifwsogge/Library/Mobile Documents/com~apple~CloudDocs/Space LEAF Corp.global.secure.net/Volcanic-Ash-Dispersion-Module/main.py [199ms]
2025-12-30 09:11:46.111 [info] > git rev-list --count e3f86fb306257216b53118536a9d3beabf5a5328.. -- /Users/leifwsogge/Library/Mobile Documents/com~apple~CloudDocs/Space LEAF Corp.global.secure.net/Volcanic-Ash-Dispersion-Module/main.py [108ms]
2025-12-30 09:11:46.260 [info] > git log --format=%H%n%aN%n%aE%n%at%n%ct%n%P%n%D%n%B -z -n2 --shortstat --follow -- /Users/leifwsogge/Library/Mobile Documents/com~apple~CloudDocs/Space LEAF Corp.global.secure.net/Volcanic-Ash-Dispersion-Module/main.py [147ms]
2025-12-30 09:11:49.588 [info] > git rev-list --count e3f86fb306257216b53118536a9d3beabf5a5328.. -- /Users/leifwsogge/Library/Mobile Documents/com~apple~CloudDocs/Space LEAF Corp.global.secure.net/Volcanic-Ash-Dispersion-Module/main.py [138ms]
2025-12-30 09:11:49.699 [info] > git log --format=%H%n%aN%n%aE%n%at%n%ct%n%P%n%D%n%B -z -n2 --shortstat --follow -- /Users/leifwsogge/Library/Mobile Documents/com~apple~CloudDocs/Space LEAF Corp.global.secure.net/Volcanic-Ash-Dispersion-Module/main.py [109ms]
2025-12-30 09:12:03.299 [info] > git rev-list --count e3f86fb306257216b53118536a9d3beabf5a5328.. -- /Users/leifwsogge/Library/Mobile Documents/com~apple~CloudDocs/Space LEAF Corp.global.secure.net/Volcanic-Ash-Dispersion-Module/main.py [153ms]
2025-12-30 09:12:03.598 [info] > git log --format=%H%n%aN%n%aE%n%at%n%ct%n%P%n%D%n%B -z -n2 --shortstat --follow -- /Users/leifwsogge/Library/Mobile Documents/com~apple~CloudDocs/Space LEAF Corp.global.secure.net/Volcanic-Ash-Dispersion-Module/main.py [295ms]
2025-12-30 09:12:05.786 [info] > git rev-list --count e3f86fb306257216b53118536a9d3beabf5a5328.. -- /Users/leifwsogge/Library/Mobile Documents/com~apple~CloudDocs/Space LEAF Corp.global.secure.net/Volcanic-Ash-Dispersion-Module/main.py [71ms]
2025-12-30 09:12:05.881 [info] > git log --format=%H%n%aN%n%aE%n%at%n%ct%n%P%n%D%n%B -z -n2 --shortstat --follow -- /Users/leifwsogge/Library/Mobile Documents/com~apple~CloudDocs/Space LEAF Corp.global.secure.net/Volcanic-Ash-Dispersion-Module/main.py [93ms]
2025-12-30 09:12:08.850 [info] > git rev-list --count e3f86fb306257216b53118536a9d3beabf5a5328.. -- /Users/leifwsogge/Library/Mobile Documents/com~apple~CloudDocs/Space LEAF Corp.global.secure.net/Volcanic-Ash-Dispersion-Module/main.py [94ms]
2025-12-30 09:12:08.922 [info] > git log --format=%H%n%aN%n%aE%n%at%n%ct%n%P%n%D%n%B -z -n2 --shortstat --follow -- /Users/leifwsogge/Library/Mobile Documents/com~apple~CloudDocs/Space LEAF Corp.global.secure.net/Volcanic-Ash-Dispersion-Module/main.py [69ms]
2025-12-30 09:12:12.133 [info] > git config --get commit.template [991ms]
2025-12-30 09:12:12.146 [info] > git for-each-ref --format=%(refname)%00%(upstream:short)%00%(objectname)%00%(upstream:track)%00%(upstream:remotename)%00%(upstream:remoteref) --ignore-case refs/heads/main refs/remotes/main [824ms]
2025-12-30 09:12:12.357 [info] > git for-each-ref --sort -committerdate --format %(refname)%00%(objectname)%00%(*objectname) [201ms]
2025-12-30 09:12:12.404 [info] > git status -z -uall [251ms]
2025-12-30 09:12:12.709 [info] > git merge-base refs/heads/main refs/remotes/origin/main [283ms]
2025-12-30 09:12:12.916 [info] > git config --local -l [210ms]
2025-12-30 09:12:12.943 [info] > git diff --name-status -z --diff-filter=ADMR --find-renames=50% e3f86fb306257216b53118536a9d3beabf5a5328...refs/remotes/origin/main -- [230ms]
2025-12-30 09:12:13.211 [info] > git fetch [2864ms]
2025-12-30 09:12:13.308 [info] > git config --get commit.template [93ms]
2025-12-30 09:12:13.309 [info] > git for-each-ref --format=%(refname)%00%(upstream:short)%00%(objectname)%00%(upstream:track)%00%(upstream:remotename)%00%(upstream:remoteref) --ignore-case refs/heads/main refs/remotes/main [86ms]
2025-12-30 09:12:13.396 [info] > git for-each-ref --sort -committerdate --format %(refname)%00%(objectname)%00%(*objectname) [82ms]
2025-12-30 09:12:13.397 [info] > git status -z -uall [85ms]
2025-12-30 09:12:13.430 [info] > git rev-list --count e3f86fb306257216b53118536a9d3beabf5a5328.. -- /Users/leifwsogge/Library/Mobile Documents/com~apple~CloudDocs/Space LEAF Corp.global.secure.net/Volcanic-Ash-Dispersion-Module/main.py [71ms]
2025-12-30 09:12:13.511 [info] > git log --format=%H%n%aN%n%aE%n%at%n%ct%n%P%n%D%n%B -z -n2 --shortstat --follow -- /Users/leifwsogge/Library/Mobile Documents/com~apple~CloudDocs/Space LEAF Corp.global.secure.net/Volcanic-Ash-Dispersion-Module/main.py [78ms]
2025-12-30 09:12:13.516 [info] > git show --textconv :main.py [71ms]
2025-12-30 09:12:13.540 [info] > git ls-files --stage -- main.py [92ms]
2025-12-30 09:12:13.649 [info] > git cat-file -s 31e179e10955d570423760cb4814652910902c0b [106ms]
2025-12-30 09:12:13.980 [info] > git blame --root --incremental e3f86fb306257216b53118536a9d3beabf5a5328 -- main.py [65ms]
2025-12-30 09:12:13.993 [info] > git rev-list --count e3f86fb306257216b53118536a9d3beabf5a5328.. -- /Users/leifwsogge/Library/Mobile Documents/com~apple~CloudDocs/Space LEAF Corp.global.secure.net/Volcanic-Ash-Dispersion-Module/main.py [64ms]
2025-12-30 09:12:14.061 [info] > git log --format=%H%n%aN%n%aE%n%at%n%ct%n%P%n%D%n%B -z -n2 --shortstat --follow -- /Users/leifwsogge/Library/Mobile Documents/com~apple~CloudDocs/Space LEAF Corp.global.secure.net/Volcanic-Ash-Dispersion-Module/main.py [65ms]
2025-12-30 09:12:14.481 [info] > git ls-files --stage -- main.py [50ms]
2025-12-30 09:12:14.531 [info] > git cat-file -s 31e179e10955d570423760cb4814652910902c0b [49ms]
2025-12-30 09:12:14.577 [info] > git show --textconv :main.py [42ms]
2025-12-30 09:12:16.668 [info] > git rev-list --count e3f86fb306257216b53118536a9d3beabf5a5328.. -- /Users/leifwsogge/Library/Mobile Documents/com~apple~CloudDocs/Space LEAF Corp.global.secure.net/Volcanic-Ash-Dispersion-Module/main.py [66ms]
2025-12-30 09:12:16.747 [info] > git log --format=%H%n%aN%n%aE%n%at%n%ct%n%P%n%D%n%B -z -n2 --shortstat --follow -- /Users/leifwsogge/Library/Mobile Documents/com~apple~CloudDocs/Space LEAF Corp.global.secure.net/Volcanic-Ash-Dispersion-Module/main.py [76ms]
2025-12-30 09:12:17.338 [info] > git ls-files --stage -- main.py [129ms]
2025-12-30 09:12:17.424 [info] > git cat-file -s 31e179e10955d570423760cb4814652910902c0b [83ms]
2025-12-30 09:12:17.540 [info] > git show --textconv :main.py [103ms]
2025-12-30 09:12:17.544 [info] > git for-each-ref --format=%(refname)%00%(upstream:short)%00%(objectname)%00%(upstream:track)%00%(upstream:remotename)%00%(upstream:remoteref) --ignore-case refs/heads/main refs/remotes/main [103ms]
2025-12-30 09:12:17.570 [info] > git config --get commit.template [136ms]
2025-12-30 09:12:17.625 [info] > git status -z -uall [52ms]
2025-12-30 09:12:17.628 [info] > git for-each-ref --sort -committerdate --format %(refname)%00%(objectname)%00%(*objectname) [52ms]
2025-12-30 09:14:09.232 [info] > git rev-list --count e3f86fb306257216b53118536a9d3beabf5a5328.. -- /Users/leifwsogge/Library/Mobile Documents/com~apple~CloudDocs/Space LEAF Corp.global.secure.net/Volcanic-Ash-Dispersion-Module/main.py [58ms]
2025-12-30 09:14:09.292 [info] > git log --format=%H%n%aN%n%aE%n%at%n%ct%n%P%n%D%n%B -z -n2 --shortstat --follow -- /Users/leifwsogge/Library/Mobile Documents/com~apple~CloudDocs/Space LEAF Corp.global.secure.net/Volcanic-Ash-Dispersion-Module/main.py [56ms]
2025-12-30 09:14:09.711 [info] > git config --get commit.template [36ms]
2025-12-30 09:14:09.715 [info] > git for-each-ref --format=%(refname)%00%(upstream:short)%00%(objectname)%00%(upstream:track)%00%(upstream:remotename)%00%(upstream:remoteref) --ignore-case refs/heads/main refs/remotes/main [38ms]
2025-12-30 09:14:09.755 [info] > git status -z -uall [38ms]
2025-12-30 09:14:09.756 [info] > git for-each-ref --sort -committerdate --format %(refname)%00%(objectname)%00%(*objectname) [37ms]
2025-12-30 09:14:09.805 [info] > git ls-files --stage -- main.py [32ms]
2025-12-30 09:14:09.838 [info] > git cat-file -s 31e179e10955d570423760cb4814652910902c0b [32ms]
2025-12-30 09:14:09.885 [info] > git show --textconv :main.py [43ms]
2025-12-30 09:14:10.770 [info] > git rev-list --count e3f86fb306257216b53118536a9d3beabf5a5328.. -- /Users/leifwsogge/Library/Mobile Documents/com~apple~CloudDocs/Space LEAF Corp.global.secure.net/Volcanic-Ash-Dispersion-Module/main.py [167ms]
2025-12-30 09:14:10.831 [info] > git log --format=%H%n%aN%n%aE%n%at%n%ct%n%P%n%D%n%B -z -n2 --shortstat --follow -- /Users/leifwsogge/Library/Mobile Documents/com~apple~CloudDocs/Space LEAF Corp.global.secure.net/Volcanic-Ash-Dispersion-Module/main.py [59ms]
2025-12-30 09:14:11.242 [info] > git ls-files --stage -- main.py [39ms]
2025-12-30 09:14:11.289 [info] > git cat-file -s 31e179e10955d570423760cb4814652910902c0b [46ms]
2025-12-30 09:14:11.328 [info] > git show --textconv :main.py [35ms]
2025-12-30 09:14:14.813 [info] > git config --get commit.template [45ms]
2025-12-30 09:14:14.816 [info] > git for-each-ref --format=%(refname)%00%(upstream:short)%00%(objectname)%00%(upstream:track)%00%(upstream:remotename)%00%(upstream:remoteref) --ignore-case refs/heads/main refs/remotes/main [45ms]
2025-12-30 09:14:14.859 [info] > git status -z -uall [42ms]
2025-12-30 09:14:14.859 [info] > git for-each-ref --sort -committerdate --format %(refname)%00%(objectname)%00%(*objectname) [40ms]
2025-12-30 09:15:13.923 [info] > git fetch [510ms]
2025-12-30 09:15:13.961 [info] > git config --get commit.template [36ms]
2025-12-30 09:15:13.964 [info] > git for-each-ref --format=%(refname)%00%(upstream:short)%00%(objectname)%00%(upstream:track)%00%(upstream:remotename)%00%(upstream:remoteref) --ignore-case refs/heads/main refs/remotes/main [38ms]
2025-12-30 09:15:14.006 [info] > git status -z -uall [40ms]
2025-12-30 09:15:14.011 [info] > git for-each-ref --sort -committerdate --format %(refname)%00%(objectname)%00%(*objectname) [43ms]
2025-12-30 09:15:14.652 [info] > git rev-list --count e3f86fb306257216b53118536a9d3beabf5a5328.. -- /Users/leifwsogge/Library/Mobile Documents/com~apple~CloudDocs/Space LEAF Corp.global.secure.net/Volcanic-Ash-Dispersion-Module/main.py [43ms]
2025-12-30 09:15:14.697 [info] > git log --format=%H%n%aN%n%aE%n%at%n%ct%n%P%n%D%n%B -z -n2 --shortstat --follow -- /Users/leifwsogge/Library/Mobile Documents/com~apple~CloudDocs/Space LEAF Corp.global.secure.net/Volcanic-Ash-Dispersion-Module/main.py [44ms]
2025-12-30 09:15:15.148 [info] > git config --get commit.template [42ms]
2025-12-30 09:15:15.152 [info] > git for-each-ref --format=%(refname)%00%(upstream:short)%00%(objectname)%00%(upstream:track)%00%(upstream:remotename)%00%(upstream:remoteref) --ignore-case refs/heads/main refs/remotes/main [44ms]
2025-12-30 09:15:15.195 [info] > git status -z -uall [40ms]
2025-12-30 09:15:15.196 [info] > git for-each-ref --sort -committerdate --format %(refname)%00%(objectname)%00%(*objectname) [39ms]
2025-12-30 09:15:15.241 [info] > git ls-files --stage -- main.py [31ms]
2025-12-30 09:15:15.280 [info] > git cat-file -s 31e179e10955d570423760cb4814652910902c0b [38ms]
2025-12-30 09:15:15.319 [info] > git show --textconv :main.py [36ms]
2025-12-30 09:18:14.487 [info] > git fetch [566ms]
2025-12-30 09:18:14.541 [info] > git config --get commit.template [45ms]
2025-12-30 09:18:14.548 [info] > git for-each-ref --format=%(refname)%00%(upstream:short)%00%(objectname)%00%(upstream:track)%00%(upstream:remotename)%00%(upstream:remoteref) --ignore-case refs/heads/main refs/remotes/main [49ms]
2025-12-30 09:18:14.607 [info] > git for-each-ref --sort -committerdate --format %(refname)%00%(objectname)%00%(*objectname) [50ms]
2025-12-30 09:18:14.612 [info] > git status -z -uall [59ms]
2025-12-30 09:18:15.261 [info] > git rev-list --count e3f86fb306257216b53118536a9d3beabf5a5328.. -- /Users/leifwsogge/Library/Mobile Documents/com~apple~CloudDocs/Space LEAF Corp.global.secure.net/Volcanic-Ash-Dispersion-Module/main.py [69ms]
2025-12-30 09:18:15.346 [info] > git log --format=%H%n%aN%n%aE%n%at%n%ct%n%P%n%D%n%B -z -n2 --shortstat --follow -- /Users/leifwsogge/Library/Mobile Documents/com~apple~CloudDocs/Space LEAF Corp.global.secure.net/Volcanic-Ash-Dispersion-Module/main.py [80ms]
2025-12-30 09:18:15.712 [info] > git config --get commit.template [44ms]
2025-12-30 09:18:15.714 [info] > git for-each-ref --format=%(refname)%00%(upstream:short)%00%(objectname)%00%(upstream:track)%00%(upstream:remotename)%00%(upstream:remoteref) --ignore-case refs/heads/main refs/remotes/main [44ms]
2025-12-30 09:18:15.757 [info] > git status -z -uall [41ms]
2025-12-30 09:18:15.770 [info] > git for-each-ref --sort -committerdate --format %(refname)%00%(objectname)%00%(*objectname) [53ms]
2025-12-30 09:18:15.823 [info] > git ls-files --stage -- main.py [53ms]
2025-12-30 09:18:15.859 [info] > git cat-file -s 31e179e10955d570423760cb4814652910902c0b [35ms]
2025-12-30 09:18:15.888 [info] > git show --textconv :main.py [26ms]
2025-12-30 09:21:15.198 [info] > git fetch [550ms]
2025-12-30 09:21:15.239 [info] > git config --get commit.template [36ms]
2025-12-30 09:21:15.244 [info] > git for-each-ref --format=%(refname)%00%(upstream:short)%00%(objectname)%00%(upstream:track)%00%(upstream:remotename)%00%(upstream:remoteref) --ignore-case refs/heads/main refs/remotes/main [38ms]
2025-12-30 09:21:15.295 [info] > git for-each-ref --sort -committerdate --format %(refname)%00%(objectname)%00%(*objectname) [48ms]
2025-12-30 09:21:15.295 [info] > git status -z -uall [50ms]
2025-12-30 09:21:15.894 [info] > git rev-list --count e3f86fb306257216b53118536a9d3beabf5a5328.. -- /Users/leifwsogge/Library/Mobile Documents/com~apple~CloudDocs/Space LEAF Corp.global.secure.net/Volcanic-Ash-Dispersion-Module/main.py [46ms]
2025-12-30 09:21:15.947 [info] > git log --format=%H%n%aN%n%aE%n%at%n%ct%n%P%n%D%n%B -z -n2 --shortstat --follow -- /Users/leifwsogge/Library/Mobile Documents/com~apple~CloudDocs/Space LEAF Corp.global.secure.net/Volcanic-Ash-Dispersion-Module/main.py [50ms]
2025-12-30 09:21:16.391 [info] > git config --get commit.template [37ms]
2025-12-30 09:21:16.397 [info] > git for-each-ref --format=%(refname)%00%(upstream:short)%00%(objectname)%00%(upstream:track)%00%(upstream:remotename)%00%(upstream:remoteref) --ignore-case refs/heads/main refs/remotes/main [40ms]
2025-12-30 09:21:16.440 [info] > git for-each-ref --sort -committerdate --format %(refname)%00%(objectname)%00%(*objectname) [40ms]
2025-12-30 09:21:16.445 [info] > git status -z -uall [46ms]
2025-12-30 09:21:16.489 [info] > git ls-files --stage -- main.py [37ms]
2025-12-30 09:21:16.528 [info] > git cat-file -s 31e179e10955d570423760cb4814652910902c0b [38ms]
2025-12-30 09:21:16.572 [info] > git show --textconv :main.py [42ms]
2025-12-30 09:24:15.773 [info] > git fetch [462ms]
2025-12-30 09:24:15.878 [info] > git config --get commit.template [100ms]
2025-12-30 09:24:15.881 [info] > git for-each-ref --format=%(refname)%00%(upstream:short)%00%(objectname)%00%(upstream:track)%00%(upstream:remotename)%00%(upstream:remoteref) --ignore-case refs/heads/main refs/remotes/main [99ms]
2025-12-30 09:24:15.958 [info] > git status -z -uall [69ms]
2025-12-30 09:24:15.980 [info] > git for-each-ref --sort -committerdate --format %(refname)%00%(objectname)%00%(*objectname) [89ms]
2025-12-30 09:24:16.545 [info] > git rev-list --count e3f86fb306257216b53118536a9d3beabf5a5328.. -- /Users/leifwsogge/Library/Mobile Documents/com~apple~CloudDocs/Space LEAF Corp.global.secure.net/Volcanic-Ash-Dispersion-Module/main.py [50ms]
2025-12-30 09:24:16.606 [info] > git log --format=%H%n%aN%n%aE%n%at%n%ct%n%P%n%D%n%B -z -n2 --shortstat --follow -- /Users/leifwsogge/Library/Mobile Documents/com~apple~CloudDocs/Space LEAF Corp.global.secure.net/Volcanic-Ash-Dispersion-Module/main.py [59ms]
2025-12-30 09:24:17.095 [info] > git ls-files --stage -- main.py [41ms]
2025-12-30 09:24:17.135 [info] > git cat-file -s 31e179e10955d570423760cb4814652910902c0b [38ms]
2025-12-30 09:24:17.188 [info] > git show --textconv :main.py [50ms]
2025-12-30 09:27:16.756 [info] > git fetch [726ms]
2025-12-30 09:27:16.811 [info] > git config --get commit.template [48ms]
2025-12-30 09:27:16.820 [info] > git for-each-ref --format=%(refname)%00%(upstream:short)%00%(objectname)%00%(upstream:track)%00%(upstream:remotename)%00%(upstream:remoteref) --ignore-case refs/heads/main refs/remotes/main [49ms]
2025-12-30 09:27:16.883 [info] > git for-each-ref --sort -committerdate --format %(refname)%00%(objectname)%00%(*objectname) [57ms]
2025-12-30 09:27:16.884 [info] > git status -z -uall [61ms]
2025-12-30 09:27:17.462 [info] > git rev-list --count e3f86fb306257216b53118536a9d3beabf5a5328.. -- /Users/leifwsogge/Library/Mobile Documents/com~apple~CloudDocs/Space LEAF Corp.global.secure.net/Volcanic-Ash-Dispersion-Module/main.py [54ms]
2025-12-30 09:27:17.512 [info] > git log --format=%H%n%aN%n%aE%n%at%n%ct%n%P%n%D%n%B -z -n2 --shortstat --follow -- /Users/leifwsogge/Library/Mobile Documents/com~apple~CloudDocs/Space LEAF Corp.global.secure.net/Volcanic-Ash-Dispersion-Module/main.py [47ms]
2025-12-30 09:27:17.947 [info] > git config --get commit.template [41ms]
2025-12-30 09:27:17.951 [info] > git for-each-ref --format=%(refname)%00%(upstream:short)%00%(objectname)%00%(upstream:track)%00%(upstream:remotename)%00%(upstream:remoteref) --ignore-case refs/heads/main refs/remotes/main [43ms]
2025-12-30 09:27:18.005 [info] > git status -z -uall [46ms]
2025-12-30 09:27:18.007 [info] > git for-each-ref --sort -committerdate --format %(refname)%00%(objectname)%00%(*objectname) [46ms]
2025-12-30 09:27:18.049 [info] > git ls-files --stage -- main.py [45ms]
2025-12-30 09:27:18.087 [info] > git cat-file -s 31e179e10955d570423760cb4814652910902c0b [37ms]
2025-12-30 09:27:18.130 [info] > git show --textconv :main.py [40ms]
2025-12-30 09:30:17.442 [info] > git fetch [536ms]
2025-12-30 09:30:17.492 [info] > git for-each-ref --format=%(refname)%00%(upstream:short)%00%(objectname)%00%(upstream:track)%00%(upstream:remotename)%00%(upstream:remoteref) --ignore-case refs/heads/main refs/remotes/main [43ms]
2025-12-30 09:30:17.492 [info] > git config --get commit.template [45ms]
2025-12-30 09:30:17.542 [info] > git for-each-ref --sort -committerdate --format %(refname)%00%(objectname)%00%(*objectname) [45ms]
2025-12-30 09:30:17.543 [info] > git status -z -uall [48ms]
2025-12-30 09:30:18.363 [info] > git rev-list --count e3f86fb306257216b53118536a9d3beabf5a5328.. -- /Users/leifwsogge/Library/Mobile Documents/com~apple~CloudDocs/Space LEAF Corp.global.secure.net/Volcanic-Ash-Dispersion-Module/main.py [267ms]
2025-12-30 09:30:18.446 [info] > git log --format=%H%n%aN%n%aE%n%at%n%ct%n%P%n%D%n%B -z -n2 --shortstat --follow -- /Users/leifwsogge/Library/Mobile Documents/com~apple~CloudDocs/Space LEAF Corp.global.secure.net/Volcanic-Ash-Dispersion-Module/main.py [80ms]
2025-12-30 09:30:18.640 [info] > git config --get commit.template [49ms]
2025-12-30 09:30:18.651 [info] > git for-each-ref --format=%(refname)%00%(upstream:short)%00%(objectname)%00%(upstream:track)%00%(upstream:remotename)%00%(upstream:remoteref) --ignore-case refs/heads/main refs/remotes/main [57ms]
2025-12-30 09:30:18.702 [info] > git status -z -uall [48ms]
2025-12-30 09:30:18.705 [info] > git for-each-ref --sort -committerdate --format %(refname)%00%(objectname)%00%(*objectname) [48ms]
2025-12-30 09:30:18.782 [info] > git ls-files --stage -- main.py [46ms]
2025-12-30 09:30:18.848 [info] > git cat-file -s 31e179e10955d570423760cb4814652910902c0b [58ms]
2025-12-30 09:30:18.903 [info] > git show --textconv :main.py [48ms]
2025-12-30 09:33:18.100 [info] > git fetch [535ms]
2025-12-30 09:33:18.145 [info] > git config --get commit.template [43ms]
2025-12-30 09:33:18.149 [info] > git for-each-ref --format=%(refname)%00%(upstream:short)%00%(objectname)%00%(upstream:track)%00%(upstream:remotename)%00%(upstream:remoteref) --ignore-case refs/heads/main refs/remotes/main [46ms]
2025-12-30 09:33:18.200 [info] > git for-each-ref --sort -committerdate --format %(refname)%00%(objectname)%00%(*objectname) [47ms]
2025-12-30 09:33:18.202 [info] > git status -z -uall [51ms]
2025-12-30 09:33:18.804 [info] > git rev-list --count e3f86fb306257216b53118536a9d3beabf5a5328.. -- /Users/leifwsogge/Library/Mobile Documents/com~apple~CloudDocs/Space LEAF Corp.global.secure.net/Volcanic-Ash-Dispersion-Module/main.py [54ms]
2025-12-30 09:33:18.846 [info] > git log --format=%H%n%aN%n%aE%n%at%n%ct%n%P%n%D%n%B -z -n2 --shortstat --follow -- /Users/leifwsogge/Library/Mobile Documents/com~apple~CloudDocs/Space LEAF Corp.global.secure.net/Volcanic-Ash-Dispersion-Module/main.py [41ms]
2025-12-30 09:33:19.293 [info] > git config --get commit.template [42ms]
2025-12-30 09:33:19.296 [info] > git for-each-ref --format=%(refname)%00%(upstream:short)%00%(objectname)%00%(upstream:track)%00%(upstream:remotename)%00%(upstream:remoteref) --ignore-case refs/heads/main refs/remotes/main [42ms]
2025-12-30 09:33:19.336 [info] > git status -z -uall [38ms]
2025-12-30 09:33:19.337 [info] > git for-each-ref --sort -committerdate --format %(refname)%00%(objectname)%00%(*objectname) [38ms]
2025-12-30 09:33:19.391 [info] > git ls-files --stage -- main.py [35ms]
2025-12-30 09:33:19.428 [info] > git cat-file -s 31e179e10955d570423760cb4814652910902c0b [36ms]
2025-12-30 09:33:19.461 [info] > git show --textconv :main.py [30ms]
2025-12-30 09:36:18.633 [info] > git fetch [410ms]
2025-12-30 09:36:18.666 [info] > git config --get commit.template [31ms]
2025-12-30 09:36:18.670 [info] > git for-each-ref --format=%(refname)%00%(upstream:short)%00%(objectname)%00%(upstream:track)%00%(upstream:remotename)%00%(upstream:remoteref) --ignore-case refs/heads/main refs/remotes/main [34ms]
2025-12-30 09:36:18.728 [info] > git status -z -uall [55ms]
2025-12-30 09:36:18.730 [info] > git for-each-ref --sort -committerdate --format %(refname)%00%(objectname)%00%(*objectname) [54ms]
2025-12-30 09:36:19.345 [info] > git rev-list --count e3f86fb306257216b53118536a9d3beabf5a5328.. -- /Users/leifwsogge/Library/Mobile Documents/com~apple~CloudDocs/Space LEAF Corp.global.secure.net/Volcanic-Ash-Dispersion-Module/main.py [48ms]
2025-12-30 09:36:19.395 [info] > git log --format=%H%n%aN%n%aE%n%at%n%ct%n%P%n%D%n%B -z -n2 --shortstat --follow -- /Users/leifwsogge/Library/Mobile Documents/com~apple~CloudDocs/Space LEAF Corp.global.secure.net/Volcanic-Ash-Dispersion-Module/main.py [47ms]
2025-12-30 09:36:19.828 [info] > git config --get commit.template [38ms]
2025-12-30 09:36:19.831 [info] > git for-each-ref --format=%(refname)%00%(upstream:short)%00%(objectname)%00%(upstream:track)%00%(upstream:remotename)%00%(upstream:remoteref) --ignore-case refs/heads/main refs/remotes/main [40ms]
2025-12-30 09:36:19.874 [info] > git status -z -uall [41ms]
2025-12-30 09:36:19.884 [info] > git for-each-ref --sort -committerdate --format %(refname)%00%(objectname)%00%(*objectname) [49ms]
2025-12-30 09:36:19.922 [info] > git ls-files --stage -- main.py [32ms]
2025-12-30 09:36:19.957 [info] > git cat-file -s 31e179e10955d570423760cb4814652910902c0b [34ms]
2025-12-30 09:36:20.000 [info] > git show --textconv :main.py [40ms]
2025-12-30 09:39:19.181 [info] > git fetch [437ms]
2025-12-30 09:39:19.225 [info] > git config --get commit.template [42ms]
2025-12-30 09:39:19.231 [info] > git for-each-ref --format=%(refname)%00%(upstream:short)%00%(objectname)%00%(upstream:track)%00%(upstream:remotename)%00%(upstream:remoteref) --ignore-case refs/heads/main refs/remotes/main [46ms]
2025-12-30 09:39:19.284 [info] > git status -z -uall [48ms]
2025-12-30 09:39:19.286 [info] > git for-each-ref --sort -committerdate --format %(refname)%00%(objectname)%00%(*objectname) [48ms]
2025-12-30 09:39:19.880 [info] > git rev-list --count e3f86fb306257216b53118536a9d3beabf5a5328.. -- /Users/leifwsogge/Library/Mobile Documents/com~apple~CloudDocs/Space LEAF Corp.global.secure.net/Volcanic-Ash-Dispersion-Module/main.py [47ms]
2025-12-30 09:39:19.921 [info] > git log --format=%H%n%aN%n%aE%n%at%n%ct%n%P%n%D%n%B -z -n2 --shortstat --follow -- /Users/leifwsogge/Library/Mobile Documents/com~apple~CloudDocs/Space LEAF Corp.global.secure.net/Volcanic-Ash-Dispersion-Module/main.py [39ms]
2025-12-30 09:39:20.381 [info] > git config --get commit.template [41ms]
2025-12-30 09:39:20.388 [info] > git for-each-ref --format=%(refname)%00%(upstream:short)%00%(objectname)%00%(upstream:track)%00%(upstream:remotename)%00%(upstream:remoteref) --ignore-case refs/heads/main refs/remotes/main [47ms]
2025-12-30 09:39:20.429 [info] > git for-each-ref --sort -committerdate --format %(refname)%00%(objectname)%00%(*objectname) [37ms]
2025-12-30 09:39:20.432 [info] > git status -z -uall [42ms]
2025-12-30 09:39:20.467 [info] > git ls-files --stage -- main.py [35ms]
2025-12-30 09:39:20.501 [info] > git cat-file -s 31e179e10955d570423760cb4814652910902c0b [33ms]
2025-12-30 09:39:20.535 [info] > git show --textconv :main.py [32ms]
2025-12-30 09:42:19.767 [info] > git fetch [448ms]
2025-12-30 09:42:19.813 [info] > git config --get commit.template [43ms]
2025-12-30 09:42:19.818 [info] > git for-each-ref --format=%(refname)%00%(upstream:short)%00%(objectname)%00%(upstream:track)%00%(upstream:remotename)%00%(upstream:remoteref) --ignore-case refs/heads/main refs/remotes/main [46ms]
2025-12-30 09:42:19.869 [info] > git for-each-ref --sort -committerdate --format %(refname)%00%(objectname)%00%(*objectname) [46ms]
2025-12-30 09:42:19.869 [info] > git status -z -uall [48ms]
2025-12-30 09:42:20.467 [info] > git rev-list --count e3f86fb306257216b53118536a9d3beabf5a5328.. -- /Users/leifwsogge/Library/Mobile Documents/com~apple~CloudDocs/Space LEAF Corp.global.secure.net/Volcanic-Ash-Dispersion-Module/main.py [44ms]
2025-12-30 09:42:20.512 [info] > git log --format=%H%n%aN%n%aE%n%at%n%ct%n%P%n%D%n%B -z -n2 --shortstat --follow -- /Users/leifwsogge/Library/Mobile Documents/com~apple~CloudDocs/Space LEAF Corp.global.secure.net/Volcanic-Ash-Dispersion-Module/main.py [43ms]
2025-12-30 09:42:20.964 [info] > git config --get commit.template [43ms]
2025-12-30 09:42:20.967 [info] > git for-each-ref --format=%(refname)%00%(upstream:short)%00%(objectname)%00%(upstream:track)%00%(upstream:remotename)%00%(upstream:remoteref) --ignore-case refs/heads/main refs/remotes/main [43ms]
2025-12-30 09:42:21.009 [info] > git status -z -uall [41ms]
2025-12-30 09:42:21.010 [info] > git for-each-ref --sort -committerdate --format %(refname)%00%(objectname)%00%(*objectname) [39ms]
2025-12-30 09:42:21.050 [info] > git ls-files --stage -- main.py [32ms]
2025-12-30 09:42:21.080 [info] > git cat-file -s 31e179e10955d570423760cb4814652910902c0b [29ms]
2025-12-30 09:42:21.113 [info] > git show --textconv :main.py [31ms]
2025-12-30 09:42:26.098 [info] > git config --get commit.template [73ms]
2025-12-30 09:42:26.103 [info] > git for-each-ref --format=%(refname)%00%(upstream:short)%00%(objectname)%00%(upstream:track)%00%(upstream:remotename)%00%(upstream:remoteref) --ignore-case refs/heads/main refs/remotes/main [77ms]
2025-12-30 09:42:26.152 [info] > git for-each-ref --sort -committerdate --format %(refname)%00%(objectname)%00%(*objectname) [46ms]
2025-12-30 09:42:26.153 [info] > git status -z -uall [49ms]
2025-12-30 09:42:31.225 [info] > git config --get commit.template [57ms]
2025-12-30 09:42:31.230 [info] > git for-each-ref --format=%(refname)%00%(upstream:short)%00%(objectname)%00%(upstream:track)%00%(upstream:remotename)%00%(upstream:remoteref) --ignore-case refs/heads/main refs/remotes/main [59ms]
2025-12-30 09:42:31.270 [info] > git status -z -uall [38ms]
2025-12-30 09:42:31.272 [info] > git for-each-ref --sort -committerdate --format %(refname)%00%(objectname)%00%(*objectname) [37ms]
2025-12-30 09:45:20.412 [info] > git fetch [525ms]
2025-12-30 09:45:20.477 [info] > git config --get commit.template [57ms]
2025-12-30 09:45:20.482 [info] > git for-each-ref --format=%(refname)%00%(upstream:short)%00%(objectname)%00%(upstream:track)%00%(upstream:remotename)%00%(upstream:remoteref) --ignore-case refs/heads/main refs/remotes/main [60ms]
2025-12-30 09:45:20.538 [info] > git status -z -uall [52ms]
2025-12-30 09:45:20.540 [info] > git for-each-ref --sort -committerdate --format %(refname)%00%(objectname)%00%(*objectname) [51ms]
2025-12-30 09:45:21.121 [info] > git rev-list --count e3f86fb306257216b53118536a9d3beabf5a5328.. -- /Users/leifwsogge/Library/Mobile Documents/com~apple~CloudDocs/Space LEAF Corp.global.secure.net/Volcanic-Ash-Dispersion-Module/main.py [42ms]
2025-12-30 09:45:21.166 [info] > git log --format=%H%n%aN%n%aE%n%at%n%ct%n%P%n%D%n%B -z -n2 --shortstat --follow -- /Users/leifwsogge/Library/Mobile Documents/com~apple~CloudDocs/Space LEAF Corp.global.secure.net/Volcanic-Ash-Dispersion-Module/main.py [43ms]
2025-12-30 09:45:21.616 [info] > git config --get commit.template [46ms]
2025-12-30 09:45:21.620 [info] > git for-each-ref --format=%(refname)%00%(upstream:short)%00%(objectname)%00%(upstream:track)%00%(upstream:remotename)%00%(upstream:remoteref) --ignore-case refs/heads/main refs/remotes/main [48ms]
2025-12-30 09:45:21.655 [info] > git status -z -uall [33ms]
2025-12-30 09:45:21.657 [info] > git for-each-ref --sort -committerdate --format %(refname)%00%(objectname)%00%(*objectname) [34ms]
2025-12-30 09:45:21.706 [info] > git ls-files --stage -- main.py [35ms]
2025-12-30 09:45:21.740 [info] > git cat-file -s 31e179e10955d570423760cb4814652910902c0b [33ms]
2025-12-30 09:45:21.778 [info] > git show --textconv :main.py [33ms]
2025-12-30 09:48:21.034 [info] > git fetch [465ms]
2025-12-30 09:48:21.080 [info] > git config --get commit.template [43ms]
2025-12-30 09:48:21.088 [info] > git for-each-ref --format=%(refname)%00%(upstream:short)%00%(objectname)%00%(upstream:track)%00%(upstream:remotename)%00%(upstream:remoteref) --ignore-case refs/heads/main refs/remotes/main [47ms]
2025-12-30 09:48:21.141 [info] > git for-each-ref --sort -committerdate --format %(refname)%00%(objectname)%00%(*objectname) [42ms]
2025-12-30 09:48:21.145 [info] > git status -z -uall [48ms]
2025-12-30 09:48:21.744 [info] > git rev-list --count e3f86fb306257216b53118536a9d3beabf5a5328.. -- /Users/leifwsogge/Library/Mobile Documents/com~apple~CloudDocs/Space LEAF Corp.global.secure.net/Volcanic-Ash-Dispersion-Module/main.py [49ms]
2025-12-30 09:48:21.782 [info] > git log --format=%H%n%aN%n%aE%n%at%n%ct%n%P%n%D%n%B -z -n2 --shortstat --follow -- /Users/leifwsogge/Library/Mobile Documents/com~apple~CloudDocs/Space LEAF Corp.global.secure.net/Volcanic-Ash-Dispersion-Module/main.py [36ms]
2025-12-30 09:48:22.236 [info] > git config --get commit.template [45ms]
2025-12-30 09:48:22.240 [info] > git for-each-ref --format=%(refname)%00%(upstream:short)%00%(objectname)%00%(upstream:track)%00%(upstream:remotename)%00%(upstream:remoteref) --ignore-case refs/heads/main refs/remotes/main [41ms]
2025-12-30 09:48:22.276 [info] > git status -z -uall [35ms]
2025-12-30 09:48:22.278 [info] > git for-each-ref --sort -committerdate --format %(refname)%00%(objectname)%00%(*objectname) [35ms]
2025-12-30 09:48:22.316 [info] > git ls-files --stage -- main.py [32ms]
2025-12-30 09:48:22.347 [info] > git cat-file -s 31e179e10955d570423760cb4814652910902c0b [30ms]
2025-12-30 09:48:22.395 [info] > git show --textconv :main.py [45ms]
2025-12-30 10:52:51.893 [info] > git ls-files --stage -- main.py [826ms]
2025-12-30 10:52:51.916 [info] > git rev-list --count e3f86fb306257216b53118536a9d3beabf5a5328.. -- /Users/leifwsogge/Library/Mobile Documents/com~apple~CloudDocs/Space LEAF Corp.global.secure.net/Volcanic-Ash-Dispersion-Module/main.py [1461ms]
2025-12-30 10:52:52.918 [info] > git cat-file -s 31e179e10955d570423760cb4814652910902c0b [1021ms]
2025-12-30 10:52:54.183 [info] > git log --format=%H%n%aN%n%aE%n%at%n%ct%n%P%n%D%n%B -z -n2 --shortstat --follow -- /Users/leifwsogge/Library/Mobile Documents/com~apple~CloudDocs/Space LEAF Corp.global.secure.net/Volcanic-Ash-Dispersion-Module/main.py [2265ms]
2025-12-30 10:52:54.339 [info] > git show --textconv :main.py [1407ms]
2025-12-30 10:52:55.326 [info] > git fetch [9774ms]
2025-12-30 10:52:56.088 [info] > git config --get commit.template [757ms]
2025-12-30 10:52:56.194 [info] > git for-each-ref --format=%(refname)%00%(upstream:short)%00%(objectname)%00%(upstream:track)%00%(upstream:remotename)%00%(upstream:remoteref) --ignore-case refs/heads/main refs/remotes/main [832ms]
2025-12-30 10:52:57.702 [info] > git rev-list --count e3f86fb306257216b53118536a9d3beabf5a5328.. -- /Users/leifwsogge/Library/Mobile Documents/com~apple~CloudDocs/Space LEAF Corp.global.secure.net/Volcanic-Ash-Dispersion-Module/main.py [1593ms]
2025-12-30 10:52:57.704 [info] > git for-each-ref --sort -committerdate --format %(refname)%00%(objectname)%00%(*objectname) [1396ms]
2025-12-30 10:52:57.770 [info] > git status -z -uall [1497ms]
2025-12-30 10:52:58.567 [info] > git ls-files --stage -- main.py [1874ms]
2025-12-30 10:53:02.874 [info] > git log --format=%H%n%aN%n%aE%n%at%n%ct%n%P%n%D%n%B -z -n2 --shortstat --follow -- /Users/leifwsogge/Library/Mobile Documents/com~apple~CloudDocs/Space LEAF Corp.global.secure.net/Volcanic-Ash-Dispersion-Module/main.py [5170ms]
2025-12-30 10:53:03.434 [info] > git cat-file -s 31e179e10955d570423760cb4814652910902c0b [4864ms]
2025-12-30 10:53:04.620 [info] > git show --textconv :main.py [951ms]
2025-12-30 11:53:16.746 [info] > git rev-list --count e3f86fb306257216b53118536a9d3beabf5a5328.. -- /Users/leifwsogge/Library/Mobile Documents/com~apple~CloudDocs/Space LEAF Corp.global.secure.net/Volcanic-Ash-Dispersion-Module/main.py [785ms]
2025-12-30 11:53:17.236 [info] > git log --format=%H%n%aN%n%aE%n%at%n%ct%n%P%n%D%n%B -z -n2 --shortstat --follow -- /Users/leifwsogge/Library/Mobile Documents/com~apple~CloudDocs/Space LEAF Corp.global.secure.net/Volcanic-Ash-Dispersion-Module/main.py [468ms]
2025-12-30 12:45:32.391 [info] > git config --get commit.template [4916ms]
2025-12-30 12:45:32.707 [info] > git ls-files --stage -- main.py [4240ms]
2025-12-30 12:45:33.293 [info] > git for-each-ref --format=%(refname)%00%(upstream:short)%00%(objectname)%00%(upstream:track)%00%(upstream:remotename)%00%(upstream:remoteref) --ignore-case refs/heads/main refs/remotes/main [3213ms]
2025-12-30 12:45:34.924 [info] > git cat-file -s 31e179e10955d570423760cb4814652910902c0b [2215ms]
2025-12-30 12:45:36.045 [info] > git status -z -uall [2584ms]
2025-12-30 12:45:36.079 [info] > git for-each-ref --sort -committerdate --format %(refname)%00%(objectname)%00%(*objectname) [2615ms]
2025-12-30 12:45:36.114 [info] > git log --format=%H%n%aN%n%aE%n%at%n%ct%n%P%n%D%n%B -z -n51 --shortstat --follow -- /Users/leifwsogge/Library/Mobile Documents/com~apple~CloudDocs/Space LEAF Corp.global.secure.net/Volcanic-Ash-Dispersion-Module/ash_distribution_plot.py [3409ms]
2025-12-30 12:45:36.483 [info] > git show --textconv :main.py [116ms]
2025-12-30 12:45:36.866 [info] > git fetch [10886ms]
2025-12-30 12:45:36.998 [info] > git for-each-ref --format=%(refname)%00%(upstream:short)%00%(objectname)%00%(upstream:track)%00%(upstream:remotename)%00%(upstream:remoteref) --ignore-case refs/heads/main refs/remotes/main [125ms]
2025-12-30 12:45:37.384 [info] > git config --get commit.template [515ms]
2025-12-30 12:45:37.732 [info] > git ls-files --stage -- ash_distribution_plot.py [562ms]
2025-12-30 12:45:37.779 [info] > git show --textconv :ash_distribution_plot.py [612ms]
2025-12-30 12:45:37.835 [info] > git rev-list --count e3f86fb306257216b53118536a9d3beabf5a5328.. -- /Users/leifwsogge/Library/Mobile Documents/com~apple~CloudDocs/Space LEAF Corp.global.secure.net/Volcanic-Ash-Dispersion-Module/ash_distribution_plot.py [53ms]
2025-12-30 12:45:37.978 [info] > git status -z -uall [592ms]
2025-12-30 12:45:37.982 [info] > git for-each-ref --sort -committerdate --format %(refname)%00%(objectname)%00%(*objectname) [593ms]
2025-12-30 12:45:38.192 [info] > git log --format=%H%n%aN%n%aE%n%at%n%ct%n%P%n%D%n%B -z -n2 --shortstat --follow -- /Users/leifwsogge/Library/Mobile Documents/com~apple~CloudDocs/Space LEAF Corp.global.secure.net/Volcanic-Ash-Dispersion-Module/ash_distribution_plot.py [353ms]
2025-12-30 12:45:38.236 [info] > git cat-file -s 1b50c8125fbd613afa5a01f81b827e092d8da66d [502ms]
2025-12-30 12:45:39.528 [info] > git ls-files --stage -- ash_distribution_plot.py [1136ms]
2025-12-30 12:45:40.014 [info] > git rev-list --count e3f86fb306257216b53118536a9d3beabf5a5328.. -- /Users/leifwsogge/Library/Mobile Documents/com~apple~CloudDocs/Space LEAF Corp.global.secure.net/Volcanic-Ash-Dispersion-Module/ash_distribution_plot.py [1523ms]
2025-12-30 12:45:40.019 [info] > git blame --root --incremental e3f86fb306257216b53118536a9d3beabf5a5328 -- ash_distribution_plot.py [1636ms]
2025-12-30 12:45:40.045 [info] > git cat-file -s 1b50c8125fbd613afa5a01f81b827e092d8da66d [515ms]
2025-12-30 12:45:40.455 [info] > git log --format=%H%n%aN%n%aE%n%at%n%ct%n%P%n%D%n%B -z -n2 --shortstat --follow -- /Users/leifwsogge/Library/Mobile Documents/com~apple~CloudDocs/Space LEAF Corp.global.secure.net/Volcanic-Ash-Dispersion-Module/ash_distribution_plot.py [439ms]
2025-12-30 12:45:40.481 [info] > git show --textconv :ash_distribution_plot.py [199ms]
2025-12-30 12:45:50.135 [info] > git config --get commit.template [61ms]
2025-12-30 12:45:50.141 [info] > git for-each-ref --format=%(refname)%00%(upstream:short)%00%(objectname)%00%(upstream:track)%00%(upstream:remotename)%00%(upstream:remoteref) --ignore-case refs/heads/main refs/remotes/main [62ms]
2025-12-30 12:45:50.211 [info] > git status -z -uall [66ms]
2025-12-30 12:45:50.213 [info] > git for-each-ref --sort -committerdate --format %(refname)%00%(objectname)%00%(*objectname) [65ms]
2025-12-30 12:45:55.570 [info] > git config --get commit.template [119ms]
2025-12-30 12:45:55.851 [info] > git for-each-ref --format=%(refname)%00%(upstream:short)%00%(objectname)%00%(upstream:track)%00%(upstream:remotename)%00%(upstream:remoteref) --ignore-case refs/heads/main refs/remotes/main [382ms]
2025-12-30 12:45:55.939 [info] > git for-each-ref --sort -committerdate --format %(refname)%00%(objectname)%00%(*objectname) [75ms]
2025-12-30 12:45:55.941 [info] > git status -z -uall [79ms]
2025-12-30 12:45:58.040 [info] > git rev-list --count e3f86fb306257216b53118536a9d3beabf5a5328.. -- /Users/leifwsogge/Library/Mobile Documents/com~apple~CloudDocs/Space LEAF Corp.global.secure.net/Volcanic-Ash-Dispersion-Module/ash_distribution_plot.py [107ms]
2025-12-30 12:45:58.109 [info] > git log --format=%H%n%aN%n%aE%n%at%n%ct%n%P%n%D%n%B -z -n2 --shortstat --follow -- /Users/leifwsogge/Library/Mobile Documents/com~apple~CloudDocs/Space LEAF Corp.global.secure.net/Volcanic-Ash-Dispersion-Module/ash_distribution_plot.py [67ms]
2025-12-30 12:45:58.620 [info] > git ls-files --stage -- ash_distribution_plot.py [83ms]
2025-12-30 12:45:58.685 [info] > git cat-file -s 1b50c8125fbd613afa5a01f81b827e092d8da66d [63ms]
2025-12-30 12:45:58.750 [info] > git show --textconv :ash_distribution_plot.py [60ms]
2025-12-30 12:46:01.052 [info] > git config --get commit.template [65ms]
2025-12-30 12:46:01.059 [info] > git for-each-ref --format=%(refname)%00%(upstream:short)%00%(objectname)%00%(upstream:track)%00%(upstream:remotename)%00%(upstream:remoteref) --ignore-case refs/heads/main refs/remotes/main [69ms]
2025-12-30 12:46:01.131 [info] > git status -z -uall [69ms]
2025-12-30 12:46:01.133 [info] > git for-each-ref --sort -committerdate --format %(refname)%00%(objectname)%00%(*objectname) [69ms]
2025-12-30 12:46:06.664 [info] > git config --get commit.template [172ms]
2025-12-30 12:46:06.685 [info] > git for-each-ref --format=%(refname)%00%(upstream:short)%00%(objectname)%00%(upstream:track)%00%(upstream:remotename)%00%(upstream:remoteref) --ignore-case refs/heads/main refs/remotes/main [170ms]
2025-12-30 12:46:06.760 [info] > git for-each-ref --sort -committerdate --format %(refname)%00%(objectname)%00%(*objectname) [69ms]
2025-12-30 12:46:06.766 [info] > git status -z -uall [77ms]
2025-12-30 12:46:07.433 [info] > git log --format=%H%n%aN%n%aE%n%at%n%ct%n%P%n%D%n%B -z -n51 --shortstat --follow -- /Users/leifwsogge/Library/Mobile Documents/com~apple~CloudDocs/Space LEAF Corp.global.secure.net/Volcanic-Ash-Dispersion-Module/density_classifier.py [120ms]
2025-12-30 12:46:08.510 [info] > git show --textconv :density_classifier.py [77ms]
2025-12-30 12:46:08.512 [info] > git ls-files --stage -- density_classifier.py [77ms]
2025-12-30 12:46:08.596 [info] > git cat-file -s 53462a776770781a8d4f49e001f6e969f42a496a [81ms]
2025-12-30 12:46:09.395 [info] > git blame --root --incremental e3f86fb306257216b53118536a9d3beabf5a5328 -- density_classifier.py [124ms]
2025-12-30 12:46:15.362 [info] > git config --get commit.template [156ms]
2025-12-30 12:46:15.372 [info] > git for-each-ref --format=%(refname)%00%(upstream:short)%00%(objectname)%00%(upstream:track)%00%(upstream:remotename)%00%(upstream:remoteref) --ignore-case refs/heads/main refs/remotes/main [155ms]
2025-12-30 12:46:15.464 [info] > git for-each-ref --sort -committerdate --format %(refname)%00%(objectname)%00%(*objectname) [85ms]
2025-12-30 12:46:15.478 [info] > git status -z -uall [102ms]
2025-12-30 12:46:20.950 [info] > git config --get commit.template [73ms]
2025-12-30 12:46:20.953 [info] > git for-each-ref --format=%(refname)%00%(upstream:short)%00%(objectname)%00%(upstream:track)%00%(upstream:remotename)%00%(upstream:remoteref) --ignore-case refs/heads/main refs/remotes/main [73ms]
2025-12-30 12:46:21.023 [info] > git status -z -uall [67ms]
2025-12-30 12:46:21.027 [info] > git for-each-ref --sort -committerdate --format %(refname)%00%(objectname)%00%(*objectname) [67ms]
2025-12-30 12:46:26.100 [info] > git config --get commit.template [66ms]
2025-12-30 12:46:26.106 [info] > git for-each-ref --format=%(refname)%00%(upstream:short)%00%(objectname)%00%(upstream:track)%00%(upstream:remotename)%00%(upstream:remoteref) --ignore-case refs/heads/main refs/remotes/main [69ms]
2025-12-30 12:46:26.160 [info] > git status -z -uall [51ms]
2025-12-30 12:46:26.162 [info] > git for-each-ref --sort -committerdate --format %(refname)%00%(objectname)%00%(*objectname) [51ms]
2025-12-30 12:46:30.159 [info] > git log --format=%H%n%aN%n%aE%n%at%n%ct%n%P%n%D%n%B -z -n51 --shortstat --follow -- /Users/leifwsogge/Library/Mobile Documents/com~apple~CloudDocs/Space LEAF Corp.global.secure.net/Volcanic-Ash-Dispersion-Module/ash_distribution_plot.py [67ms]
2025-12-30 12:46:31.264 [info] > git config --get commit.template [94ms]
2025-12-30 12:46:31.853 [info] > git for-each-ref --format=%(refname)%00%(upstream:short)%00%(objectname)%00%(upstream:track)%00%(upstream:remotename)%00%(upstream:remoteref) --ignore-case refs/heads/main refs/remotes/main [677ms]
2025-12-30 12:46:32.268 [info] > git for-each-ref --sort -committerdate --format %(refname)%00%(objectname)%00%(*objectname) [405ms]
2025-12-30 12:46:32.284 [info] > git status -z -uall [425ms]
2025-12-30 12:46:38.168 [info] > git config --get commit.template [64ms]
2025-12-30 12:46:38.184 [info] > git for-each-ref --format=%(refname)%00%(upstream:short)%00%(objectname)%00%(upstream:track)%00%(upstream:remotename)%00%(upstream:remoteref) --ignore-case refs/heads/main refs/remotes/main [66ms]
2025-12-30 12:46:38.264 [info] > git status -z -uall [75ms]
2025-12-30 12:46:38.268 [info] > git for-each-ref --sort -committerdate --format %(refname)%00%(objectname)%00%(*objectname) [73ms]
2025-12-30 12:46:43.408 [info] > git config --get commit.template [123ms]
2025-12-30 12:46:43.417 [info] > git for-each-ref --format=%(refname)%00%(upstream:short)%00%(objectname)%00%(upstream:track)%00%(upstream:remotename)%00%(upstream:remoteref) --ignore-case refs/heads/main refs/remotes/main [119ms]
2025-12-30 12:46:43.544 [info] > git status -z -uall [124ms]
2025-12-30 12:46:43.545 [info] > git for-each-ref --sort -committerdate --format %(refname)%00%(objectname)%00%(*objectname) [122ms]
2025-12-30 12:46:48.605 [info] > git config --get commit.template [50ms]
2025-12-30 12:46:48.612 [info] > git for-each-ref --format=%(refname)%00%(upstream:short)%00%(objectname)%00%(upstream:track)%00%(upstream:remotename)%00%(upstream:remoteref) --ignore-case refs/heads/main refs/remotes/main [54ms]
2025-12-30 12:46:48.672 [info] > git status -z -uall [57ms]
2025-12-30 12:46:48.677 [info] > git for-each-ref --sort -committerdate --format %(refname)%00%(objectname)%00%(*objectname) [60ms]
2025-12-30 12:47:02.648 [info] > git config --get commit.template [159ms]
2025-12-30 12:47:02.650 [info] > git for-each-ref --format=%(refname)%00%(upstream:short)%00%(objectname)%00%(upstream:track)%00%(upstream:remotename)%00%(upstream:remoteref) --ignore-case refs/heads/main refs/remotes/main [157ms]
2025-12-30 12:47:02.717 [info] > git for-each-ref --sort -committerdate --format %(refname)%00%(objectname)%00%(*objectname) [61ms]
2025-12-30 12:47:02.720 [info] > git status -z -uall [67ms]
2025-12-30 12:47:07.806 [info] > git config --get commit.template [75ms]
2025-12-30 12:47:07.814 [info] > git for-each-ref --format=%(refname)%00%(upstream:short)%00%(objectname)%00%(upstream:track)%00%(upstream:remotename)%00%(upstream:remoteref) --ignore-case refs/heads/main refs/remotes/main [81ms]
2025-12-30 12:47:07.858 [info] > git status -z -uall [42ms]
2025-12-30 12:47:07.859 [info] > git for-each-ref --sort -committerdate --format %(refname)%00%(objectname)%00%(*objectname) [42ms]
2025-12-30 12:47:12.153 [info] > git log --format=%H%n%aN%n%aE%n%at%n%ct%n%P%n%D%n%B -z -n51 --shortstat --follow -- /Users/leifwsogge/Library/Mobile Documents/com~apple~CloudDocs/Space LEAF Corp.global.secure.net/Volcanic-Ash-Dispersion-Module/density_classifier.py [141ms]
2025-12-30 12:47:16.669 [info] > git config --get commit.template [175ms]
2025-12-30 12:47:16.687 [info] > git for-each-ref --format=%(refname)%00%(upstream:short)%00%(objectname)%00%(upstream:track)%00%(upstream:remotename)%00%(upstream:remoteref) --ignore-case refs/heads/main refs/remotes/main [184ms]
2025-12-30 12:47:16.827 [info] > git for-each-ref --sort -committerdate --format %(refname)%00%(objectname)%00%(*objectname) [118ms]
2025-12-30 12:47:16.844 [info] > git status -z -uall [138ms]
2025-12-30 12:47:25.535 [info] > git for-each-ref --format=%(refname)%00%(upstream:short)%00%(objectname)%00%(upstream:track)%00%(upstream:remotename)%00%(upstream:remoteref) --ignore-case refs/heads/main refs/remotes/main [114ms]
2025-12-30 12:47:25.592 [info] > git config --get commit.template [174ms]
2025-12-30 12:47:25.690 [info] > git status -z -uall [96ms]
2025-12-30 12:47:25.730 [info] > git for-each-ref --sort -committerdate --format %(refname)%00%(objectname)%00%(*objectname) [134ms]
2025-12-30 12:48:09.194 [info] > git config --get commit.template [63ms]
2025-12-30 12:48:09.211 [info] > git for-each-ref --format=%(refname)%00%(upstream:short)%00%(objectname)%00%(upstream:track)%00%(upstream:remotename)%00%(upstream:remoteref) --ignore-case refs/heads/main refs/remotes/main [73ms]
2025-12-30 12:48:09.274 [info] > git status -z -uall [60ms]
2025-12-30 12:48:09.294 [info] > git for-each-ref --sort -committerdate --format %(refname)%00%(objectname)%00%(*objectname) [77ms]
2025-12-30 12:48:14.490 [info] > git config --get commit.template [64ms]
2025-12-30 12:48:14.509 [info] > git for-each-ref --format=%(refname)%00%(upstream:short)%00%(objectname)%00%(upstream:track)%00%(upstream:remotename)%00%(upstream:remoteref) --ignore-case refs/heads/main refs/remotes/main [78ms]
2025-12-30 12:48:14.571 [info] > git for-each-ref --sort -committerdate --format %(refname)%00%(objectname)%00%(*objectname) [57ms]
2025-12-30 12:48:14.573 [info] > git status -z -uall [61ms]
2025-12-30 12:48:24.311 [info] > git log --format=%H%n%aN%n%aE%n%at%n%ct%n%P%n%D%n%B -z -n51 --shortstat --follow -- /Users/leifwsogge/Library/Mobile Documents/com~apple~CloudDocs/Space LEAF Corp.global.secure.net/Volcanic-Ash-Dispersion-Module/main.py [96ms]
2025-12-30 12:48:24.905 [info] > git show --textconv :main.py [65ms]
2025-12-30 12:48:24.905 [info] > git ls-files --stage -- main.py [62ms]
2025-12-30 12:48:24.954 [info] > git cat-file -s 31e179e10955d570423760cb4814652910902c0b [46ms]
2025-12-30 12:48:29.841 [info] > git config --get commit.template [47ms]
2025-12-30 12:48:29.846 [info] > git for-each-ref --format=%(refname)%00%(upstream:short)%00%(objectname)%00%(upstream:track)%00%(upstream:remotename)%00%(upstream:remoteref) --ignore-case refs/heads/main refs/remotes/main [47ms]
2025-12-30 12:48:29.886 [info] > git status -z -uall [38ms]
2025-12-30 12:48:29.887 [info] > git for-each-ref --sort -committerdate --format %(refname)%00%(objectname)%00%(*objectname) [38ms]
2025-12-30 12:48:35.007 [info] > git config --get commit.template [106ms]
2025-12-30 12:48:35.014 [info] > git for-each-ref --format=%(refname)%00%(upstream:short)%00%(objectname)%00%(upstream:track)%00%(upstream:remotename)%00%(upstream:remoteref) --ignore-case refs/heads/main refs/remotes/main [107ms]
2025-12-30 12:48:35.070 [info] > git status -z -uall [54ms]
2025-12-30 12:48:35.071 [info] > git for-each-ref --sort -committerdate --format %(refname)%00%(objectname)%00%(*objectname) [54ms]
2025-12-30 12:48:38.480 [info] > git fetch [483ms]
2025-12-30 12:48:38.559 [info] > git config --get commit.template [77ms]
2025-12-30 12:48:38.571 [info] > git for-each-ref --format=%(refname)%00%(upstream:short)%00%(objectname)%00%(upstream:track)%00%(upstream:remotename)%00%(upstream:remoteref) --ignore-case refs/heads/main refs/remotes/main [85ms]
2025-12-30 12:48:38.647 [info] > git status -z -uall [73ms]
2025-12-30 12:48:38.649 [info] > git for-each-ref --sort -committerdate --format %(refname)%00%(objectname)%00%(*objectname) [72ms]
2025-12-30 12:48:39.204 [info] > git rev-list --count e3f86fb306257216b53118536a9d3beabf5a5328.. -- /Users/leifwsogge/Library/Mobile Documents/com~apple~CloudDocs/Space LEAF Corp.global.secure.net/Volcanic-Ash-Dispersion-Module/main.py [45ms]
2025-12-30 12:48:39.258 [info] > git log --format=%H%n%aN%n%aE%n%at%n%ct%n%P%n%D%n%B -z -n2 --shortstat --follow -- /Users/leifwsogge/Library/Mobile Documents/com~apple~CloudDocs/Space LEAF Corp.global.secure.net/Volcanic-Ash-Dispersion-Module/main.py [52ms]
2025-12-30 12:48:39.791 [info] > git ls-files --stage -- density_classifier.py [43ms]
2025-12-30 12:48:39.793 [info] > git ls-files --stage -- main.py [42ms]
2025-12-30 12:48:39.840 [info] > git cat-file -s 53462a776770781a8d4f49e001f6e969f42a496a [47ms]
2025-12-30 12:48:39.850 [info] > git cat-file -s 31e179e10955d570423760cb4814652910902c0b [55ms]
2025-12-30 12:48:39.902 [info] > git show --textconv :density_classifier.py [52ms]
2025-12-30 12:48:39.902 [info] > git show --textconv :main.py [48ms]
2025-12-30 12:48:41.783 [info] > git config --get commit.template [81ms]
2025-12-30 12:48:41.799 [info] > git for-each-ref --format=%(refname)%00%(upstream:short)%00%(objectname)%00%(upstream:track)%00%(upstream:remotename)%00%(upstream:remoteref) --ignore-case refs/heads/main refs/remotes/main [91ms]
2025-12-30 12:48:41.861 [info] > git for-each-ref --sort -committerdate --format %(refname)%00%(objectname)%00%(*objectname) [57ms]
2025-12-30 12:48:41.865 [info] > git status -z -uall [63ms]
2025-12-30 12:48:46.915 [info] > git config --get commit.template [39ms]
2025-12-30 12:48:46.918 [info] > git for-each-ref --format=%(refname)%00%(upstream:short)%00%(objectname)%00%(upstream:track)%00%(upstream:remotename)%00%(upstream:remoteref) --ignore-case refs/heads/main refs/remotes/main [40ms]
2025-12-30 12:48:46.962 [info] > git status -z -uall [42ms]
2025-12-30 12:48:46.964 [info] > git for-each-ref --sort -committerdate --format %(refname)%00%(objectname)%00%(*objectname) [42ms]
2025-12-30 12:48:52.017 [info] > git config --get commit.template [44ms]
2025-12-30 12:48:52.021 [info] > git for-each-ref --format=%(refname)%00%(upstream:short)%00%(objectname)%00%(upstream:track)%00%(upstream:remotename)%00%(upstream:remoteref) --ignore-case refs/heads/main refs/remotes/main [46ms]
2025-12-30 12:48:52.068 [info] > git status -z -uall [45ms]
2025-12-30 12:48:52.070 [info] > git for-each-ref --sort -committerdate --format %(refname)%00%(objectname)%00%(*objectname) [46ms]
2025-12-30 12:48:57.132 [info] > git config --get commit.template [47ms]
2025-12-30 12:48:57.136 [info] > git for-each-ref --format=%(refname)%00%(upstream:short)%00%(objectname)%00%(upstream:track)%00%(upstream:remotename)%00%(upstream:remoteref) --ignore-case refs/heads/main refs/remotes/main [47ms]
2025-12-30 12:48:57.177 [info] > git status -z -uall [38ms]
2025-12-30 12:48:57.179 [info] > git for-each-ref --sort -committerdate --format %(refname)%00%(objectname)%00%(*objectname) [39ms]
2025-12-30 12:49:10.311 [info] > git log --format=%H%n%aN%n%aE%n%at%n%ct%n%P%n%D%n%B -z -n51 --shortstat --follow -- /Users/leifwsogge/Library/Mobile Documents/com~apple~CloudDocs/Space LEAF Corp.global.secure.net/Volcanic-Ash-Dispersion-Module/ocean_deposition.py [84ms]
2025-12-30 12:49:11.022 [info] > git ls-files --stage -- ocean_deposition.py [204ms]
2025-12-30 12:49:11.028 [info] > git show --textconv :ocean_deposition.py [214ms]
2025-12-30 12:49:11.168 [info] > git cat-file -s c4b41e65a7daaf9126dcefa8249073f780da07c1 [144ms]
2025-12-30 12:49:11.423 [info] > git blame --root --incremental e3f86fb306257216b53118536a9d3beabf5a5328 -- ocean_deposition.py [53ms]
2025-12-30 12:49:13.329 [info] > git config --get commit.template [40ms]
2025-12-30 12:49:13.332 [info] > git for-each-ref --format=%(refname)%00%(upstream:short)%00%(objectname)%00%(upstream:track)%00%(upstream:remotename)%00%(upstream:remoteref) --ignore-case refs/heads/main refs/remotes/main [41ms]
2025-12-30 12:49:13.382 [info] > git status -z -uall [48ms]
2025-12-30 12:49:13.390 [info] > git for-each-ref --sort -committerdate --format %(refname)%00%(objectname)%00%(*objectname) [55ms]
2025-12-30 12:49:18.472 [info] > git config --get commit.template [73ms]
2025-12-30 12:49:18.477 [info] > git for-each-ref --format=%(refname)%00%(upstream:short)%00%(objectname)%00%(upstream:track)%00%(upstream:remotename)%00%(upstream:remoteref) --ignore-case refs/heads/main refs/remotes/main [75ms]
2025-12-30 12:49:18.577 [info] > git for-each-ref --sort -committerdate --format %(refname)%00%(objectname)%00%(*objectname) [91ms]
2025-12-30 12:49:18.585 [info] > git status -z -uall [102ms]
2025-12-30 12:49:23.905 [info] > git log --format=%H%n%aN%n%aE%n%at%n%ct%n%P%n%D%n%B -z -n51 --shortstat --follow -- /Users/leifwsogge/Library/Mobile Documents/com~apple~CloudDocs/Space LEAF Corp.global.secure.net/Volcanic-Ash-Dispersion-Module/density_classifier.py [67ms]
2025-12-30 12:49:24.651 [info] > git ls-files --stage -- density_classifier.py [91ms]
2025-12-30 12:49:24.663 [info] > git show --textconv :density_classifier.py [106ms]
2025-12-30 12:49:24.709 [info] > git cat-file -s 53462a776770781a8d4f49e001f6e969f42a496a [56ms]
2025-12-30 12:49:28.176 [info] > git config --get commit.template [67ms]
2025-12-30 12:49:28.182 [info] > git for-each-ref --format=%(refname)%00%(upstream:short)%00%(objectname)%00%(upstream:track)%00%(upstream:remotename)%00%(upstream:remoteref) --ignore-case refs/heads/main refs/remotes/main [63ms]
2025-12-30 12:49:28.240 [info] > git status -z -uall [57ms]
2025-12-30 12:49:28.243 [info] > git for-each-ref --sort -committerdate --format %(refname)%00%(objectname)%00%(*objectname) [57ms]
2025-12-30 12:49:33.323 [info] > git config --get commit.template [72ms]
2025-12-30 12:49:33.334 [info] > git for-each-ref --format=%(refname)%00%(upstream:short)%00%(objectname)%00%(upstream:track)%00%(upstream:remotename)%00%(upstream:remoteref) --ignore-case refs/heads/main refs/remotes/main [81ms]
2025-12-30 12:49:33.399 [info] > git status -z -uall [63ms]
2025-12-30 12:49:33.402 [info] > git for-each-ref --sort -committerdate --format %(refname)%00%(objectname)%00%(*objectname) [63ms]
2025-12-30 12:49:44.241 [info] > git config --get commit.template [65ms]
2025-12-30 12:49:44.253 [info] > git for-each-ref --format=%(refname)%00%(upstream:short)%00%(objectname)%00%(upstream:track)%00%(upstream:remotename)%00%(upstream:remoteref) --ignore-case refs/heads/main refs/remotes/main [74ms]
2025-12-30 12:49:44.323 [info] > git status -z -uall [64ms]
2025-12-30 12:49:44.325 [info] > git for-each-ref --sort -committerdate --format %(refname)%00%(objectname)%00%(*objectname) [64ms]
2025-12-30 12:49:49.388 [info] > git config --get commit.template [46ms]
2025-12-30 12:49:49.393 [info] > git for-each-ref --format=%(refname)%00%(upstream:short)%00%(objectname)%00%(upstream:track)%00%(upstream:remotename)%00%(upstream:remoteref) --ignore-case refs/heads/main refs/remotes/main [48ms]
2025-12-30 12:49:49.432 [info] > git status -z -uall [38ms]
2025-12-30 12:49:49.434 [info] > git for-each-ref --sort -committerdate --format %(refname)%00%(objectname)%00%(*objectname) [39ms]
2025-12-30 12:49:54.486 [info] > git config --get commit.template [47ms]
2025-12-30 12:49:54.491 [info] > git for-each-ref --format=%(refname)%00%(upstream:short)%00%(objectname)%00%(upstream:track)%00%(upstream:remotename)%00%(upstream:remoteref) --ignore-case refs/heads/main refs/remotes/main [49ms]
2025-12-30 12:49:54.556 [info] > git status -z -uall [59ms]
2025-12-30 12:49:54.557 [info] > git for-each-ref --sort -committerdate --format %(refname)%00%(objectname)%00%(*objectname) [57ms]
2025-12-30 12:49:59.637 [info] > git config --get commit.template [66ms]
2025-12-30 12:49:59.659 [info] > git for-each-ref --format=%(refname)%00%(upstream:short)%00%(objectname)%00%(upstream:track)%00%(upstream:remotename)%00%(upstream:remoteref) --ignore-case refs/heads/main refs/remotes/main [83ms]
2025-12-30 12:49:59.726 [info] > git status -z -uall [65ms]
2025-12-30 12:49:59.734 [info] > git for-each-ref --sort -committerdate --format %(refname)%00%(objectname)%00%(*objectname) [71ms]
2025-12-30 12:50:06.702 [info] > git log --format=%H%n%aN%n%aE%n%at%n%ct%n%P%n%D%n%B -z -n51 --shortstat --follow -- /Users/leifwsogge/Library/Mobile Documents/com~apple~CloudDocs/Space LEAF Corp.global.secure.net/Volcanic-Ash-Dispersion-Module/main.py [91ms]
2025-12-30 12:50:10.443 [info] > git config --get commit.template [41ms]
2025-12-30 12:50:10.452 [info] > git for-each-ref --format=%(refname)%00%(upstream:short)%00%(objectname)%00%(upstream:track)%00%(upstream:remotename)%00%(upstream:remoteref) --ignore-case refs/heads/main refs/remotes/main [48ms]
2025-12-30 12:50:10.496 [info] > git status -z -uall [41ms]
2025-12-30 12:50:10.496 [info] > git for-each-ref --sort -committerdate --format %(refname)%00%(objectname)%00%(*objectname) [39ms]
2025-12-30 12:50:15.564 [info] > git config --get commit.template [54ms]
2025-12-30 12:50:15.568 [info] > git for-each-ref --format=%(refname)%00%(upstream:short)%00%(objectname)%00%(upstream:track)%00%(upstream:remotename)%00%(upstream:remoteref) --ignore-case refs/heads/main refs/remotes/main [53ms]
2025-12-30 12:50:15.617 [info] > git status -z -uall [47ms]
2025-12-30 12:50:15.624 [info] > git for-each-ref --sort -committerdate --format %(refname)%00%(objectname)%00%(*objectname) [53ms]
2025-12-30 12:50:31.869 [info] > git config --get commit.template [71ms]
2025-12-30 12:50:31.880 [info] > git for-each-ref --format=%(refname)%00%(upstream:short)%00%(objectname)%00%(upstream:track)%00%(upstream:remotename)%00%(upstream:remoteref) --ignore-case refs/heads/main refs/remotes/main [76ms]
2025-12-30 12:50:31.954 [info] > git status -z -uall [71ms]
2025-12-30 12:50:31.954 [info] > git for-each-ref --sort -committerdate --format %(refname)%00%(objectname)%00%(*objectname) [69ms]
2025-12-30 12:50:37.047 [info] > git config --get commit.template [70ms]
2025-12-30 12:50:37.057 [info] > git for-each-ref --format=%(refname)%00%(upstream:short)%00%(objectname)%00%(upstream:track)%00%(upstream:remotename)%00%(upstream:remoteref) --ignore-case refs/heads/main refs/remotes/main [77ms]
2025-12-30 12:50:37.117 [info] > git status -z -uall [58ms]
2025-12-30 12:50:37.122 [info] > git for-each-ref --sort -committerdate --format %(refname)%00%(objectname)%00%(*objectname) [62ms]
2025-12-30 12:50:46.736 [info] > git config --get commit.template [66ms]
2025-12-30 12:50:46.742 [info] > git for-each-ref --format=%(refname)%00%(upstream:short)%00%(objectname)%00%(upstream:track)%00%(upstream:remotename)%00%(upstream:remoteref) --ignore-case refs/heads/main refs/remotes/main [69ms]
2025-12-30 12:50:46.830 [info] > git for-each-ref --sort -committerdate --format %(refname)%00%(objectname)%00%(*objectname) [79ms]
2025-12-30 12:50:46.834 [info] > git status -z -uall [86ms]
2025-12-30 12:50:51.928 [info] > git config --get commit.template [85ms]
2025-12-30 12:50:51.936 [info] > git for-each-ref --format=%(refname)%00%(upstream:short)%00%(objectname)%00%(upstream:track)%00%(upstream:remotename)%00%(upstream:remoteref) --ignore-case refs/heads/main refs/remotes/main [91ms]
2025-12-30 12:50:52.021 [info] > git for-each-ref --sort -committerdate --format %(refname)%00%(objectname)%00%(*objectname) [80ms]
2025-12-30 12:50:52.022 [info] > git status -z -uall [83ms]
2025-12-30 12:51:00.322 [info] > git config --get commit.template [132ms]
2025-12-30 12:51:00.324 [info] > git for-each-ref --format=%(refname)%00%(upstream:short)%00%(objectname)%00%(upstream:track)%00%(upstream:remotename)%00%(upstream:remoteref) --ignore-case refs/heads/main refs/remotes/main [127ms]
2025-12-30 12:51:00.431 [info] > git status -z -uall [85ms]
2025-12-30 12:51:00.440 [info] > git for-each-ref --sort -committerdate --format %(refname)%00%(objectname)%00%(*objectname) [91ms]
2025-12-30 12:51:05.527 [info] > git config --get commit.template [76ms]
2025-12-30 12:51:05.536 [info] > git for-each-ref --format=%(refname)%00%(upstream:short)%00%(objectname)%00%(upstream:track)%00%(upstream:remotename)%00%(upstream:remoteref) --ignore-case refs/heads/main refs/remotes/main [84ms]
2025-12-30 12:51:05.623 [info] > git status -z -uall [85ms]
2025-12-30 12:51:05.625 [info] > git for-each-ref --sort -committerdate --format %(refname)%00%(objectname)%00%(*objectname) [85ms]
2025-12-30 12:51:16.174 [info] > git config --get commit.template [51ms]
2025-12-30 12:51:16.183 [info] > git for-each-ref --format=%(refname)%00%(upstream:short)%00%(objectname)%00%(upstream:track)%00%(upstream:remotename)%00%(upstream:remoteref) --ignore-case refs/heads/main refs/remotes/main [58ms]
2025-12-30 12:51:16.272 [info] > git for-each-ref --sort -committerdate --format %(refname)%00%(objectname)%00%(*objectname) [82ms]
2025-12-30 12:51:16.273 [info] > git status -z -uall [86ms]
2025-12-30 12:51:21.493 [info] > git config --get commit.template [206ms]
2025-12-30 12:51:21.503 [info] > git for-each-ref --format=%(refname)%00%(upstream:short)%00%(objectname)%00%(upstream:track)%00%(upstream:remotename)%00%(upstream:remoteref) --ignore-case refs/heads/main refs/remotes/main [214ms]
2025-12-30 12:51:21.613 [info] > git for-each-ref --sort -committerdate --format %(refname)%00%(objectname)%00%(*objectname) [105ms]
2025-12-30 12:51:21.614 [info] > git status -z -uall [109ms]
2025-12-30 12:51:32.717 [info] > git config --get commit.template [42ms]
2025-12-30 12:51:32.733 [info] > git for-each-ref --format=%(refname)%00%(upstream:short)%00%(objectname)%00%(upstream:track)%00%(upstream:remotename)%00%(upstream:remoteref) --ignore-case refs/heads/main refs/remotes/main [56ms]
2025-12-30 12:51:32.808 [info] > git for-each-ref --sort -committerdate --format %(refname)%00%(objectname)%00%(*objectname) [51ms]
2025-12-30 12:51:32.811 [info] > git status -z -uall [57ms]
2025-12-30 12:51:37.903 [info] > git config --get commit.template [68ms]
2025-12-30 12:51:37.916 [info] > git for-each-ref --format=%(refname)%00%(upstream:short)%00%(objectname)%00%(upstream:track)%00%(upstream:remotename)%00%(upstream:remoteref) --ignore-case refs/heads/main refs/remotes/main [79ms]
2025-12-30 12:51:37.985 [info] > git status -z -uall [64ms]
2025-12-30 12:51:37.997 [info] > git for-each-ref --sort -committerdate --format %(refname)%00%(objectname)%00%(*objectname) [73ms]
2025-12-30 12:51:39.616 [info] > git fetch [939ms]
2025-12-30 12:51:39.821 [info] > git config --get commit.template [202ms]
2025-12-30 12:51:39.824 [info] > git rev-list --count e3f86fb306257216b53118536a9d3beabf5a5328.. -- /Users/leifwsogge/Library/Mobile Documents/com~apple~CloudDocs/Space LEAF Corp.global.secure.net/Volcanic-Ash-Dispersion-Module/main.py [93ms]
2025-12-30 12:51:39.827 [info] > git for-each-ref --format=%(refname)%00%(upstream:short)%00%(objectname)%00%(upstream:track)%00%(upstream:remotename)%00%(upstream:remoteref) --ignore-case refs/heads/main refs/remotes/main [205ms]
2025-12-30 12:51:39.940 [info] > git for-each-ref --sort -committerdate --format %(refname)%00%(objectname)%00%(*objectname) [107ms]
2025-12-30 12:51:39.954 [info] > git status -z -uall [124ms]
2025-12-30 12:51:39.987 [info] > git log --format=%H%n%aN%n%aE%n%at%n%ct%n%P%n%D%n%B -z -n2 --shortstat --follow -- /Users/leifwsogge/Library/Mobile Documents/com~apple~CloudDocs/Space LEAF Corp.global.secure.net/Volcanic-Ash-Dispersion-Module/main.py [160ms]
2025-12-30 12:51:40.596 [info] > git rev-list --count e3f86fb306257216b53118536a9d3beabf5a5328.. -- /Users/leifwsogge/Library/Mobile Documents/com~apple~CloudDocs/Space LEAF Corp.global.secure.net/Volcanic-Ash-Dispersion-Module/main.py [100ms]
2025-12-30 12:51:40.906 [info] > git log --format=%H%n%aN%n%aE%n%at%n%ct%n%P%n%D%n%B -z -n2 --shortstat --follow -- /Users/leifwsogge/Library/Mobile Documents/com~apple~CloudDocs/Space LEAF Corp.global.secure.net/Volcanic-Ash-Dispersion-Module/main.py [95ms]
2025-12-30 12:51:41.022 [info] > git ls-files --stage -- main.py [47ms]
2025-12-30 12:51:41.023 [info] > git ls-files --stage -- density_classifier.py [45ms]
2025-12-30 12:51:41.025 [info] > git ls-files --stage -- ocean_deposition.py [48ms]
2025-12-30 12:51:41.069 [info] > git cat-file -s 31e179e10955d570423760cb4814652910902c0b [46ms]
2025-12-30 12:51:41.069 [info] > git cat-file -s 53462a776770781a8d4f49e001f6e969f42a496a [44ms]
2025-12-30 12:51:41.071 [info] > git cat-file -s c4b41e65a7daaf9126dcefa8249073f780da07c1 [44ms]
2025-12-30 12:51:41.138 [info] > git show --textconv :density_classifier.py [61ms]
2025-12-30 12:51:41.140 [info] > git show --textconv :main.py [64ms]
2025-12-30 12:51:41.144 [info] > git show --textconv :ocean_deposition.py [66ms]
2025-12-30 12:51:43.834 [info] > git config --get commit.template [97ms]
2025-12-30 12:51:43.866 [info] > git for-each-ref --format=%(refname)%00%(upstream:short)%00%(objectname)%00%(upstream:track)%00%(upstream:remotename)%00%(upstream:remoteref) --ignore-case refs/heads/main refs/remotes/main [123ms]
2025-12-30 12:51:43.948 [info] > git status -z -uall [78ms]
2025-12-30 12:51:43.958 [info] > git for-each-ref --sort -committerdate --format %(refname)%00%(objectname)%00%(*objectname) [85ms]
2025-12-30 12:51:49.009 [info] > git config --get commit.template [40ms]
2025-12-30 12:51:49.013 [info] > git for-each-ref --format=%(refname)%00%(upstream:short)%00%(objectname)%00%(upstream:track)%00%(upstream:remotename)%00%(upstream:remoteref) --ignore-case refs/heads/main refs/remotes/main [43ms]
2025-12-30 12:51:49.063 [info] > git status -z -uall [47ms]
2025-12-30 12:51:49.064 [info] > git for-each-ref --sort -committerdate --format %(refname)%00%(objectname)%00%(*objectname) [47ms]
2025-12-30 12:51:54.109 [info] > git config --get commit.template [38ms]
2025-12-30 12:51:54.112 [info] > git for-each-ref --format=%(refname)%00%(upstream:short)%00%(objectname)%00%(upstream:track)%00%(upstream:remotename)%00%(upstream:remoteref) --ignore-case refs/heads/main refs/remotes/main [39ms]
2025-12-30 12:51:54.153 [info] > git status -z -uall [40ms]
2025-12-30 12:51:54.154 [info] > git for-each-ref --sort -committerdate --format %(refname)%00%(objectname)%00%(*objectname) [38ms]
2025-12-30 12:52:03.719 [info] > git log --format=%H%n%aN%n%aE%n%at%n%ct%n%P%n%D%n%B -z -n51 --shortstat --follow -- /Users/leifwsogge/Library/Mobile Documents/com~apple~CloudDocs/Space LEAF Corp.global.secure.net/Volcanic-Ash-Dispersion-Module/ocean_deposition.py [120ms]
2025-12-30 12:52:07.154 [info] > git for-each-ref --format=%(refname)%00%(upstream:short)%00%(objectname)%00%(upstream:track)%00%(upstream:remotename)%00%(upstream:remoteref) --ignore-case refs/heads/main refs/remotes/main [95ms]
2025-12-30 12:52:07.177 [info] > git config --get commit.template [144ms]
2025-12-30 12:52:07.291 [info] > git for-each-ref --sort -committerdate --format %(refname)%00%(objectname)%00%(*objectname) [108ms]
2025-12-30 12:52:07.292 [info] > git status -z -uall [112ms]
2025-12-30 12:52:12.345 [info] > git config --get commit.template [44ms]
2025-12-30 12:52:12.351 [info] > git for-each-ref --format=%(refname)%00%(upstream:short)%00%(objectname)%00%(upstream:track)%00%(upstream:remotename)%00%(upstream:remoteref) --ignore-case refs/heads/main refs/remotes/main [49ms]
2025-12-30 12:52:12.404 [info] > git for-each-ref --sort -committerdate --format %(refname)%00%(objectname)%00%(*objectname) [50ms]
2025-12-30 12:52:12.409 [info] > git status -z -uall [57ms]
2025-12-30 12:52:17.504 [info] > git config --get commit.template [75ms]
2025-12-30 12:52:17.509 [info] > git for-each-ref --format=%(refname)%00%(upstream:short)%00%(objectname)%00%(upstream:track)%00%(upstream:remotename)%00%(upstream:remoteref) --ignore-case refs/heads/main refs/remotes/main [61ms]
2025-12-30 12:52:17.556 [info] > git status -z -uall [45ms]
2025-12-30 12:52:17.558 [info] > git for-each-ref --sort -committerdate --format %(refname)%00%(objectname)%00%(*objectname) [46ms]
2025-12-30 12:52:25.391 [info] > git config --get commit.template [87ms]
2025-12-30 12:52:25.397 [info] > git for-each-ref --format=%(refname)%00%(upstream:short)%00%(objectname)%00%(upstream:track)%00%(upstream:remotename)%00%(upstream:remoteref) --ignore-case refs/heads/main refs/remotes/main [90ms]
2025-12-30 12:52:25.470 [info] > git for-each-ref --sort -committerdate --format %(refname)%00%(objectname)%00%(*objectname) [65ms]
2025-12-30 12:52:25.471 [info] > git status -z -uall [68ms]
2025-12-30 12:52:30.525 [info] > git config --get commit.template [43ms]
2025-12-30 12:52:30.529 [info] > git for-each-ref --format=%(refname)%00%(upstream:short)%00%(objectname)%00%(upstream:track)%00%(upstream:remotename)%00%(upstream:remoteref) --ignore-case refs/heads/main refs/remotes/main [45ms]
2025-12-30 12:52:30.573 [info] > git status -z -uall [42ms]
2025-12-30 12:52:30.574 [info] > git for-each-ref --sort -committerdate --format %(refname)%00%(objectname)%00%(*objectname) [42ms]
2025-12-30 12:52:44.257 [info] > git config --get commit.template [63ms]
2025-12-30 12:52:44.269 [info] > git for-each-ref --format=%(refname)%00%(upstream:short)%00%(objectname)%00%(upstream:track)%00%(upstream:remotename)%00%(upstream:remoteref) --ignore-case refs/heads/main refs/remotes/main [66ms]
2025-12-30 12:52:44.327 [info] > git status -z -uall [55ms]
2025-12-30 12:52:44.329 [info] > git for-each-ref --sort -committerdate --format %(refname)%00%(objectname)%00%(*objectname) [54ms]
2025-12-30 12:52:49.417 [info] > git config --get commit.template [72ms]
2025-12-30 12:52:49.425 [info] > git for-each-ref --format=%(refname)%00%(upstream:short)%00%(objectname)%00%(upstream:track)%00%(upstream:remotename)%00%(upstream:remoteref) --ignore-case refs/heads/main refs/remotes/main [77ms]
2025-12-30 12:52:49.553 [info] > git status -z -uall [123ms]
2025-12-30 12:52:49.565 [info] > git for-each-ref --sort -committerdate --format %(refname)%00%(objectname)%00%(*objectname) [133ms]
2025-12-30 12:52:54.673 [info] > git log --format=%H%n%aN%n%aE%n%at%n%ct%n%P%n%D%n%B -z -n51 --shortstat --follow -- /Users/leifwsogge/Library/Mobile Documents/com~apple~CloudDocs/Space LEAF Corp.global.secure.net/Volcanic-Ash-Dispersion-Module/main.py [98ms]
2025-12-30 12:52:55.153 [info] > git ls-files --stage -- main.py [80ms]
2025-12-30 12:52:55.165 [info] > git show --textconv :main.py [95ms]
2025-12-30 12:52:55.226 [info] > git cat-file -s 31e179e10955d570423760cb4814652910902c0b [70ms]
2025-12-30 12:52:57.672 [info] > git config --get commit.template [207ms]
2025-12-30 12:52:57.673 [info] > git for-each-ref --format=%(refname)%00%(upstream:short)%00%(objectname)%00%(upstream:track)%00%(upstream:remotename)%00%(upstream:remoteref) --ignore-case refs/heads/main refs/remotes/main [191ms]
2025-12-30 12:52:57.903 [info] > git for-each-ref --sort -committerdate --format %(refname)%00%(objectname)%00%(*objectname) [223ms]
2025-12-30 12:52:57.909 [info] > git status -z -uall [231ms]
2025-12-30 12:53:02.818 [info] > git log --format=%H%n%aN%n%aE%n%at%n%ct%n%P%n%D%n%B -z -n51 --shortstat --follow -- /Users/leifwsogge/Library/Mobile Documents/com~apple~CloudDocs/Space LEAF Corp.global.secure.net/Volcanic-Ash-Dispersion-Module/density_classifier.py [95ms]
2025-12-30 12:53:02.989 [info] > git config --get commit.template [72ms]
2025-12-30 12:53:03.007 [info] > git for-each-ref --format=%(refname)%00%(upstream:short)%00%(objectname)%00%(upstream:track)%00%(upstream:remotename)%00%(upstream:remoteref) --ignore-case refs/heads/main refs/remotes/main [88ms]
2025-12-30 12:53:03.078 [info] > git status -z -uall [68ms]
2025-12-30 12:53:03.093 [info] > git for-each-ref --sort -committerdate --format %(refname)%00%(objectname)%00%(*objectname) [81ms]
2025-12-30 12:53:03.363 [info] > git show --textconv :density_classifier.py [72ms]
2025-12-30 12:53:03.371 [info] > git ls-files --stage -- density_classifier.py [77ms]
2025-12-30 12:53:03.492 [info] > git cat-file -s 53462a776770781a8d4f49e001f6e969f42a496a [119ms]
2025-12-30 12:53:08.451 [info] > git config --get commit.template [47ms]
2025-12-30 12:53:08.454 [info] > git for-each-ref --format=%(refname)%00%(upstream:short)%00%(objectname)%00%(upstream:track)%00%(upstream:remotename)%00%(upstream:remoteref) --ignore-case refs/heads/main refs/remotes/main [47ms]
2025-12-30 12:53:08.508 [info] > git for-each-ref --sort -committerdate --format %(refname)%00%(objectname)%00%(*objectname) [51ms]
2025-12-30 12:53:08.512 [info] > git status -z -uall [56ms]
2025-12-30 12:53:13.655 [info] > git config --get commit.template [127ms]
2025-12-30 12:53:13.667 [info] > git for-each-ref --format=%(refname)%00%(upstream:short)%00%(objectname)%00%(upstream:track)%00%(upstream:remotename)%00%(upstream:remoteref) --ignore-case refs/heads/main refs/remotes/main [136ms]
2025-12-30 12:53:13.782 [info] > git for-each-ref --sort -committerdate --format %(refname)%00%(objectname)%00%(*objectname) [104ms]
2025-12-30 12:53:13.786 [info] > git status -z -uall [110ms]
2025-12-30 12:53:19.260 [info] > git log --format=%H%n%aN%n%aE%n%at%n%ct%n%P%n%D%n%B -z -n51 --shortstat --follow -- /Users/leifwsogge/Library/Mobile Documents/com~apple~CloudDocs/Space LEAF Corp.global.secure.net/Volcanic-Ash-Dispersion-Module/ash_distribution_plot.py [114ms]
2025-12-30 12:53:19.923 [info] > git ls-files --stage -- ash_distribution_plot.py [81ms]
2025-12-30 12:53:19.964 [info] > git show --textconv :ash_distribution_plot.py [124ms]
2025-12-30 12:53:20.060 [info] > git cat-file -s 1b50c8125fbd613afa5a01f81b827e092d8da66d [134ms]
2025-12-30 12:53:50.306 [info] > git config --get commit.template [75ms]
2025-12-30 12:53:50.312 [info] > git for-each-ref --format=%(refname)%00%(upstream:short)%00%(objectname)%00%(upstream:track)%00%(upstream:remotename)%00%(upstream:remoteref) --ignore-case refs/heads/main refs/remotes/main [78ms]
2025-12-30 12:53:50.378 [info] > git status -z -uall [63ms]
2025-12-30 12:53:50.385 [info] > git for-each-ref --sort -committerdate --format %(refname)%00%(objectname)%00%(*objectname) [67ms]
2025-12-30 12:53:55.479 [info] > git config --get commit.template [84ms]
2025-12-30 12:53:55.494 [info] > git for-each-ref --format=%(refname)%00%(upstream:short)%00%(objectname)%00%(upstream:track)%00%(upstream:remotename)%00%(upstream:remoteref) --ignore-case refs/heads/main refs/remotes/main [97ms]
2025-12-30 12:53:55.570 [info] > git for-each-ref --sort -committerdate --format %(refname)%00%(objectname)%00%(*objectname) [69ms]
2025-12-30 12:53:55.572 [info] > git status -z -uall [74ms]
2025-12-30 12:54:00.635 [info] > git config --get commit.template [47ms]
2025-12-30 12:54:00.640 [info] > git for-each-ref --format=%(refname)%00%(upstream:short)%00%(objectname)%00%(upstream:track)%00%(upstream:remotename)%00%(upstream:remoteref) --ignore-case refs/heads/main refs/remotes/main [48ms]
2025-12-30 12:54:00.711 [info] > git for-each-ref --sort -committerdate --format %(refname)%00%(objectname)%00%(*objectname) [67ms]
2025-12-30 12:54:00.714 [info] > git status -z -uall [72ms]
2025-12-30 12:54:13.969 [info] > git log --format=%H%n%aN%n%aE%n%at%n%ct%n%P%n%D%n%B -z -n51 --shortstat --follow -- /Users/leifwsogge/Library/Mobile Documents/com~apple~CloudDocs/Space LEAF Corp.global.secure.net/Volcanic-Ash-Dispersion-Module/main.py [116ms]
2025-12-30 12:54:19.203 [info] > git config --get commit.template [60ms]
2025-12-30 12:54:19.204 [info] > git for-each-ref --format=%(refname)%00%(upstream:short)%00%(objectname)%00%(upstream:track)%00%(upstream:remotename)%00%(upstream:remoteref) --ignore-case refs/heads/main refs/remotes/main [59ms]
2025-12-30 12:54:19.262 [info] > git for-each-ref --sort -committerdate --format %(refname)%00%(objectname)%00%(*objectname) [54ms]
2025-12-30 12:54:19.264 [info] > git status -z -uall [58ms]
2025-12-30 12:54:24.339 [info] > git config --get commit.template [64ms]
2025-12-30 12:54:24.347 [info] > git for-each-ref --format=%(refname)%00%(upstream:short)%00%(objectname)%00%(upstream:track)%00%(upstream:remotename)%00%(upstream:remoteref) --ignore-case refs/heads/main refs/remotes/main [69ms]
2025-12-30 12:54:24.461 [info] > git status -z -uall [110ms]
2025-12-30 12:54:24.463 [info] > git for-each-ref --sort -committerdate --format %(refname)%00%(objectname)%00%(*objectname) [109ms]
2025-12-30 12:54:34.997 [info] > git config --get commit.template [48ms]
2025-12-30 12:54:34.998 [info] > git for-each-ref --format=%(refname)%00%(upstream:short)%00%(objectname)%00%(upstream:track)%00%(upstream:remotename)%00%(upstream:remoteref) --ignore-case refs/heads/main refs/remotes/main [46ms]
2025-12-30 12:54:35.047 [info] > git status -z -uall [46ms]
2025-12-30 12:54:35.047 [info] > git for-each-ref --sort -committerdate --format %(refname)%00%(objectname)%00%(*objectname) [43ms]
2025-12-30 12:54:40.559 [info] > git fetch [588ms]
2025-12-30 12:54:40.634 [info] > git config --get commit.template [71ms]
2025-12-30 12:54:40.649 [info] > git for-each-ref --format=%(refname)%00%(upstream:short)%00%(objectname)%00%(upstream:track)%00%(upstream:remotename)%00%(upstream:remoteref) --ignore-case refs/heads/main refs/remotes/main [84ms]
2025-12-30 12:54:40.737 [info] > git for-each-ref --sort -committerdate --format %(refname)%00%(objectname)%00%(*objectname) [80ms]
2025-12-30 12:54:40.750 [info] > git status -z -uall [96ms]
2025-12-30 12:54:40.776 [info] > git rev-list --count e3f86fb306257216b53118536a9d3beabf5a5328.. -- /Users/leifwsogge/Library/Mobile Documents/com~apple~CloudDocs/Space LEAF Corp.global.secure.net/Volcanic-Ash-Dispersion-Module/main.py [81ms]
2025-12-30 12:54:40.830 [info] > git config --get commit.template [73ms]
2025-12-30 12:54:40.856 [info] > git log --format=%H%n%aN%n%aE%n%at%n%ct%n%P%n%D%n%B -z -n2 --shortstat --follow -- /Users/leifwsogge/Library/Mobile Documents/com~apple~CloudDocs/Space LEAF Corp.global.secure.net/Volcanic-Ash-Dispersion-Module/main.py [77ms]
2025-12-30 12:54:40.859 [info] > git for-each-ref --format=%(refname)%00%(upstream:short)%00%(objectname)%00%(upstream:track)%00%(upstream:remotename)%00%(upstream:remoteref) --ignore-case refs/heads/main refs/remotes/main [99ms]
2025-12-30 12:54:40.930 [info] > git status -z -uall [67ms]
2025-12-30 12:54:40.931 [info] > git for-each-ref --sort -committerdate --format %(refname)%00%(objectname)%00%(*objectname) [64ms]
2025-12-30 12:54:41.571 [info] > git rev-list --count e3f86fb306257216b53118536a9d3beabf5a5328.. -- /Users/leifwsogge/Library/Mobile Documents/com~apple~CloudDocs/Space LEAF Corp.global.secure.net/Volcanic-Ash-Dispersion-Module/main.py [123ms]
2025-12-30 12:54:41.678 [info] > git log --format=%H%n%aN%n%aE%n%at%n%ct%n%P%n%D%n%B -z -n2 --shortstat --follow -- /Users/leifwsogge/Library/Mobile Documents/com~apple~CloudDocs/Space LEAF Corp.global.secure.net/Volcanic-Ash-Dispersion-Module/main.py [103ms]
2025-12-30 12:54:42.126 [info] > git ls-files --stage -- density_classifier.py [72ms]
2025-12-30 12:54:42.130 [info] > git ls-files --stage -- main.py [78ms]
2025-12-30 12:54:42.132 [info] > git ls-files --stage -- ash_distribution_plot.py [75ms]
2025-12-30 12:54:42.202 [info] > git cat-file -s 1b50c8125fbd613afa5a01f81b827e092d8da66d [68ms]
2025-12-30 12:54:42.205 [info] > git cat-file -s 31e179e10955d570423760cb4814652910902c0b [73ms]
2025-12-30 12:54:42.206 [info] > git cat-file -s 53462a776770781a8d4f49e001f6e969f42a496a [77ms]
2025-12-30 12:54:42.264 [info] > git show --textconv :density_classifier.py [51ms]
2025-12-30 12:54:42.267 [info] > git show --textconv :ash_distribution_plot.py [63ms]
2025-12-30 12:54:42.267 [info] > git show --textconv :main.py [57ms]
2025-12-30 12:54:45.986 [info] > git config --get commit.template [48ms]
2025-12-30 12:54:45.990 [info] > git for-each-ref --format=%(refname)%00%(upstream:short)%00%(objectname)%00%(upstream:track)%00%(upstream:remotename)%00%(upstream:remoteref) --ignore-case refs/heads/main refs/remotes/main [49ms]
2025-12-30 12:54:46.042 [info] > git status -z -uall [50ms]
2025-12-30 12:54:46.042 [info] > git for-each-ref --sort -committerdate --format %(refname)%00%(objectname)%00%(*objectname) [47ms]
2025-12-30 12:54:51.093 [info] > git config --get commit.template [44ms]
2025-12-30 12:54:51.109 [info] > git for-each-ref --format=%(refname)%00%(upstream:short)%00%(objectname)%00%(upstream:track)%00%(upstream:remotename)%00%(upstream:remoteref) --ignore-case refs/heads/main refs/remotes/main [58ms]
2025-12-30 12:54:51.182 [info] > git for-each-ref --sort -committerdate --format %(refname)%00%(objectname)%00%(*objectname) [68ms]
2025-12-30 12:54:51.194 [info] > git status -z -uall [82ms]
2025-12-30 12:54:56.258 [info] > git config --get commit.template [49ms]
2025-12-30 12:54:56.261 [info] > git for-each-ref --format=%(refname)%00%(upstream:short)%00%(objectname)%00%(upstream:track)%00%(upstream:remotename)%00%(upstream:remoteref) --ignore-case refs/heads/main refs/remotes/main [49ms]
2025-12-30 12:54:56.311 [info] > git for-each-ref --sort -committerdate --format %(refname)%00%(objectname)%00%(*objectname) [47ms]
2025-12-30 12:54:56.312 [info] > git status -z -uall [49ms]
2025-12-30 12:54:58.484 [info] > git log --format=%H%n%aN%n%aE%n%at%n%ct%n%P%n%D%n%B -z -n51 --shortstat --follow -- /Users/leifwsogge/Library/Mobile Documents/com~apple~CloudDocs/Space LEAF Corp.global.secure.net/Volcanic-Ash-Dispersion-Module/ash_distribution_plot.py [68ms]
2025-12-30 12:55:01.359 [info] > git config --get commit.template [40ms]
2025-12-30 12:55:01.362 [info] > git for-each-ref --format=%(refname)%00%(upstream:short)%00%(objectname)%00%(upstream:track)%00%(upstream:remotename)%00%(upstream:remoteref) --ignore-case refs/heads/main refs/remotes/main [42ms]
2025-12-30 12:55:01.406 [info] > git status -z -uall [42ms]
2025-12-30 12:55:01.406 [info] > git for-each-ref --sort -committerdate --format %(refname)%00%(objectname)%00%(*objectname) [41ms]
2025-12-30 12:55:06.488 [info] > git config --get commit.template [67ms]
2025-12-30 12:55:06.492 [info] > git for-each-ref --format=%(refname)%00%(upstream:short)%00%(objectname)%00%(upstream:track)%00%(upstream:remotename)%00%(upstream:remoteref) --ignore-case refs/heads/main refs/remotes/main [68ms]
2025-12-30 12:55:06.545 [info] > git status -z -uall [51ms]
2025-12-30 12:55:06.547 [info] > git for-each-ref --sort -committerdate --format %(refname)%00%(objectname)%00%(*objectname) [52ms]
2025-12-30 12:55:11.592 [info] > git config --get commit.template [37ms]
2025-12-30 12:55:11.595 [info] > git for-each-ref --format=%(refname)%00%(upstream:short)%00%(objectname)%00%(upstream:track)%00%(upstream:remotename)%00%(upstream:remoteref) --ignore-case refs/heads/main refs/remotes/main [40ms]
2025-12-30 12:55:11.648 [info] > git status -z -uall [51ms]
2025-12-30 12:55:11.649 [info] > git for-each-ref --sort -committerdate --format %(refname)%00%(objectname)%00%(*objectname) [51ms]
2025-12-30 12:55:20.222 [info] > git config --get commit.template [47ms]
2025-12-30 12:55:20.227 [info] > git for-each-ref --format=%(refname)%00%(upstream:short)%00%(objectname)%00%(upstream:track)%00%(upstream:remotename)%00%(upstream:remoteref) --ignore-case refs/heads/main refs/remotes/main [47ms]
2025-12-30 12:55:20.292 [info] > git status -z -uall [63ms]
2025-12-30 12:55:20.296 [info] > git for-each-ref --sort -committerdate --format %(refname)%00%(objectname)%00%(*objectname) [66ms]
2025-12-30 12:55:25.524 [info] > git config --get commit.template [211ms]
2025-12-30 12:55:25.529 [info] > git for-each-ref --format=%(refname)%00%(upstream:short)%00%(objectname)%00%(upstream:track)%00%(upstream:remotename)%00%(upstream:remoteref) --ignore-case refs/heads/main refs/remotes/main [213ms]
2025-12-30 12:55:25.635 [info] > git for-each-ref --sort -committerdate --format %(refname)%00%(objectname)%00%(*objectname) [98ms]
2025-12-30 12:55:25.719 [info] > git status -z -uall [187ms]
2025-12-30 12:55:30.879 [info] > git config --get commit.template [117ms]
2025-12-30 12:55:31.304 [info] > git for-each-ref --format=%(refname)%00%(upstream:short)%00%(objectname)%00%(upstream:track)%00%(upstream:remotename)%00%(upstream:remoteref) --ignore-case refs/heads/main refs/remotes/main [523ms]
2025-12-30 12:55:31.731 [info] > git status -z -uall [198ms]
2025-12-30 12:55:31.856 [info] > git for-each-ref --sort -committerdate --format %(refname)%00%(objectname)%00%(*objectname) [321ms]
2025-12-30 12:55:37.103 [info] > git config --get commit.template [86ms]
2025-12-30 12:55:37.106 [info] > git for-each-ref --format=%(refname)%00%(upstream:short)%00%(objectname)%00%(upstream:track)%00%(upstream:remotename)%00%(upstream:remoteref) --ignore-case refs/heads/main refs/remotes/main [78ms]
2025-12-30 12:55:37.176 [info] > git status -z -uall [66ms]
2025-12-30 12:55:37.185 [info] > git for-each-ref --sort -committerdate --format %(refname)%00%(objectname)%00%(*objectname) [73ms]
2025-12-30 12:55:42.245 [info] > git config --get commit.template [49ms]
2025-12-30 12:55:42.259 [info] > git for-each-ref --format=%(refname)%00%(upstream:short)%00%(objectname)%00%(upstream:track)%00%(upstream:remotename)%00%(upstream:remoteref) --ignore-case refs/heads/main refs/remotes/main [61ms]
2025-12-30 12:55:42.408 [info] > git status -z -uall [141ms]
2025-12-30 12:55:42.427 [info] > git for-each-ref --sort -committerdate --format %(refname)%00%(objectname)%00%(*objectname) [156ms]
2025-12-30 12:55:51.996 [info] > git config --get commit.template [57ms]
2025-12-30 12:55:51.999 [info] > git for-each-ref --format=%(refname)%00%(upstream:short)%00%(objectname)%00%(upstream:track)%00%(upstream:remotename)%00%(upstream:remoteref) --ignore-case refs/heads/main refs/remotes/main [57ms]
2025-12-30 12:55:52.060 [info] > git status -z -uall [55ms]
2025-12-30 12:55:52.060 [info] > git for-each-ref --sort -committerdate --format %(refname)%00%(objectname)%00%(*objectname) [53ms]
2025-12-30 12:55:57.127 [info] > git config --get commit.template [52ms]
2025-12-30 12:55:57.132 [info] > git for-each-ref --format=%(refname)%00%(upstream:short)%00%(objectname)%00%(upstream:track)%00%(upstream:remotename)%00%(upstream:remoteref) --ignore-case refs/heads/main refs/remotes/main [55ms]
2025-12-30 12:55:57.194 [info] > git for-each-ref --sort -committerdate --format %(refname)%00%(objectname)%00%(*objectname) [58ms]
2025-12-30 12:55:57.197 [info] > git status -z -uall [63ms]
2025-12-30 12:56:02.258 [info] > git config --get commit.template [49ms]
2025-12-30 12:56:02.260 [info] > git for-each-ref --format=%(refname)%00%(upstream:short)%00%(objectname)%00%(upstream:track)%00%(upstream:remotename)%00%(upstream:remoteref) --ignore-case refs/heads/main refs/remotes/main [49ms]
2025-12-30 12:56:02.313 [info] > git status -z -uall [51ms]
2025-12-30 12:56:02.313 [info] > git for-each-ref --sort -committerdate --format %(refname)%00%(objectname)%00%(*objectname) [49ms]
2025-12-30 12:56:07.358 [info] > git config --get commit.template [36ms]
2025-12-30 12:56:07.361 [info] > git for-each-ref --format=%(refname)%00%(upstream:short)%00%(objectname)%00%(upstream:track)%00%(upstream:remotename)%00%(upstream:remoteref) --ignore-case refs/heads/main refs/remotes/main [38ms]
2025-12-30 12:56:07.406 [info] > git status -z -uall [44ms]
2025-12-30 12:56:07.407 [info] > git for-each-ref --sort -committerdate --format %(refname)%00%(objectname)%00%(*objectname) [43ms]
2025-12-30 12:56:13.444 [info] > git config --get commit.template [69ms]
2025-12-30 12:56:13.449 [info] > git for-each-ref --format=%(refname)%00%(upstream:short)%00%(objectname)%00%(upstream:track)%00%(upstream:remotename)%00%(upstream:remoteref) --ignore-case refs/heads/main refs/remotes/main [73ms]
2025-12-30 12:56:13.498 [info] > git status -z -uall [45ms]
2025-12-30 12:56:13.498 [info] > git for-each-ref --sort -committerdate --format %(refname)%00%(objectname)%00%(*objectname) [43ms]
2025-12-30 12:56:18.559 [info] > git config --get commit.template [50ms]
2025-12-30 12:56:18.563 [info] > git for-each-ref --format=%(refname)%00%(upstream:short)%00%(objectname)%00%(upstream:track)%00%(upstream:remotename)%00%(upstream:remoteref) --ignore-case refs/heads/main refs/remotes/main [53ms]
2025-12-30 12:56:18.621 [info] > git status -z -uall [55ms]
2025-12-30 12:56:18.624 [info] > git for-each-ref --sort -committerdate --format %(refname)%00%(objectname)%00%(*objectname) [56ms]
2025-12-30 12:56:23.699 [info] > git config --get commit.template [68ms]
2025-12-30 12:56:23.703 [info] > git for-each-ref --format=%(refname)%00%(upstream:short)%00%(objectname)%00%(upstream:track)%00%(upstream:remotename)%00%(upstream:remoteref) --ignore-case refs/heads/main refs/remotes/main [67ms]
2025-12-30 12:56:23.745 [info] > git for-each-ref --sort -committerdate --format %(refname)%00%(objectname)%00%(*objectname) [39ms]
2025-12-30 12:56:23.746 [info] > git status -z -uall [41ms]
2025-12-30 12:56:28.922 [info] > git for-each-ref --format=%(refname)%00%(upstream:short)%00%(objectname)%00%(upstream:track)%00%(upstream:remotename)%00%(upstream:remoteref) --ignore-case refs/heads/main refs/remotes/main [161ms]
2025-12-30 12:56:28.942 [info] > git config --get commit.template [186ms]
2025-12-30 12:56:29.025 [info] > git for-each-ref --sort -committerdate --format %(refname)%00%(objectname)%00%(*objectname) [77ms]
2025-12-30 12:56:29.031 [info] > git status -z -uall [87ms]
2025-12-30 12:56:34.177 [info] > git config --get commit.template [123ms]
2025-12-30 12:56:34.182 [info] > git for-each-ref --format=%(refname)%00%(upstream:short)%00%(objectname)%00%(upstream:track)%00%(upstream:remotename)%00%(upstream:remoteref) --ignore-case refs/heads/main refs/remotes/main [115ms]
2025-12-30 12:56:34.229 [info] > git status -z -uall [45ms]
2025-12-30 12:56:34.230 [info] > git for-each-ref --sort -committerdate --format %(refname)%00%(objectname)%00%(*objectname) [44ms]
2025-12-30 12:56:44.581 [info] > git config --get commit.template [80ms]
2025-12-30 12:56:44.582 [info] > git for-each-ref --format=%(refname)%00%(upstream:short)%00%(objectname)%00%(upstream:track)%00%(upstream:remotename)%00%(upstream:remoteref) --ignore-case refs/heads/main refs/remotes/main [75ms]
2025-12-30 12:56:44.655 [info] > git status -z -uall [68ms]
2025-12-30 12:56:44.661 [info] > git for-each-ref --sort -committerdate --format %(refname)%00%(objectname)%00%(*objectname) [71ms]
2025-12-30 12:56:49.715 [info] > git config --get commit.template [42ms]
2025-12-30 12:56:49.719 [info] > git for-each-ref --format=%(refname)%00%(upstream:short)%00%(objectname)%00%(upstream:track)%00%(upstream:remotename)%00%(upstream:remoteref) --ignore-case refs/heads/main refs/remotes/main [43ms]
2025-12-30 12:56:49.765 [info] > git status -z -uall [43ms]
2025-12-30 12:56:49.765 [info] > git for-each-ref --sort -committerdate --format %(refname)%00%(objectname)%00%(*objectname) [41ms]
2025-12-30 12:57:31.715 [info] > git log --format=%H%n%aN%n%aE%n%at%n%ct%n%P%n%D%n%B -z -n51 --shortstat --follow -- /Users/leifwsogge/Library/Mobile Documents/com~apple~CloudDocs/Space LEAF Corp.global.secure.net/Volcanic-Ash-Dispersion-Module/density_classifier.py [88ms]
2025-12-30 12:57:32.446 [info] > git ls-files --stage -- density_classifier.py [62ms]
2025-12-30 12:57:32.456 [info] > git show --textconv :density_classifier.py [75ms]
2025-12-30 12:57:32.496 [info] > git cat-file -s 53462a776770781a8d4f49e001f6e969f42a496a [48ms]
2025-12-30 12:57:36.105 [info] > git config --get commit.template [59ms]
2025-12-30 12:57:36.108 [info] > git for-each-ref --format=%(refname)%00%(upstream:short)%00%(objectname)%00%(upstream:track)%00%(upstream:remotename)%00%(upstream:remoteref) --ignore-case refs/heads/main refs/remotes/main [60ms]
2025-12-30 12:57:36.172 [info] > git for-each-ref --sort -committerdate --format %(refname)%00%(objectname)%00%(*objectname) [59ms]
2025-12-30 12:57:36.174 [info] > git status -z -uall [63ms]
2025-12-30 12:57:41.317 [info] > git fetch [555ms]
2025-12-30 12:57:41.359 [info] > git config --get commit.template [40ms]
2025-12-30 12:57:41.362 [info] > git for-each-ref --format=%(refname)%00%(upstream:short)%00%(objectname)%00%(upstream:track)%00%(upstream:remotename)%00%(upstream:remoteref) --ignore-case refs/heads/main refs/remotes/main [42ms]
2025-12-30 12:57:41.414 [info] > git status -z -uall [51ms]
2025-12-30 12:57:41.418 [info] > git for-each-ref --sort -committerdate --format %(refname)%00%(objectname)%00%(*objectname) [54ms]
2025-12-30 12:57:41.479 [info] > git config --get commit.template [54ms]
2025-12-30 12:57:41.508 [info] > git for-each-ref --format=%(refname)%00%(upstream:short)%00%(objectname)%00%(upstream:track)%00%(upstream:remotename)%00%(upstream:remoteref) --ignore-case refs/heads/main refs/remotes/main [73ms]
2025-12-30 12:57:41.551 [info] > git status -z -uall [41ms]
2025-12-30 12:57:41.554 [info] > git for-each-ref --sort -committerdate --format %(refname)%00%(objectname)%00%(*objectname) [43ms]
2025-12-30 12:57:42.012 [info] > git rev-list --count e3f86fb306257216b53118536a9d3beabf5a5328.. -- /Users/leifwsogge/Library/Mobile Documents/com~apple~CloudDocs/Space LEAF Corp.global.secure.net/Volcanic-Ash-Dispersion-Module/density_classifier.py [52ms]
2025-12-30 12:57:42.064 [info] > git log --format=%H%n%aN%n%aE%n%at%n%ct%n%P%n%D%n%B -z -n2 --shortstat --follow -- /Users/leifwsogge/Library/Mobile Documents/com~apple~CloudDocs/Space LEAF Corp.global.secure.net/Volcanic-Ash-Dispersion-Module/density_classifier.py [51ms]
2025-12-30 12:57:42.606 [info] > git ls-files --stage -- density_classifier.py [45ms]
2025-12-30 12:57:42.651 [info] > git cat-file -s 53462a776770781a8d4f49e001f6e969f42a496a [43ms]
2025-12-30 12:57:42.689 [info] > git show --textconv :density_classifier.py [36ms]
2025-12-30 12:57:46.609 [info] > git config --get commit.template [45ms]
2025-12-30 12:57:46.618 [info] > git for-each-ref --format=%(refname)%00%(upstream:short)%00%(objectname)%00%(upstream:track)%00%(upstream:remotename)%00%(upstream:remoteref) --ignore-case refs/heads/main refs/remotes/main [53ms]
2025-12-30 12:57:46.663 [info] > git for-each-ref --sort -committerdate --format %(refname)%00%(objectname)%00%(*objectname) [42ms]
2025-12-30 12:57:46.664 [info] > git status -z -uall [45ms]
2025-12-30 12:58:08.636 [info] > git log --format=%H%n%aN%n%aE%n%at%n%ct%n%P%n%D%n%B -z -n51 --shortstat --follow -- /Users/leifwsogge/Library/Mobile Documents/com~apple~CloudDocs/Space LEAF Corp.global.secure.net/Volcanic-Ash-Dispersion-Module/ash_distribution_plot.py [82ms]
2025-12-30 12:58:09.303 [info] > git ls-files --stage -- ash_distribution_plot.py [57ms]
2025-12-30 12:58:09.306 [info] > git show --textconv :ash_distribution_plot.py [62ms]
2025-12-30 12:58:09.359 [info] > git cat-file -s 1b50c8125fbd613afa5a01f81b827e092d8da66d [53ms]
2025-12-30 12:58:24.678 [info] > git log --format=%H%n%aN%n%aE%n%at%n%ct%n%P%n%D%n%B -z -n51 --shortstat --follow -- /Users/leifwsogge/Library/Mobile Documents/com~apple~CloudDocs/Space LEAF Corp.global.secure.net/Volcanic-Ash-Dispersion-Module/ocean_deposition.py [127ms]
2025-12-30 12:58:25.168 [info] > git ls-files --stage -- ocean_deposition.py [54ms]
2025-12-30 12:58:25.176 [info] > git show --textconv :ocean_deposition.py [64ms]
2025-12-30 12:58:25.216 [info] > git cat-file -s c4b41e65a7daaf9126dcefa8249073f780da07c1 [46ms]
2025-12-30 12:58:27.947 [info] > git config --get commit.template [41ms]
2025-12-30 12:58:27.952 [info] > git for-each-ref --format=%(refname)%00%(upstream:short)%00%(objectname)%00%(upstream:track)%00%(upstream:remotename)%00%(upstream:remoteref) --ignore-case refs/heads/main refs/remotes/main [42ms]
2025-12-30 12:58:28.000 [info] > git status -z -uall [46ms]
2025-12-30 12:58:28.002 [info] > git for-each-ref --sort -committerdate --format %(refname)%00%(objectname)%00%(*objectname) [46ms]
2025-12-30 12:58:33.101 [info] > git config --get commit.template [59ms]
2025-12-30 12:58:33.101 [info] > git for-each-ref --format=%(refname)%00%(upstream:short)%00%(objectname)%00%(upstream:track)%00%(upstream:remotename)%00%(upstream:remoteref) --ignore-case refs/heads/main refs/remotes/main [45ms]
2025-12-30 12:58:33.172 [info] > git for-each-ref --sort -committerdate --format %(refname)%00%(objectname)%00%(*objectname) [65ms]
2025-12-30 12:58:33.173 [info] > git status -z -uall [68ms]
2025-12-30 12:59:20.043 [info] > git config --get commit.template [74ms]
2025-12-30 12:59:20.051 [info] > git for-each-ref --format=%(refname)%00%(upstream:short)%00%(objectname)%00%(upstream:track)%00%(upstream:remotename)%00%(upstream:remoteref) --ignore-case refs/heads/main refs/remotes/main [79ms]
2025-12-30 12:59:20.125 [info] > git status -z -uall [69ms]
2025-12-30 12:59:20.132 [info] > git for-each-ref --sort -committerdate --format %(refname)%00%(objectname)%00%(*objectname) [73ms]
2025-12-30 12:59:25.225 [info] > git config --get commit.template [79ms]
2025-12-30 12:59:25.298 [info] > git for-each-ref --format=%(refname)%00%(upstream:short)%00%(objectname)%00%(upstream:track)%00%(upstream:remotename)%00%(upstream:remoteref) --ignore-case refs/heads/main refs/remotes/main [148ms]
2025-12-30 12:59:25.389 [info] > git for-each-ref --sort -committerdate --format %(refname)%00%(objectname)%00%(*objectname) [59ms]
2025-12-30 12:59:25.399 [info] > git status -z -uall [72ms]
2025-12-30 12:59:30.448 [info] > git config --get commit.template [44ms]
2025-12-30 12:59:30.452 [info] > git for-each-ref --format=%(refname)%00%(upstream:short)%00%(objectname)%00%(upstream:track)%00%(upstream:remotename)%00%(upstream:remoteref) --ignore-case refs/heads/main refs/remotes/main [46ms]
2025-12-30 12:59:30.517 [info] > git for-each-ref --sort -committerdate --format %(refname)%00%(objectname)%00%(*objectname) [60ms]
2025-12-30 12:59:30.520 [info] > git status -z -uall [64ms]
2025-12-30 12:59:35.575 [info] > git config --get commit.template [44ms]
2025-12-30 12:59:35.577 [info] > git for-each-ref --format=%(refname)%00%(upstream:short)%00%(objectname)%00%(upstream:track)%00%(upstream:remotename)%00%(upstream:remoteref) --ignore-case refs/heads/main refs/remotes/main [44ms]
2025-12-30 12:59:35.616 [info] > git status -z -uall [37ms]
2025-12-30 12:59:35.617 [info] > git for-each-ref --sort -committerdate --format %(refname)%00%(objectname)%00%(*objectname) [37ms]
2025-12-30 12:59:41.781 [info] > git config --get commit.template [99ms]
2025-12-30 12:59:41.787 [info] > git for-each-ref --format=%(refname)%00%(upstream:short)%00%(objectname)%00%(upstream:track)%00%(upstream:remotename)%00%(upstream:remoteref) --ignore-case refs/heads/main refs/remotes/main [100ms]
2025-12-30 12:59:41.857 [info] > git status -z -uall [67ms]
2025-12-30 12:59:41.864 [info] > git for-each-ref --sort -committerdate --format %(refname)%00%(objectname)%00%(*objectname) [73ms]
2025-12-30 12:59:46.954 [info] > git config --get commit.template [77ms]
2025-12-30 12:59:47.060 [info] > git for-each-ref --format=%(refname)%00%(upstream:short)%00%(objectname)%00%(upstream:track)%00%(upstream:remotename)%00%(upstream:remoteref) --ignore-case refs/heads/main refs/remotes/main [181ms]
2025-12-30 12:59:47.150 [info] > git for-each-ref --sort -committerdate --format %(refname)%00%(objectname)%00%(*objectname) [82ms]
2025-12-30 12:59:47.165 [info] > git status -z -uall [100ms]
2025-12-30 12:59:52.230 [info] > git config --get commit.template [43ms]
2025-12-30 12:59:52.234 [info] > git for-each-ref --format=%(refname)%00%(upstream:short)%00%(objectname)%00%(upstream:track)%00%(upstream:remotename)%00%(upstream:remoteref) --ignore-case refs/heads/main refs/remotes/main [45ms]
2025-12-30 12:59:52.274 [info] > git status -z -uall [38ms]
2025-12-30 12:59:52.278 [info] > git for-each-ref --sort -committerdate --format %(refname)%00%(objectname)%00%(*objectname) [40ms]
2025-12-30 12:59:57.326 [info] > git config --get commit.template [37ms]
2025-12-30 12:59:57.328 [info] > git for-each-ref --format=%(refname)%00%(upstream:short)%00%(objectname)%00%(upstream:track)%00%(upstream:remotename)%00%(upstream:remoteref) --ignore-case refs/heads/main refs/remotes/main [37ms]
2025-12-30 12:59:57.364 [info] > git status -z -uall [34ms]
2025-12-30 12:59:57.365 [info] > git for-each-ref --sort -committerdate --format %(refname)%00%(objectname)%00%(*objectname) [33ms]
2025-12-30 13:00:42.013 [info] > git fetch [489ms]
2025-12-30 13:00:42.057 [info] > git config --get commit.template [41ms]
2025-12-30 13:00:42.060 [info] > git for-each-ref --format=%(refname)%00%(upstream:short)%00%(objectname)%00%(upstream:track)%00%(upstream:remotename)%00%(upstream:remoteref) --ignore-case refs/heads/main refs/remotes/main [40ms]
2025-12-30 13:00:42.104 [info] > git status -z -uall [42ms]
2025-12-30 13:00:42.108 [info] > git for-each-ref --sort -committerdate --format %(refname)%00%(objectname)%00%(*objectname) [44ms]
2025-12-30 13:00:42.807 [info] > git rev-list --count e3f86fb306257216b53118536a9d3beabf5a5328.. -- /Users/leifwsogge/Library/Mobile Documents/com~apple~CloudDocs/Space LEAF Corp.global.secure.net/Volcanic-Ash-Dispersion-Module/ocean_deposition.py [147ms]
2025-12-30 13:00:42.858 [info] > git log --format=%H%n%aN%n%aE%n%at%n%ct%n%P%n%D%n%B -z -n2 --shortstat --follow -- /Users/leifwsogge/Library/Mobile Documents/com~apple~CloudDocs/Space LEAF Corp.global.secure.net/Volcanic-Ash-Dispersion-Module/ocean_deposition.py [50ms]
2025-12-30 13:00:43.203 [info] > git config --get commit.template [37ms]
2025-12-30 13:00:43.206 [info] > git for-each-ref --format=%(refname)%00%(upstream:short)%00%(objectname)%00%(upstream:track)%00%(upstream:remotename)%00%(upstream:remoteref) --ignore-case refs/heads/main refs/remotes/main [37ms]
2025-12-30 13:00:43.241 [info] > git status -z -uall [34ms]
2025-12-30 13:00:43.242 [info] > git for-each-ref --sort -committerdate --format %(refname)%00%(objectname)%00%(*objectname) [33ms]
2025-12-30 13:00:43.304 [info] > git ls-files --stage -- ash_distribution_plot.py [37ms]
2025-12-30 13:00:43.305 [info] > git ls-files --stage -- ocean_deposition.py [36ms]
2025-12-30 13:00:43.337 [info] > git cat-file -s c4b41e65a7daaf9126dcefa8249073f780da07c1 [31ms]
2025-12-30 13:00:43.342 [info] > git cat-file -s 1b50c8125fbd613afa5a01f81b827e092d8da66d [37ms]
2025-12-30 13:00:43.377 [info] > git show --textconv :ocean_deposition.py [36ms]
2025-12-30 13:00:43.377 [info] > git show --textconv :ash_distribution_plot.py [33ms]
2025-12-30 13:01:41.515 [info] > git config --get commit.template [89ms]
2025-12-30 13:01:41.526 [info] > git for-each-ref --format=%(refname)%00%(upstream:short)%00%(objectname)%00%(upstream:track)%00%(upstream:remotename)%00%(upstream:remoteref) --ignore-case refs/heads/main refs/remotes/main [94ms]
2025-12-30 13:01:41.605 [info] > git status -z -uall [76ms]
2025-12-30 13:01:41.609 [info] > git for-each-ref --sort -committerdate --format %(refname)%00%(objectname)%00%(*objectname) [77ms]
2025-12-30 13:01:46.717 [info] > git config --get commit.template [92ms]
2025-12-30 13:01:46.737 [info] > git for-each-ref --format=%(refname)%00%(upstream:short)%00%(objectname)%00%(upstream:track)%00%(upstream:remotename)%00%(upstream:remoteref) --ignore-case refs/heads/main refs/remotes/main [106ms]
2025-12-30 13:01:46.870 [info] > git status -z -uall [126ms]
2025-12-30 13:01:46.872 [info] > git for-each-ref --sort -committerdate --format %(refname)%00%(objectname)%00%(*objectname) [125ms]
2025-12-30 13:01:51.924 [info] > git config --get commit.template [38ms]
2025-12-30 13:01:51.928 [info] > git for-each-ref --format=%(refname)%00%(upstream:short)%00%(objectname)%00%(upstream:track)%00%(upstream:remotename)%00%(upstream:remoteref) --ignore-case refs/heads/main refs/remotes/main [40ms]
2025-12-30 13:01:51.966 [info] > git status -z -uall [37ms]
2025-12-30 13:01:51.967 [info] > git for-each-ref --sort -committerdate --format %(refname)%00%(objectname)%00%(*objectname) [36ms]
2025-12-30 13:01:59.516 [info] > git config --get commit.template [202ms]
2025-12-30 13:01:59.517 [info] > git for-each-ref --format=%(refname)%00%(upstream:short)%00%(objectname)%00%(upstream:track)%00%(upstream:remotename)%00%(upstream:remoteref) --ignore-case refs/heads/main refs/remotes/main [162ms]
2025-12-30 13:01:59.698 [info] > git status -z -uall [177ms]
2025-12-30 13:01:59.706 [info] > git for-each-ref --sort -committerdate --format %(refname)%00%(objectname)%00%(*objectname) [182ms]
2025-12-30 13:02:04.754 [info] > git config --get commit.template [38ms]
2025-12-30 13:02:04.757 [info] > git for-each-ref --format=%(refname)%00%(upstream:short)%00%(objectname)%00%(upstream:track)%00%(upstream:remotename)%00%(upstream:remoteref) --ignore-case refs/heads/main refs/remotes/main [38ms]
2025-12-30 13:02:04.794 [info] > git status -z -uall [35ms]
2025-12-30 13:02:04.795 [info] > git for-each-ref --sort -committerdate --format %(refname)%00%(objectname)%00%(*objectname) [34ms]
2025-12-30 13:02:13.167 [info] > git config --get commit.template [61ms]
2025-12-30 13:02:13.171 [info] > git for-each-ref --format=%(refname)%00%(upstream:short)%00%(objectname)%00%(upstream:track)%00%(upstream:remotename)%00%(upstream:remoteref) --ignore-case refs/heads/main refs/remotes/main [63ms]
2025-12-30 13:02:13.224 [info] > git status -z -uall [51ms]
2025-12-30 13:02:13.225 [info] > git for-each-ref --sort -committerdate --format %(refname)%00%(objectname)%00%(*objectname) [51ms]
2025-12-30 13:02:22.577 [info] > git config --get commit.template [62ms]
2025-12-30 13:02:22.585 [info] > git for-each-ref --format=%(refname)%00%(upstream:short)%00%(objectname)%00%(upstream:track)%00%(upstream:remotename)%00%(upstream:remoteref) --ignore-case refs/heads/main refs/remotes/main [66ms]
2025-12-30 13:02:22.651 [info] > git status -z -uall [65ms]
2025-12-30 13:02:22.653 [info] > git for-each-ref --sort -committerdate --format %(refname)%00%(objectname)%00%(*objectname) [65ms]
2025-12-30 13:02:27.716 [info] > git config --get commit.template [47ms]
2025-12-30 13:02:27.723 [info] > git for-each-ref --format=%(refname)%00%(upstream:short)%00%(objectname)%00%(upstream:track)%00%(upstream:remotename)%00%(upstream:remoteref) --ignore-case refs/heads/main refs/remotes/main [52ms]
2025-12-30 13:02:27.778 [info] > git status -z -uall [53ms]
2025-12-30 13:02:27.786 [info] > git for-each-ref --sort -committerdate --format %(refname)%00%(objectname)%00%(*objectname) [60ms]
2025-12-30 13:02:37.430 [info] > git config --get commit.template [78ms]
2025-12-30 13:02:37.440 [info] > git for-each-ref --format=%(refname)%00%(upstream:short)%00%(objectname)%00%(upstream:track)%00%(upstream:remotename)%00%(upstream:remoteref) --ignore-case refs/heads/main refs/remotes/main [83ms]
2025-12-30 13:02:37.516 [info] > git status -z -uall [73ms]
2025-12-30 13:02:37.517 [info] > git for-each-ref --sort -committerdate --format %(refname)%00%(objectname)%00%(*objectname) [71ms]
2025-12-30 13:02:44.597 [info] > git config --get commit.template [135ms]
2025-12-30 13:02:44.604 [info] > git for-each-ref --format=%(refname)%00%(upstream:short)%00%(objectname)%00%(upstream:track)%00%(upstream:remotename)%00%(upstream:remoteref) --ignore-case refs/heads/main refs/remotes/main [125ms]
2025-12-30 13:02:44.676 [info] > git status -z -uall [68ms]
2025-12-30 13:02:44.688 [info] > git for-each-ref --sort -committerdate --format %(refname)%00%(objectname)%00%(*objectname) [76ms]
2025-12-30 13:02:49.743 [info] > git config --get commit.template [40ms]
2025-12-30 13:02:49.746 [info] > git for-each-ref --format=%(refname)%00%(upstream:short)%00%(objectname)%00%(upstream:track)%00%(upstream:remotename)%00%(upstream:remoteref) --ignore-case refs/heads/main refs/remotes/main [42ms]
2025-12-30 13:02:49.870 [info] > git for-each-ref --sort -committerdate --format %(refname)%00%(objectname)%00%(*objectname) [120ms]
2025-12-30 13:02:49.887 [info] > git status -z -uall [139ms]
2025-12-30 13:02:57.082 [info] > git config --get commit.template [104ms]
2025-12-30 13:02:57.096 [info] > git for-each-ref --format=%(refname)%00%(upstream:short)%00%(objectname)%00%(upstream:track)%00%(upstream:remotename)%00%(upstream:remoteref) --ignore-case refs/heads/main refs/remotes/main [109ms]
2025-12-30 13:02:57.178 [info] > git status -z -uall [78ms]
2025-12-30 13:02:57.181 [info] > git for-each-ref --sort -committerdate --format %(refname)%00%(objectname)%00%(*objectname) [78ms]
2025-12-30 13:03:02.234 [info] > git config --get commit.template [41ms]
2025-12-30 13:03:02.237 [info] > git for-each-ref --format=%(refname)%00%(upstream:short)%00%(objectname)%00%(upstream:track)%00%(upstream:remotename)%00%(upstream:remoteref) --ignore-case refs/heads/main refs/remotes/main [42ms]
2025-12-30 13:03:02.278 [info] > git status -z -uall [39ms]
2025-12-30 13:03:02.281 [info] > git for-each-ref --sort -committerdate --format %(refname)%00%(objectname)%00%(*objectname) [40ms]
2025-12-30 13:03:15.885 [info] > git config --get commit.template [81ms]
2025-12-30 13:03:15.897 [info] > git for-each-ref --format=%(refname)%00%(upstream:short)%00%(objectname)%00%(upstream:track)%00%(upstream:remotename)%00%(upstream:remoteref) --ignore-case refs/heads/main refs/remotes/main [90ms]
2025-12-30 13:03:15.978 [info] > git for-each-ref --sort -committerdate --format %(refname)%00%(objectname)%00%(*objectname) [75ms]
2025-12-30 13:03:15.978 [info] > git status -z -uall [79ms]
2025-12-30 13:03:21.031 [info] > git config --get commit.template [42ms]
2025-12-30 13:03:21.034 [info] > git for-each-ref --format=%(refname)%00%(upstream:short)%00%(objectname)%00%(upstream:track)%00%(upstream:remotename)%00%(upstream:remoteref) --ignore-case refs/heads/main refs/remotes/main [44ms]
2025-12-30 13:03:21.077 [info] > git status -z -uall [41ms]
2025-12-30 13:03:21.078 [info] > git for-each-ref --sort -committerdate --format %(refname)%00%(objectname)%00%(*objectname) [40ms]
2025-12-30 13:03:28.025 [info] > git config --get commit.template [86ms]
2025-12-30 13:03:28.028 [info] > git for-each-ref --format=%(refname)%00%(upstream:short)%00%(objectname)%00%(upstream:track)%00%(upstream:remotename)%00%(upstream:remoteref) --ignore-case refs/heads/main refs/remotes/main [87ms]
2025-12-30 13:03:28.074 [info] > git status -z -uall [44ms]
2025-12-30 13:03:28.075 [info] > git for-each-ref --sort -committerdate --format %(refname)%00%(objectname)%00%(*objectname) [43ms]
2025-12-30 13:03:33.221 [info] > git for-each-ref --format=%(refname)%00%(upstream:short)%00%(objectname)%00%(upstream:track)%00%(upstream:remotename)%00%(upstream:remoteref) --ignore-case refs/heads/main refs/remotes/main [118ms]
2025-12-30 13:03:33.230 [info] > git config --get commit.template [131ms]
2025-12-30 13:03:33.286 [info] > git status -z -uall [54ms]
2025-12-30 13:03:33.290 [info] > git for-each-ref --sort -committerdate --format %(refname)%00%(objectname)%00%(*objectname) [55ms]
2025-12-30 13:03:38.415 [info] > git config --get commit.template [114ms]
2025-12-30 13:03:38.434 [info] > git for-each-ref --format=%(refname)%00%(upstream:short)%00%(objectname)%00%(upstream:track)%00%(upstream:remotename)%00%(upstream:remoteref) --ignore-case refs/heads/main refs/remotes/main [122ms]
2025-12-30 13:03:38.525 [info] > git for-each-ref --sort -committerdate --format %(refname)%00%(objectname)%00%(*objectname) [80ms]
2025-12-30 13:03:38.527 [info] > git status -z -uall [85ms]
2025-12-30 13:03:42.577 [info] > git fetch [453ms]
2025-12-30 13:03:42.661 [info] > git config --get commit.template [82ms]
2025-12-30 13:03:42.686 [info] > git for-each-ref --format=%(refname)%00%(upstream:short)%00%(objectname)%00%(upstream:track)%00%(upstream:remotename)%00%(upstream:remoteref) --ignore-case refs/heads/main refs/remotes/main [103ms]
2025-12-30 13:03:42.840 [info] > git status -z -uall [149ms]
2025-12-30 13:03:42.840 [info] > git for-each-ref --sort -committerdate --format %(refname)%00%(objectname)%00%(*objectname) [146ms]
2025-12-30 13:03:43.417 [info] > git rev-list --count e3f86fb306257216b53118536a9d3beabf5a5328.. -- /Users/leifwsogge/Library/Mobile Documents/com~apple~CloudDocs/Space LEAF Corp.global.secure.net/Volcanic-Ash-Dispersion-Module/ocean_deposition.py [67ms]
2025-12-30 13:03:43.486 [info] > git log --format=%H%n%aN%n%aE%n%at%n%ct%n%P%n%D%n%B -z -n2 --shortstat --follow -- /Users/leifwsogge/Library/Mobile Documents/com~apple~CloudDocs/Space LEAF Corp.global.secure.net/Volcanic-Ash-Dispersion-Module/ocean_deposition.py [66ms]
2025-12-30 13:03:43.601 [info] > git config --get commit.template [66ms]
2025-12-30 13:03:43.608 [info] > git for-each-ref --format=%(refname)%00%(upstream:short)%00%(objectname)%00%(upstream:track)%00%(upstream:remotename)%00%(upstream:remoteref) --ignore-case refs/heads/main refs/remotes/main [69ms]
2025-12-30 13:03:43.676 [info] > git status -z -uall [66ms]
2025-12-30 13:03:43.680 [info] > git for-each-ref --sort -committerdate --format %(refname)%00%(objectname)%00%(*objectname) [66ms]
2025-12-30 13:03:43.868 [info] > git ls-files --stage -- ocean_deposition.py [41ms]
2025-12-30 13:03:43.923 [info] > git cat-file -s c4b41e65a7daaf9126dcefa8249073f780da07c1 [53ms]
2025-12-30 13:03:43.977 [info] > git show --textconv :ocean_deposition.py [50ms]
2025-12-30 13:03:48.763 [info] > git config --get commit.template [72ms]
2025-12-30 13:03:48.768 [info] > git for-each-ref --format=%(refname)%00%(upstream:short)%00%(objectname)%00%(upstream:track)%00%(upstream:remotename)%00%(upstream:remoteref) --ignore-case refs/heads/main refs/remotes/main [74ms]
2025-12-30 13:03:48.899 [info] > git status -z -uall [128ms]
2025-12-30 13:03:48.906 [info] > git for-each-ref --sort -committerdate --format %(refname)%00%(objectname)%00%(*objectname) [132ms]
2025-12-30 13:03:53.966 [info] > git config --get commit.template [45ms]
2025-12-30 13:03:53.972 [info] > git for-each-ref --format=%(refname)%00%(upstream:short)%00%(objectname)%00%(upstream:track)%00%(upstream:remotename)%00%(upstream:remoteref) --ignore-case refs/heads/main refs/remotes/main [49ms]
2025-12-30 13:03:54.023 [info] > git status -z -uall [49ms]
2025-12-30 13:03:54.024 [info] > git for-each-ref --sort -committerdate --format %(refname)%00%(objectname)%00%(*objectname) [49ms]
2025-12-30 13:04:01.417 [info] > git config --get commit.template [46ms]
2025-12-30 13:04:01.422 [info] > git for-each-ref --format=%(refname)%00%(upstream:short)%00%(objectname)%00%(upstream:track)%00%(upstream:remotename)%00%(upstream:remoteref) --ignore-case refs/heads/main refs/remotes/main [49ms]
2025-12-30 13:04:01.475 [info] > git status -z -uall [51ms]
2025-12-30 13:04:01.476 [info] > git for-each-ref --sort -committerdate --format %(refname)%00%(objectname)%00%(*objectname) [51ms]
2025-12-30 13:04:06.574 [info] > git config --get commit.template [88ms]
2025-12-30 13:04:06.578 [info] > git for-each-ref --format=%(refname)%00%(upstream:short)%00%(objectname)%00%(upstream:track)%00%(upstream:remotename)%00%(upstream:remoteref) --ignore-case refs/heads/main refs/remotes/main [89ms]
2025-12-30 13:04:06.670 [info] > git status -z -uall [88ms]
2025-12-30 13:04:06.672 [info] > git for-each-ref --sort -committerdate --format %(refname)%00%(objectname)%00%(*objectname) [87ms]
2025-12-30 13:04:07.354 [info] > git log --format=%H%n%aN%n%aE%n%at%n%ct%n%P%n%D%n%B -z -n51 --shortstat --follow -- /Users/leifwsogge/Library/Mobile Documents/com~apple~CloudDocs/Space LEAF Corp.global.secure.net/Volcanic-Ash-Dispersion-Module/density_classifier.py [57ms]
2025-12-30 13:04:07.794 [info] > git ls-files --stage -- density_classifier.py [146ms]
2025-12-30 13:04:07.809 [info] > git show --textconv :density_classifier.py [165ms]
2025-12-30 13:04:07.877 [info] > git cat-file -s 53462a776770781a8d4f49e001f6e969f42a496a [79ms]
2025-12-30 13:04:11.516 [info] > git log --format=%H%n%aN%n%aE%n%at%n%ct%n%P%n%D%n%B -z -n51 --shortstat --follow -- /Users/leifwsogge/Library/Mobile Documents/com~apple~CloudDocs/Space LEAF Corp.global.secure.net/Volcanic-Ash-Dispersion-Module/ocean_deposition.py [158ms]
2025-12-30 13:04:11.765 [info] > git config --get commit.template [68ms]
2025-12-30 13:04:11.797 [info] > git for-each-ref --format=%(refname)%00%(upstream:short)%00%(objectname)%00%(upstream:track)%00%(upstream:remotename)%00%(upstream:remoteref) --ignore-case refs/heads/main refs/remotes/main [93ms]
2025-12-30 13:04:11.894 [info] > git for-each-ref --sort -committerdate --format %(refname)%00%(objectname)%00%(*objectname) [83ms]
2025-12-30 13:04:11.920 [info] > git status -z -uall [113ms]
2025-12-30 13:04:11.975 [info] > git ls-files --stage -- ocean_deposition.py [62ms]
2025-12-30 13:04:11.984 [info] > git show --textconv :ocean_deposition.py [75ms]
2025-12-30 13:04:12.072 [info] > git cat-file -s c4b41e65a7daaf9126dcefa8249073f780da07c1 [94ms]
2025-12-30 13:04:17.040 [info] > git for-each-ref --format=%(refname)%00%(upstream:short)%00%(objectname)%00%(upstream:track)%00%(upstream:remotename)%00%(upstream:remoteref) --ignore-case refs/heads/main refs/remotes/main [72ms]
2025-12-30 13:04:17.073 [info] > git config --get commit.template [133ms]
2025-12-30 13:04:17.138 [info] > git status -z -uall [63ms]
2025-12-30 13:04:17.147 [info] > git for-each-ref --sort -committerdate --format %(refname)%00%(objectname)%00%(*objectname) [69ms]
2025-12-30 13:04:22.212 [info] > git config --get commit.template [49ms]
2025-12-30 13:04:22.217 [info] > git for-each-ref --format=%(refname)%00%(upstream:short)%00%(objectname)%00%(upstream:track)%00%(upstream:remotename)%00%(upstream:remoteref) --ignore-case refs/heads/main refs/remotes/main [48ms]
2025-12-30 13:04:22.257 [info] > git status -z -uall [39ms]
2025-12-30 13:04:22.259 [info] > git for-each-ref --sort -committerdate --format %(refname)%00%(objectname)%00%(*objectname) [38ms]
2025-12-30 13:04:27.683 [info] > git config --get commit.template [63ms]
2025-12-30 13:04:27.686 [info] > git for-each-ref --format=%(refname)%00%(upstream:short)%00%(objectname)%00%(upstream:track)%00%(upstream:remotename)%00%(upstream:remoteref) --ignore-case refs/heads/main refs/remotes/main [60ms]
2025-12-30 13:04:27.774 [info] > git status -z -uall [86ms]
2025-12-30 13:04:27.774 [info] > git for-each-ref --sort -committerdate --format %(refname)%00%(objectname)%00%(*objectname) [84ms]
2025-12-30 13:04:32.841 [info] > git config --get commit.template [56ms]
2025-12-30 13:04:32.852 [info] > git for-each-ref --format=%(refname)%00%(upstream:short)%00%(objectname)%00%(upstream:track)%00%(upstream:remotename)%00%(upstream:remoteref) --ignore-case refs/heads/main refs/remotes/main [65ms]
2025-12-30 13:04:32.909 [info] > git for-each-ref --sort -committerdate --format %(refname)%00%(objectname)%00%(*objectname) [53ms]
2025-12-30 13:04:32.909 [info] > git status -z -uall [56ms]
2025-12-30 13:04:44.063 [info] > git config --get commit.template [52ms]
2025-12-30 13:04:44.069 [info] > git for-each-ref --format=%(refname)%00%(upstream:short)%00%(objectname)%00%(upstream:track)%00%(upstream:remotename)%00%(upstream:remoteref) --ignore-case refs/heads/main refs/remotes/main [55ms]
2025-12-30 13:04:44.136 [info] > git for-each-ref --sort -committerdate --format %(refname)%00%(objectname)%00%(*objectname) [64ms]
2025-12-30 13:04:44.138 [info] > git status -z -uall [68ms]
2025-12-30 13:04:49.879 [info] > git config --get commit.template [156ms]
2025-12-30 13:04:49.910 [info] > git for-each-ref --format=%(refname)%00%(upstream:short)%00%(objectname)%00%(upstream:track)%00%(upstream:remotename)%00%(upstream:remoteref) --ignore-case refs/heads/main refs/remotes/main [180ms]
2025-12-30 13:04:49.988 [info] > git for-each-ref --sort -committerdate --format %(refname)%00%(objectname)%00%(*objectname) [67ms]
2025-12-30 13:04:50.008 [info] > git status -z -uall [90ms]
2025-12-30 13:04:50.300 [info] > git log --format=%H%n%aN%n%aE%n%at%n%ct%n%P%n%D%n%B -z -n51 --shortstat --follow -- /Users/leifwsogge/Library/Mobile Documents/com~apple~CloudDocs/Space LEAF Corp.global.secure.net/Volcanic-Ash-Dispersion-Module/main.py [116ms]
2025-12-30 13:04:50.881 [info] > git show --textconv :main.py [128ms]
2025-12-30 13:04:50.887 [info] > git ls-files --stage -- main.py [131ms]
2025-12-30 13:04:50.954 [info] > git cat-file -s 31e179e10955d570423760cb4814652910902c0b [65ms]
2025-12-30 13:04:51.118 [info] > git log --format=%H%n%aN%n%aE%n%at%n%ct%n%P%n%D%n%B -z -n51 --shortstat --follow -- /Users/leifwsogge/Library/Mobile Documents/com~apple~CloudDocs/Space LEAF Corp.global.secure.net/Volcanic-Ash-Dispersion-Module/density_classifier.py [55ms]
2025-12-30 13:04:51.886 [info] > git show --textconv :main.py [233ms]
2025-12-30 13:04:51.903 [info] > git ls-files --stage -- main.py [247ms]
2025-12-30 13:04:52.063 [info] > git cat-file -s 31e179e10955d570423760cb4814652910902c0b [158ms]
2025-12-30 13:04:55.456 [info] > git config --get commit.template [66ms]
2025-12-30 13:04:55.463 [info] > git for-each-ref --format=%(refname)%00%(upstream:short)%00%(objectname)%00%(upstream:track)%00%(upstream:remotename)%00%(upstream:remoteref) --ignore-case refs/heads/main refs/remotes/main [68ms]
2025-12-30 13:04:55.528 [info] > git status -z -uall [61ms]
2025-12-30 13:04:55.533 [info] > git for-each-ref --sort -committerdate --format %(refname)%00%(objectname)%00%(*objectname) [64ms]
2025-12-30 13:05:05.382 [info] > git for-each-ref --format=%(refname)%00%(upstream:short)%00%(objectname)%00%(upstream:track)%00%(upstream:remotename)%00%(upstream:remoteref) --ignore-case refs/heads/main refs/remotes/main [187ms]
2025-12-30 13:05:05.387 [info] > git config --get commit.template [195ms]
2025-12-30 13:05:05.465 [info] > git status -z -uall [76ms]
2025-12-30 13:05:05.473 [info] > git for-each-ref --sort -committerdate --format %(refname)%00%(objectname)%00%(*objectname) [81ms]
2025-12-30 13:05:10.546 [info] > git config --get commit.template [65ms]
2025-12-30 13:05:10.554 [info] > git for-each-ref --format=%(refname)%00%(upstream:short)%00%(objectname)%00%(upstream:track)%00%(upstream:remotename)%00%(upstream:remoteref) --ignore-case refs/heads/main refs/remotes/main [70ms]
2025-12-30 13:05:10.689 [info] > git status -z -uall [131ms]
2025-12-30 13:05:10.698 [info] > git for-each-ref --sort -committerdate --format %(refname)%00%(objectname)%00%(*objectname) [138ms]
2025-12-30 13:05:17.097 [info] > git log --format=%H%n%aN%n%aE%n%at%n%ct%n%P%n%D%n%B -z -n51 --shortstat --follow -- /Users/leifwsogge/Library/Mobile Documents/com~apple~CloudDocs/Space LEAF Corp.global.secure.net/Volcanic-Ash-Dispersion-Module/ocean_deposition.py [155ms]
2025-12-30 13:05:26.081 [info] > git config --get commit.template [45ms]
2025-12-30 13:05:26.086 [info] > git for-each-ref --format=%(refname)%00%(upstream:short)%00%(objectname)%00%(upstream:track)%00%(upstream:remotename)%00%(upstream:remoteref) --ignore-case refs/heads/main refs/remotes/main [48ms]
2025-12-30 13:05:26.151 [info] > git status -z -uall [62ms]
2025-12-30 13:05:26.155 [info] > git for-each-ref --sort -committerdate --format %(refname)%00%(objectname)%00%(*objectname) [63ms]
2025-12-30 13:05:31.221 [info] > git config --get commit.template [58ms]
2025-12-30 13:05:31.228 [info] > git for-each-ref --format=%(refname)%00%(upstream:short)%00%(objectname)%00%(upstream:track)%00%(upstream:remotename)%00%(upstream:remoteref) --ignore-case refs/heads/main refs/remotes/main [63ms]
2025-12-30 13:05:31.309 [info] > git status -z -uall [78ms]
2025-12-30 13:05:31.319 [info] > git for-each-ref --sort -committerdate --format %(refname)%00%(objectname)%00%(*objectname) [85ms]
2025-12-30 13:05:36.374 [info] > git config --get commit.template [45ms]
2025-12-30 13:05:36.380 [info] > git for-each-ref --format=%(refname)%00%(upstream:short)%00%(objectname)%00%(upstream:track)%00%(upstream:remotename)%00%(upstream:remoteref) --ignore-case refs/heads/main refs/remotes/main [49ms]
2025-12-30 13:05:36.430 [info] > git status -z -uall [48ms]
2025-12-30 13:05:36.431 [info] > git for-each-ref --sort -committerdate --format %(refname)%00%(objectname)%00%(*objectname) [48ms]
2025-12-30 13:05:41.485 [info] > git config --get commit.template [40ms]
2025-12-30 13:05:41.488 [info] > git for-each-ref --format=%(refname)%00%(upstream:short)%00%(objectname)%00%(upstream:track)%00%(upstream:remotename)%00%(upstream:remoteref) --ignore-case refs/heads/main refs/remotes/main [41ms]
2025-12-30 13:05:41.548 [info] > git status -z -uall [57ms]
2025-12-30 13:05:41.552 [info] > git for-each-ref --sort -committerdate --format %(refname)%00%(objectname)%00%(*objectname) [60ms]
2025-12-30 13:05:55.488 [info] > git log --format=%H%n%aN%n%aE%n%at%n%ct%n%P%n%D%n%B -z -n51 --shortstat --follow -- /Users/leifwsogge/Library/Mobile Documents/com~apple~CloudDocs/Space LEAF Corp.global.secure.net/Volcanic-Ash-Dispersion-Module/ash_distribution_plot.py [397ms]
2025-12-30 13:05:55.671 [info] > git show --textconv :ash_distribution_plot.py [72ms]
2025-12-30 13:05:55.680 [info] > git ls-files --stage -- ash_distribution_plot.py [72ms]
2025-12-30 13:05:55.761 [info] > git cat-file -s 1b50c8125fbd613afa5a01f81b827e092d8da66d [79ms]
2025-12-30 13:05:57.537 [info] > git config --get commit.template [41ms]
2025-12-30 13:05:57.544 [info] > git for-each-ref --format=%(refname)%00%(upstream:short)%00%(objectname)%00%(upstream:track)%00%(upstream:remotename)%00%(upstream:remoteref) --ignore-case refs/heads/main refs/remotes/main [46ms]
2025-12-30 13:05:57.599 [info] > git for-each-ref --sort -committerdate --format %(refname)%00%(objectname)%00%(*objectname) [51ms]
2025-12-30 13:05:57.605 [info] > git status -z -uall [59ms]
2025-12-30 13:06:02.657 [info] > git config --get commit.template [42ms]
2025-12-30 13:06:02.660 [info] > git for-each-ref --format=%(refname)%00%(upstream:short)%00%(objectname)%00%(upstream:track)%00%(upstream:remotename)%00%(upstream:remoteref) --ignore-case refs/heads/main refs/remotes/main [40ms]
2025-12-30 13:06:02.702 [info] > git status -z -uall [40ms]
2025-12-30 13:06:02.703 [info] > git for-each-ref --sort -committerdate --format %(refname)%00%(objectname)%00%(*objectname) [40ms]
2025-12-30 13:06:08.303 [info] > git config --get commit.template [41ms]
2025-12-30 13:06:08.306 [info] > git for-each-ref --format=%(refname)%00%(upstream:short)%00%(objectname)%00%(upstream:track)%00%(upstream:remotename)%00%(upstream:remoteref) --ignore-case refs/heads/main refs/remotes/main [42ms]
2025-12-30 13:06:08.364 [info] > git for-each-ref --sort -committerdate --format %(refname)%00%(objectname)%00%(*objectname) [55ms]
2025-12-30 13:06:08.366 [info] > git status -z -uall [59ms]
2025-12-30 13:06:13.463 [info] > git config --get commit.template [70ms]
2025-12-30 13:06:13.463 [info] > git for-each-ref --format=%(refname)%00%(upstream:short)%00%(objectname)%00%(upstream:track)%00%(upstream:remotename)%00%(upstream:remoteref) --ignore-case refs/heads/main refs/remotes/main [62ms]
2025-12-30 13:06:13.553 [info] > git status -z -uall [88ms]
2025-12-30 13:06:13.555 [info] > git for-each-ref --sort -committerdate --format %(refname)%00%(objectname)%00%(*objectname) [88ms]
2025-12-30 13:06:18.614 [info] > git config --get commit.template [52ms]
2025-12-30 13:06:18.633 [info] > git for-each-ref --format=%(refname)%00%(upstream:short)%00%(objectname)%00%(upstream:track)%00%(upstream:remotename)%00%(upstream:remoteref) --ignore-case refs/heads/main refs/remotes/main [69ms]
2025-12-30 13:06:18.730 [info] > git status -z -uall [93ms]
2025-12-30 13:06:18.730 [info] > git for-each-ref --sort -committerdate --format %(refname)%00%(objectname)%00%(*objectname) [90ms]
2025-12-30 13:06:23.853 [info] > git for-each-ref --format=%(refname)%00%(upstream:short)%00%(objectname)%00%(upstream:track)%00%(upstream:remotename)%00%(upstream:remoteref) --ignore-case refs/heads/main refs/remotes/main [64ms]
2025-12-30 13:06:23.855 [info] > git config --get commit.template [86ms]
2025-12-30 13:06:23.938 [info] > git status -z -uall [80ms]
2025-12-30 13:06:23.951 [info] > git for-each-ref --sort -committerdate --format %(refname)%00%(objectname)%00%(*objectname) [91ms]
2025-12-30 13:06:24.557 [info] > git log --format=%H%n%aN%n%aE%n%at%n%ct%n%P%n%D%n%B -z -n51 --shortstat --follow -- /Users/leifwsogge/Library/Mobile Documents/com~apple~CloudDocs/Space LEAF Corp.global.secure.net/Volcanic-Ash-Dispersion-Module/ocean_deposition.py [50ms]
2025-12-30 13:06:29.004 [info] > git config --get commit.template [45ms]
2025-12-30 13:06:29.007 [info] > git for-each-ref --format=%(refname)%00%(upstream:short)%00%(objectname)%00%(upstream:track)%00%(upstream:remotename)%00%(upstream:remoteref) --ignore-case refs/heads/main refs/remotes/main [46ms]
2025-12-30 13:06:29.055 [info] > git status -z -uall [46ms]
2025-12-30 13:06:29.059 [info] > git for-each-ref --sort -committerdate --format %(refname)%00%(objectname)%00%(*objectname) [48ms]
2025-12-30 13:06:34.108 [info] > git config --get commit.template [44ms]
2025-12-30 13:06:34.111 [info] > git for-each-ref --format=%(refname)%00%(upstream:short)%00%(objectname)%00%(upstream:track)%00%(upstream:remotename)%00%(upstream:remoteref) --ignore-case refs/heads/main refs/remotes/main [45ms]
2025-12-30 13:06:34.158 [info] > git status -z -uall [45ms]
2025-12-30 13:06:34.160 [info] > git for-each-ref --sort -committerdate --format %(refname)%00%(objectname)%00%(*objectname) [46ms]
2025-12-30 13:06:39.221 [info] > git config --get commit.template [48ms]
2025-12-30 13:06:39.225 [info] > git for-each-ref --format=%(refname)%00%(upstream:short)%00%(objectname)%00%(upstream:track)%00%(upstream:remotename)%00%(upstream:remoteref) --ignore-case refs/heads/main refs/remotes/main [49ms]
2025-12-30 13:06:39.266 [info] > git status -z -uall [39ms]
2025-12-30 13:06:39.267 [info] > git for-each-ref --sort -committerdate --format %(refname)%00%(objectname)%00%(*objectname) [39ms]
2025-12-30 13:06:43.312 [info] > git fetch [452ms]
2025-12-30 13:06:43.365 [info] > git config --get commit.template [50ms]
2025-12-30 13:06:43.369 [info] > git for-each-ref --format=%(refname)%00%(upstream:short)%00%(objectname)%00%(upstream:track)%00%(upstream:remotename)%00%(upstream:remoteref) --ignore-case refs/heads/main refs/remotes/main [54ms]
2025-12-30 13:06:43.424 [info] > git status -z -uall [54ms]
2025-12-30 13:06:43.425 [info] > git for-each-ref --sort -committerdate --format %(refname)%00%(objectname)%00%(*objectname) [53ms]
2025-12-30 13:06:44.058 [info] > git rev-list --count e3f86fb306257216b53118536a9d3beabf5a5328.. -- /Users/leifwsogge/Library/Mobile Documents/com~apple~CloudDocs/Space LEAF Corp.global.secure.net/Volcanic-Ash-Dispersion-Module/ocean_deposition.py [52ms]
2025-12-30 13:06:44.098 [info] > git log --format=%H%n%aN%n%aE%n%at%n%ct%n%P%n%D%n%B -z -n2 --shortstat --follow -- /Users/leifwsogge/Library/Mobile Documents/com~apple~CloudDocs/Space LEAF Corp.global.secure.net/Volcanic-Ash-Dispersion-Module/ocean_deposition.py [38ms]
2025-12-30 13:06:44.336 [info] > git config --get commit.template [57ms]
2025-12-30 13:06:44.340 [info] > git for-each-ref --format=%(refname)%00%(upstream:short)%00%(objectname)%00%(upstream:track)%00%(upstream:remotename)%00%(upstream:remoteref) --ignore-case refs/heads/main refs/remotes/main [60ms]
2025-12-30 13:06:44.425 [info] > git status -z -uall [81ms]
2025-12-30 13:06:44.430 [info] > git for-each-ref --sort -committerdate --format %(refname)%00%(objectname)%00%(*objectname) [84ms]
2025-12-30 13:06:44.666 [info] > git ls-files --stage -- density_classifier.py [63ms]
2025-12-30 13:06:44.668 [info] > git ls-files --stage -- ocean_deposition.py [61ms]
2025-12-30 13:06:44.671 [info] > git ls-files --stage -- main.py [64ms]
2025-12-30 13:06:44.675 [info] > git ls-files --stage -- ash_distribution_plot.py [66ms]
2025-12-30 13:06:44.723 [info] > git cat-file -s c4b41e65a7daaf9126dcefa8249073f780da07c1 [54ms]
2025-12-30 13:06:44.726 [info] > git cat-file -s 53462a776770781a8d4f49e001f6e969f42a496a [59ms]
2025-12-30 13:06:44.734 [info] > git cat-file -s 31e179e10955d570423760cb4814652910902c0b [61ms]
2025-12-30 13:06:44.735 [info] > git cat-file -s 1b50c8125fbd613afa5a01f81b827e092d8da66d [58ms]
2025-12-30 13:06:44.779 [info] > git show --textconv :density_classifier.py [50ms]
2025-12-30 13:06:44.783 [info] > git show --textconv :ocean_deposition.py [58ms]
2025-12-30 13:06:44.788 [info] > git show --textconv :main.py [51ms]
2025-12-30 13:06:44.788 [info] > git show --textconv :ash_distribution_plot.py [49ms]
2025-12-30 13:06:49.512 [info] > git config --get commit.template [70ms]
2025-12-30 13:06:49.520 [info] > git for-each-ref --format=%(refname)%00%(upstream:short)%00%(objectname)%00%(upstream:track)%00%(upstream:remotename)%00%(upstream:remoteref) --ignore-case refs/heads/main refs/remotes/main [77ms]
2025-12-30 13:06:49.592 [info] > git status -z -uall [70ms]
2025-12-30 13:06:49.593 [info] > git for-each-ref --sort -committerdate --format %(refname)%00%(objectname)%00%(*objectname) [70ms]
2025-12-30 13:06:51.684 [info] > git log --format=%H%n%aN%n%aE%n%at%n%ct%n%P%n%D%n%B -z -n51 --shortstat --follow -- /Users/leifwsogge/Library/Mobile Documents/com~apple~CloudDocs/Space LEAF Corp.global.secure.net/Volcanic-Ash-Dispersion-Module/density_classifier.py [155ms]
2025-12-30 13:06:54.637 [info] > git config --get commit.template [37ms]
2025-12-30 13:06:54.642 [info] > git for-each-ref --format=%(refname)%00%(upstream:short)%00%(objectname)%00%(upstream:track)%00%(upstream:remotename)%00%(upstream:remoteref) --ignore-case refs/heads/main refs/remotes/main [39ms]
2025-12-30 13:06:54.689 [info] > git for-each-ref --sort -committerdate --format %(refname)%00%(objectname)%00%(*objectname) [44ms]
2025-12-30 13:06:54.690 [info] > git status -z -uall [47ms]
2025-12-30 13:06:59.747 [info] > git config --get commit.template [52ms]
2025-12-30 13:06:59.753 [info] > git for-each-ref --format=%(refname)%00%(upstream:short)%00%(objectname)%00%(upstream:track)%00%(upstream:remotename)%00%(upstream:remoteref) --ignore-case refs/heads/main refs/remotes/main [57ms]
2025-12-30 13:06:59.866 [info] > git for-each-ref --sort -committerdate --format %(refname)%00%(objectname)%00%(*objectname) [109ms]
2025-12-30 13:06:59.873 [info] > git status -z -uall [118ms]
2025-12-30 13:07:04.919 [info] > git config --get commit.template [37ms]
2025-12-30 13:07:04.922 [info] > git for-each-ref --format=%(refname)%00%(upstream:short)%00%(objectname)%00%(upstream:track)%00%(upstream:remotename)%00%(upstream:remoteref) --ignore-case refs/heads/main refs/remotes/main [37ms]
2025-12-30 13:07:04.959 [info] > git status -z -uall [36ms]
2025-12-30 13:07:04.960 [info] > git for-each-ref --sort -committerdate --format %(refname)%00%(objectname)%00%(*objectname) [35ms]
2025-12-30 13:07:09.006 [info] > git log --format=%H%n%aN%n%aE%n%at%n%ct%n%P%n%D%n%B -z -n51 --shortstat --follow -- /Users/leifwsogge/Library/Mobile Documents/com~apple~CloudDocs/Space LEAF Corp.global.secure.net/Volcanic-Ash-Dispersion-Module/ocean_deposition.py [139ms]
2025-12-30 13:07:11.241 [info] > git config --get commit.template [50ms]
2025-12-30 13:07:11.246 [info] > git for-each-ref --format=%(refname)%00%(upstream:short)%00%(objectname)%00%(upstream:track)%00%(upstream:remotename)%00%(upstream:remoteref) --ignore-case refs/heads/main refs/remotes/main [50ms]
2025-12-30 13:07:11.291 [info] > git status -z -uall [43ms]
2025-12-30 13:07:11.293 [info] > git for-each-ref --sort -committerdate --format %(refname)%00%(objectname)%00%(*objectname) [43ms]
2025-12-30 13:07:16.349 [info] > git config --get commit.template [42ms]
2025-12-30 13:07:16.354 [info] > git for-each-ref --format=%(refname)%00%(upstream:short)%00%(objectname)%00%(upstream:track)%00%(upstream:remotename)%00%(upstream:remoteref) --ignore-case refs/heads/main refs/remotes/main [46ms]
2025-12-30 13:07:16.397 [info] > git status -z -uall [42ms]
2025-12-30 13:07:16.399 [info] > git for-each-ref --sort -committerdate --format %(refname)%00%(objectname)%00%(*objectname) [42ms]
2025-12-30 13:07:26.711 [info] > git config --get commit.template [44ms]
2025-12-30 13:07:26.715 [info] > git for-each-ref --format=%(refname)%00%(upstream:short)%00%(objectname)%00%(upstream:track)%00%(upstream:remotename)%00%(upstream:remoteref) --ignore-case refs/heads/main refs/remotes/main [45ms]
2025-12-30 13:07:26.757 [info] > git status -z -uall [40ms]
2025-12-30 13:07:26.758 [info] > git for-each-ref --sort -committerdate --format %(refname)%00%(objectname)%00%(*objectname) [39ms]
2025-12-30 13:07:31.808 [info] > git config --get commit.template [38ms]
2025-12-30 13:07:31.811 [info] > git for-each-ref --format=%(refname)%00%(upstream:short)%00%(objectname)%00%(upstream:track)%00%(upstream:remotename)%00%(upstream:remoteref) --ignore-case refs/heads/main refs/remotes/main [39ms]
2025-12-30 13:07:31.853 [info] > git status -z -uall [39ms]
2025-12-30 13:07:31.854 [info] > git for-each-ref --sort -committerdate --format %(refname)%00%(objectname)%00%(*objectname) [39ms]
2025-12-30 13:07:38.410 [info] > git log --format=%H%n%aN%n%aE%n%at%n%ct%n%P%n%D%n%B -z -n51 --shortstat --follow -- /Users/leifwsogge/Library/Mobile Documents/com~apple~CloudDocs/Space LEAF Corp.global.secure.net/Volcanic-Ash-Dispersion-Module/density_classifier.py [161ms]
2025-12-30 13:07:38.649 [info] > git ls-files --stage -- density_classifier.py [178ms]
2025-12-30 13:07:38.658 [info] > git show --textconv :density_classifier.py [191ms]
2025-12-30 13:07:38.708 [info] > git cat-file -s 53462a776770781a8d4f49e001f6e969f42a496a [57ms]
2025-12-30 13:07:45.272 [info] > git config --get commit.template [59ms]
2025-12-30 13:07:45.286 [info] > git for-each-ref --format=%(refname)%00%(upstream:short)%00%(objectname)%00%(upstream:track)%00%(upstream:remotename)%00%(upstream:remoteref) --ignore-case refs/heads/main refs/remotes/main [59ms]
2025-12-30 13:07:45.329 [info] > git status -z -uall [41ms]
2025-12-30 13:07:45.330 [info] > git for-each-ref --sort -committerdate --format %(refname)%00%(objectname)%00%(*objectname) [41ms]
2025-12-30 13:07:50.384 [info] > git config --get commit.template [43ms]
2025-12-30 13:07:50.389 [info] > git for-each-ref --format=%(refname)%00%(upstream:short)%00%(objectname)%00%(upstream:track)%00%(upstream:remotename)%00%(upstream:remoteref) --ignore-case refs/heads/main refs/remotes/main [45ms]
2025-12-30 13:07:50.433 [info] > git status -z -uall [43ms]
2025-12-30 13:07:50.437 [info] > git for-each-ref --sort -committerdate --format %(refname)%00%(objectname)%00%(*objectname) [45ms]
2025-12-30 13:07:55.510 [info] > git config --get commit.template [58ms]
2025-12-30 13:07:55.517 [info] > git for-each-ref --format=%(refname)%00%(upstream:short)%00%(objectname)%00%(upstream:track)%00%(upstream:remotename)%00%(upstream:remoteref) --ignore-case refs/heads/main refs/remotes/main [61ms]
2025-12-30 13:07:55.569 [info] > git for-each-ref --sort -committerdate --format %(refname)%00%(objectname)%00%(*objectname) [48ms]
2025-12-30 13:07:55.572 [info] > git status -z -uall [53ms]
2025-12-30 13:07:57.013 [info] > git log --format=%H%n%aN%n%aE%n%at%n%ct%n%P%n%D%n%B -z -n51 --shortstat --follow -- /Users/leifwsogge/Library/Mobile Documents/com~apple~CloudDocs/Space LEAF Corp.global.secure.net/Volcanic-Ash-Dispersion-Module/ash_distribution_plot.py [225ms]
2025-12-30 13:08:00.619 [info] > git config --get commit.template [38ms]
2025-12-30 13:08:00.622 [info] > git for-each-ref --format=%(refname)%00%(upstream:short)%00%(objectname)%00%(upstream:track)%00%(upstream:remotename)%00%(upstream:remoteref) --ignore-case refs/heads/main refs/remotes/main [39ms]
2025-12-30 13:08:00.660 [info] > git status -z -uall [35ms]
2025-12-30 13:08:00.661 [info] > git for-each-ref --sort -committerdate --format %(refname)%00%(objectname)%00%(*objectname) [36ms]
2025-12-30 13:08:05.724 [info] > git config --get commit.template [51ms]
2025-12-30 13:08:05.731 [info] > git for-each-ref --format=%(refname)%00%(upstream:short)%00%(objectname)%00%(upstream:track)%00%(upstream:remotename)%00%(upstream:remoteref) --ignore-case refs/heads/main refs/remotes/main [55ms]
2025-12-30 13:08:05.780 [info] > git for-each-ref --sort -committerdate --format %(refname)%00%(objectname)%00%(*objectname) [45ms]
2025-12-30 13:08:05.784 [info] > git status -z -uall [51ms]
2025-12-30 13:09:24.098 [info] > git config --get commit.template [54ms]
2025-12-30 13:09:24.101 [info] > git for-each-ref --format=%(refname)%00%(upstream:short)%00%(objectname)%00%(upstream:track)%00%(upstream:remotename)%00%(upstream:remoteref) --ignore-case refs/heads/main refs/remotes/main [54ms]
2025-12-30 13:09:24.145 [info] > git status -z -uall [41ms]
2025-12-30 13:09:24.151 [info] > git for-each-ref --sort -committerdate --format %(refname)%00%(objectname)%00%(*objectname) [44ms]
2025-12-30 13:09:29.475 [info] > git for-each-ref --format=%(refname)%00%(upstream:short)%00%(objectname)%00%(upstream:track)%00%(upstream:remotename)%00%(upstream:remoteref) --ignore-case refs/heads/main refs/remotes/main [106ms]
2025-12-30 13:09:29.484 [info] > git config --get commit.template [134ms]
2025-12-30 13:09:29.547 [info] > git status -z -uall [61ms]
2025-12-30 13:09:29.550 [info] > git for-each-ref --sort -committerdate --format %(refname)%00%(objectname)%00%(*objectname) [61ms]
2025-12-30 13:09:43.892 [info] > git fetch [456ms]
2025-12-30 13:09:43.934 [info] > git config --get commit.template [40ms]
2025-12-30 13:09:43.938 [info] > git for-each-ref --format=%(refname)%00%(upstream:short)%00%(objectname)%00%(upstream:track)%00%(upstream:remotename)%00%(upstream:remoteref) --ignore-case refs/heads/main refs/remotes/main [43ms]
2025-12-30 13:09:43.979 [info] > git status -z -uall [39ms]
2025-12-30 13:09:43.980 [info] > git for-each-ref --sort -committerdate --format %(refname)%00%(objectname)%00%(*objectname) [38ms]
2025-12-30 13:09:44.579 [info] > git rev-list --count e3f86fb306257216b53118536a9d3beabf5a5328.. -- /Users/leifwsogge/Library/Mobile Documents/com~apple~CloudDocs/Space LEAF Corp.global.secure.net/Volcanic-Ash-Dispersion-Module/ash_distribution_plot.py [46ms]
2025-12-30 13:09:44.625 [info] > git log --format=%H%n%aN%n%aE%n%at%n%ct%n%P%n%D%n%B -z -n2 --shortstat --follow -- /Users/leifwsogge/Library/Mobile Documents/com~apple~CloudDocs/Space LEAF Corp.global.secure.net/Volcanic-Ash-Dispersion-Module/ash_distribution_plot.py [44ms]
2025-12-30 13:09:45.072 [info] > git config --get commit.template [37ms]
2025-12-30 13:09:45.075 [info] > git for-each-ref --format=%(refname)%00%(upstream:short)%00%(objectname)%00%(upstream:track)%00%(upstream:remotename)%00%(upstream:remoteref) --ignore-case refs/heads/main refs/remotes/main [38ms]
2025-12-30 13:09:45.115 [info] > git for-each-ref --sort -committerdate --format %(refname)%00%(objectname)%00%(*objectname) [37ms]
2025-12-30 13:09:45.115 [info] > git status -z -uall [38ms]
2025-12-30 13:09:45.174 [info] > git ls-files --stage -- ash_distribution_plot.py [40ms]
2025-12-30 13:09:45.176 [info] > git ls-files --stage -- density_classifier.py [41ms]
2025-12-30 13:09:45.216 [info] > git cat-file -s 1b50c8125fbd613afa5a01f81b827e092d8da66d [41ms]
2025-12-30 13:09:45.217 [info] > git cat-file -s 53462a776770781a8d4f49e001f6e969f42a496a [39ms]
2025-12-30 13:09:45.257 [info] > git show --textconv :ash_distribution_plot.py [37ms]
2025-12-30 13:09:45.257 [info] > git show --textconv :density_classifier.py [36ms]
2025-12-30 13:09:45.953 [info] > git log --format=%H%n%aN%n%aE%n%at%n%ct%n%P%n%D%n%B -z -n51 --shortstat --follow -- /Users/leifwsogge/Library/Mobile Documents/com~apple~CloudDocs/Space LEAF Corp.global.secure.net/Volcanic-Ash-Dispersion-Module/density_classifier.py [43ms]
2025-12-30 13:09:50.327 [info] > git config --get commit.template [189ms]
2025-12-30 13:09:50.331 [info] > git for-each-ref --format=%(refname)%00%(upstream:short)%00%(objectname)%00%(upstream:track)%00%(upstream:remotename)%00%(upstream:remoteref) --ignore-case refs/heads/main refs/remotes/main [185ms]
2025-12-30 13:09:50.439 [info] > git status -z -uall [106ms]
2025-12-30 13:09:50.450 [info] > git for-each-ref --sort -committerdate --format %(refname)%00%(objectname)%00%(*objectname) [115ms]
2025-12-30 13:09:51.448 [info] > git log --format=%H%n%aN%n%aE%n%at%n%ct%n%P%n%D%n%B -z -n51 --shortstat --follow -- /Users/leifwsogge/Library/Mobile Documents/com~apple~CloudDocs/Space LEAF Corp.global.secure.net/Volcanic-Ash-Dispersion-Module/main.py [94ms]
2025-12-30 13:09:51.742 [info] > git ls-files --stage -- main.py [95ms]
2025-12-30 13:09:51.748 [info] > git show --textconv :main.py [104ms]
2025-12-30 13:09:51.944 [info] > git cat-file -s 31e179e10955d570423760cb4814652910902c0b [200ms]
2025-12-30 13:09:55.532 [info] > git config --get commit.template [69ms]
2025-12-30 13:09:55.536 [info] > git for-each-ref --format=%(refname)%00%(upstream:short)%00%(objectname)%00%(upstream:track)%00%(upstream:remotename)%00%(upstream:remoteref) --ignore-case refs/heads/main refs/remotes/main [69ms]
2025-12-30 13:09:55.602 [info] > git for-each-ref --sort -committerdate --format %(refname)%00%(objectname)%00%(*objectname) [60ms]
2025-12-30 13:09:55.611 [info] > git status -z -uall [71ms]
2025-12-30 13:10:00.663 [info] > git config --get commit.template [46ms]
2025-12-30 13:10:00.666 [info] > git for-each-ref --format=%(refname)%00%(upstream:short)%00%(objectname)%00%(upstream:track)%00%(upstream:remotename)%00%(upstream:remoteref) --ignore-case refs/heads/main refs/remotes/main [47ms]
2025-12-30 13:10:00.717 [info] > git status -z -uall [50ms]
2025-12-30 13:10:00.718 [info] > git for-each-ref --sort -committerdate --format %(refname)%00%(objectname)%00%(*objectname) [49ms]
2025-12-30 13:10:05.779 [info] > git config --get commit.template [50ms]
2025-12-30 13:10:05.783 [info] > git for-each-ref --format=%(refname)%00%(upstream:short)%00%(objectname)%00%(upstream:track)%00%(upstream:remotename)%00%(upstream:remoteref) --ignore-case refs/heads/main refs/remotes/main [53ms]
2025-12-30 13:10:05.831 [info] > git status -z -uall [47ms]
2025-12-30 13:10:05.831 [info] > git for-each-ref --sort -committerdate --format %(refname)%00%(objectname)%00%(*objectname) [45ms]
2025-12-30 13:10:10.883 [info] > git config --get commit.template [39ms]
2025-12-30 13:10:10.886 [info] > git for-each-ref --format=%(refname)%00%(upstream:short)%00%(objectname)%00%(upstream:track)%00%(upstream:remotename)%00%(upstream:remoteref) --ignore-case refs/heads/main refs/remotes/main [41ms]
2025-12-30 13:10:10.950 [info] > git status -z -uall [62ms]
2025-12-30 13:10:10.951 [info] > git for-each-ref --sort -committerdate --format %(refname)%00%(objectname)%00%(*objectname) [60ms]
2025-12-30 13:10:13.904 [info] > git log --format=%H%n%aN%n%aE%n%at%n%ct%n%P%n%D%n%B -z -n51 --shortstat --follow -- /Users/leifwsogge/Library/Mobile Documents/com~apple~CloudDocs/Space LEAF Corp.global.secure.net/Volcanic-Ash-Dispersion-Module/ocean_deposition.py [176ms]
2025-12-30 13:10:14.274 [info] > git ls-files --stage -- ocean_deposition.py [129ms]
2025-12-30 13:10:14.284 [info] > git show --textconv :ocean_deposition.py [145ms]
2025-12-30 13:10:14.351 [info] > git cat-file -s c4b41e65a7daaf9126dcefa8249073f780da07c1 [75ms]
2025-12-30 13:10:16.152 [info] > git config --get commit.template [76ms]
2025-12-30 13:10:16.166 [info] > git for-each-ref --format=%(refname)%00%(upstream:short)%00%(objectname)%00%(upstream:track)%00%(upstream:remotename)%00%(upstream:remoteref) --ignore-case refs/heads/main refs/remotes/main [89ms]
2025-12-30 13:10:16.224 [info] > git status -z -uall [56ms]
2025-12-30 13:10:16.224 [info] > git for-each-ref --sort -committerdate --format %(refname)%00%(objectname)%00%(*objectname) [54ms]
2025-12-30 13:10:21.286 [info] > git config --get commit.template [48ms]
2025-12-30 13:10:21.290 [info] > git for-each-ref --format=%(refname)%00%(upstream:short)%00%(objectname)%00%(upstream:track)%00%(upstream:remotename)%00%(upstream:remoteref) --ignore-case refs/heads/main refs/remotes/main [50ms]
2025-12-30 13:10:21.334 [info] > git status -z -uall [41ms]
2025-12-30 13:10:21.336 [info] > git for-each-ref --sort -committerdate --format %(refname)%00%(objectname)%00%(*objectname) [43ms]
2025-12-30 13:10:26.407 [info] > git config --get commit.template [62ms]
2025-12-30 13:10:26.410 [info] > git for-each-ref --format=%(refname)%00%(upstream:short)%00%(objectname)%00%(upstream:track)%00%(upstream:remotename)%00%(upstream:remoteref) --ignore-case refs/heads/main refs/remotes/main [59ms]
2025-12-30 13:10:26.464 [info] > git status -z -uall [52ms]
2025-12-30 13:10:26.466 [info] > git for-each-ref --sort -committerdate --format %(refname)%00%(objectname)%00%(*objectname) [51ms]
2025-12-30 13:10:31.657 [info] > git config --get commit.template [180ms]
2025-12-30 13:10:31.673 [info] > git for-each-ref --format=%(refname)%00%(upstream:short)%00%(objectname)%00%(upstream:track)%00%(upstream:remotename)%00%(upstream:remoteref) --ignore-case refs/heads/main refs/remotes/main [178ms]
2025-12-30 13:10:31.754 [info] > git status -z -uall [77ms]
2025-12-30 13:10:31.756 [info] > git for-each-ref --sort -committerdate --format %(refname)%00%(objectname)%00%(*objectname) [76ms]
2025-12-30 13:10:36.809 [info] > git config --get commit.template [43ms]
2025-12-30 13:10:36.812 [info] > git for-each-ref --format=%(refname)%00%(upstream:short)%00%(objectname)%00%(upstream:track)%00%(upstream:remotename)%00%(upstream:remoteref) --ignore-case refs/heads/main refs/remotes/main [43ms]
2025-12-30 13:10:36.850 [info] > git for-each-ref --sort -committerdate --format %(refname)%00%(objectname)%00%(*objectname) [35ms]
2025-12-30 13:10:36.852 [info] > git status -z -uall [39ms]
2025-12-30 13:10:41.923 [info] > git config --get commit.template [63ms]
2025-12-30 13:10:41.931 [info] > git for-each-ref --format=%(refname)%00%(upstream:short)%00%(objectname)%00%(upstream:track)%00%(upstream:remotename)%00%(upstream:remoteref) --ignore-case refs/heads/main refs/remotes/main [67ms]
2025-12-30 13:10:42.048 [info] > git for-each-ref --sort -committerdate --format %(refname)%00%(objectname)%00%(*objectname) [110ms]
2025-12-30 13:10:42.052 [info] > git status -z -uall [117ms]
2025-12-30 13:10:47.104 [info] > git config --get commit.template [42ms]
2025-12-30 13:10:47.108 [info] > git for-each-ref --format=%(refname)%00%(upstream:short)%00%(objectname)%00%(upstream:track)%00%(upstream:remotename)%00%(upstream:remoteref) --ignore-case refs/heads/main refs/remotes/main [44ms]
2025-12-30 13:10:47.151 [info] > git status -z -uall [41ms]
2025-12-30 13:10:47.151 [info] > git for-each-ref --sort -committerdate --format %(refname)%00%(objectname)%00%(*objectname) [39ms]
2025-12-30 13:10:52.231 [info] > git config --get commit.template [73ms]
2025-12-30 13:10:52.235 [info] > git for-each-ref --format=%(refname)%00%(upstream:short)%00%(objectname)%00%(upstream:track)%00%(upstream:remotename)%00%(upstream:remoteref) --ignore-case refs/heads/main refs/remotes/main [73ms]
2025-12-30 13:10:52.319 [info] > git for-each-ref --sort -committerdate --format %(refname)%00%(objectname)%00%(*objectname) [78ms]
2025-12-30 13:10:52.322 [info] > git status -z -uall [85ms]
2025-12-30 13:10:57.405 [info] > git config --get commit.template [64ms]
2025-12-30 13:10:57.411 [info] > git for-each-ref --format=%(refname)%00%(upstream:short)%00%(objectname)%00%(upstream:track)%00%(upstream:remotename)%00%(upstream:remoteref) --ignore-case refs/heads/main refs/remotes/main [67ms]
2025-12-30 13:10:57.484 [info] > git status -z -uall [69ms]
2025-12-30 13:10:57.495 [info] > git for-each-ref --sort -committerdate --format %(refname)%00%(objectname)%00%(*objectname) [77ms]
2025-12-30 13:11:02.621 [info] > git config --get commit.template [115ms]
2025-12-30 13:11:02.625 [info] > git for-each-ref --format=%(refname)%00%(upstream:short)%00%(objectname)%00%(upstream:track)%00%(upstream:remotename)%00%(upstream:remoteref) --ignore-case refs/heads/main refs/remotes/main [116ms]
2025-12-30 13:11:02.727 [info] > git status -z -uall [98ms]
2025-12-30 13:11:02.728 [info] > git for-each-ref --sort -committerdate --format %(refname)%00%(objectname)%00%(*objectname) [96ms]
2025-12-30 13:11:06.931 [info] > git log --format=%H%n%aN%n%aE%n%at%n%ct%n%P%n%D%n%B -z -n51 --shortstat --follow -- /Users/leifwsogge/Library/Mobile Documents/com~apple~CloudDocs/Space LEAF Corp.global.secure.net/Volcanic-Ash-Dispersion-Module/main.py [66ms]
2025-12-30 13:11:07.793 [info] > git config --get commit.template [57ms]
2025-12-30 13:11:07.796 [info] > git for-each-ref --format=%(refname)%00%(upstream:short)%00%(objectname)%00%(upstream:track)%00%(upstream:remotename)%00%(upstream:remoteref) --ignore-case refs/heads/main refs/remotes/main [56ms]
2025-12-30 13:11:07.850 [info] > git for-each-ref --sort -committerdate --format %(refname)%00%(objectname)%00%(*objectname) [51ms]
2025-12-30 13:11:07.858 [info] > git status -z -uall [61ms]
2025-12-30 13:11:12.993 [info] > git config --get commit.template [127ms]
2025-12-30 13:11:12.996 [info] > git for-each-ref --format=%(refname)%00%(upstream:short)%00%(objectname)%00%(upstream:track)%00%(upstream:remotename)%00%(upstream:remoteref) --ignore-case refs/heads/main refs/remotes/main [115ms]
2025-12-30 13:11:13.058 [info] > git status -z -uall [58ms]
2025-12-30 13:11:13.071 [info] > git for-each-ref --sort -committerdate --format %(refname)%00%(objectname)%00%(*objectname) [66ms]
2025-12-30 13:11:18.115 [info] > git config --get commit.template [37ms]
2025-12-30 13:11:18.118 [info] > git for-each-ref --format=%(refname)%00%(upstream:short)%00%(objectname)%00%(upstream:track)%00%(upstream:remotename)%00%(upstream:remoteref) --ignore-case refs/heads/main refs/remotes/main [37ms]
2025-12-30 13:11:18.155 [info] > git status -z -uall [35ms]
2025-12-30 13:11:18.156 [info] > git for-each-ref --sort -committerdate --format %(refname)%00%(objectname)%00%(*objectname) [35ms]
2025-12-30 13:11:34.299 [info] > git log --format=%H%n%aN%n%aE%n%at%n%ct%n%P%n%D%n%B -z -n51 --shortstat --follow -- /Users/leifwsogge/Library/Mobile Documents/com~apple~CloudDocs/Space LEAF Corp.global.secure.net/Volcanic-Ash-Dispersion-Module/density_classifier.py [106ms]
2025-12-30 13:11:35.599 [info] > git ls-files --stage -- density_classifier.py [146ms]
2025-12-30 13:11:35.602 [info] > git show --textconv :density_classifier.py [152ms]
2025-12-30 13:11:35.655 [info] > git cat-file -s 53462a776770781a8d4f49e001f6e969f42a496a [54ms]
2025-12-30 13:11:41.119 [info] > git config --get commit.template [114ms]
2025-12-30 13:11:41.129 [info] > git for-each-ref --format=%(refname)%00%(upstream:short)%00%(objectname)%00%(upstream:track)%00%(upstream:remotename)%00%(upstream:remoteref) --ignore-case refs/heads/main refs/remotes/main [103ms]
2025-12-30 13:11:41.184 [info] > git status -z -uall [52ms]
2025-12-30 13:11:41.187 [info] > git for-each-ref --sort -committerdate --format %(refname)%00%(objectname)%00%(*objectname) [54ms]
2025-12-30 13:11:46.284 [info] > git config --get commit.template [86ms]
2025-12-30 13:11:46.290 [info] > git for-each-ref --format=%(refname)%00%(upstream:short)%00%(objectname)%00%(upstream:track)%00%(upstream:remotename)%00%(upstream:remoteref) --ignore-case refs/heads/main refs/remotes/main [83ms]
2025-12-30 13:11:46.356 [info] > git status -z -uall [63ms]
2025-12-30 13:11:46.360 [info] > git for-each-ref --sort -committerdate --format %(refname)%00%(objectname)%00%(*objectname) [65ms]
2025-12-30 13:11:51.470 [info] > git config --get commit.template [82ms]
2025-12-30 13:11:51.477 [info] > git for-each-ref --format=%(refname)%00%(upstream:short)%00%(objectname)%00%(upstream:track)%00%(upstream:remotename)%00%(upstream:remoteref) --ignore-case refs/heads/main refs/remotes/main [78ms]
2025-12-30 13:11:51.558 [info] > git for-each-ref --sort -committerdate --format %(refname)%00%(objectname)%00%(*objectname) [72ms]
2025-12-30 13:11:51.564 [info] > git status -z -uall [80ms]
2025-12-30 13:11:52.598 [info] > git log --format=%H%n%aN%n%aE%n%at%n%ct%n%P%n%D%n%B -z -n51 --shortstat --follow -- /Users/leifwsogge/Library/Mobile Documents/com~apple~CloudDocs/Space LEAF Corp.global.secure.net/Volcanic-Ash-Dispersion-Module/ash_dispersion.py [68ms]
2025-12-30 13:11:53.033 [info] > git ls-files --stage -- ash_dispersion.py [96ms]
2025-12-30 13:11:53.098 [info] > git show --textconv :ash_dispersion.py [164ms]
2025-12-30 13:11:53.127 [info] > git cat-file -s baed6b5f69f213658339184aafe1eec81395c536 [91ms]
2025-12-30 13:11:53.283 [info] > git blame --root --incremental e3f86fb306257216b53118536a9d3beabf5a5328 -- ash_dispersion.py [63ms]
2025-12-30 13:11:56.615 [info] > git config --get commit.template [44ms]
2025-12-30 13:11:56.619 [info] > git for-each-ref --format=%(refname)%00%(upstream:short)%00%(objectname)%00%(upstream:track)%00%(upstream:remotename)%00%(upstream:remoteref) --ignore-case refs/heads/main refs/remotes/main [43ms]
2025-12-30 13:11:56.669 [info] > git for-each-ref --sort -committerdate --format %(refname)%00%(objectname)%00%(*objectname) [47ms]
2025-12-30 13:11:56.669 [info] > git status -z -uall [49ms]
2025-12-30 13:12:01.770 [info] > git config --get commit.template [94ms]
2025-12-30 13:12:01.775 [info] > git for-each-ref --format=%(refname)%00%(upstream:short)%00%(objectname)%00%(upstream:track)%00%(upstream:remotename)%00%(upstream:remoteref) --ignore-case refs/heads/main refs/remotes/main [75ms]
2025-12-30 13:12:01.823 [info] > git status -z -uall [46ms]
2025-12-30 13:12:01.824 [info] > git for-each-ref --sort -committerdate --format %(refname)%00%(objectname)%00%(*objectname) [45ms]
2025-12-30 13:12:06.880 [info] > git config --get commit.template [45ms]
2025-12-30 13:12:06.882 [info] > git for-each-ref --format=%(refname)%00%(upstream:short)%00%(objectname)%00%(upstream:track)%00%(upstream:remotename)%00%(upstream:remoteref) --ignore-case refs/heads/main refs/remotes/main [44ms]
2025-12-30 13:12:06.924 [info] > git for-each-ref --sort -committerdate --format %(refname)%00%(objectname)%00%(*objectname) [38ms]
2025-12-30 13:12:06.924 [info] > git status -z -uall [41ms]
2025-12-30 13:12:10.457 [info] > git log --format=%H%n%aN%n%aE%n%at%n%ct%n%P%n%D%n%B -z -n51 --shortstat --follow -- /Users/leifwsogge/Library/Mobile Documents/com~apple~CloudDocs/Space LEAF Corp.global.secure.net/Volcanic-Ash-Dispersion-Module/density_classifier.py [66ms]
2025-12-30 13:12:12.932 [info] > git config --get commit.template [96ms]
2025-12-30 13:12:12.936 [info] > git for-each-ref --format=%(refname)%00%(upstream:short)%00%(objectname)%00%(upstream:track)%00%(upstream:remotename)%00%(upstream:remoteref) --ignore-case refs/heads/main refs/remotes/main [97ms]
2025-12-30 13:12:13.057 [info] > git status -z -uall [117ms]
2025-12-30 13:12:13.059 [info] > git for-each-ref --sort -committerdate --format %(refname)%00%(objectname)%00%(*objectname) [117ms]
2025-12-30 13:12:18.107 [info] > git config --get commit.template [40ms]
2025-12-30 13:12:18.111 [info] > git for-each-ref --format=%(refname)%00%(upstream:short)%00%(objectname)%00%(upstream:track)%00%(upstream:remotename)%00%(upstream:remoteref) --ignore-case refs/heads/main refs/remotes/main [41ms]
2025-12-30 13:12:18.161 [info] > git status -z -uall [49ms]
2025-12-30 13:12:18.164 [info] > git for-each-ref --sort -committerdate --format %(refname)%00%(objectname)%00%(*objectname) [51ms]
2025-12-30 13:12:24.485 [info] > git config --get commit.template [79ms]
2025-12-30 13:12:24.489 [info] > git for-each-ref --format=%(refname)%00%(upstream:short)%00%(objectname)%00%(upstream:track)%00%(upstream:remotename)%00%(upstream:remoteref) --ignore-case refs/heads/main refs/remotes/main [79ms]
2025-12-30 13:12:24.544 [info] > git status -z -uall [53ms]
2025-12-30 13:12:24.547 [info] > git for-each-ref --sort -committerdate --format %(refname)%00%(objectname)%00%(*objectname) [54ms]
2025-12-30 13:12:29.600 [info] > git config --get commit.template [43ms]
2025-12-30 13:12:29.604 [info] > git for-each-ref --format=%(refname)%00%(upstream:short)%00%(objectname)%00%(upstream:track)%00%(upstream:remotename)%00%(upstream:remoteref) --ignore-case refs/heads/main refs/remotes/main [45ms]
2025-12-30 13:12:29.654 [info] > git status -z -uall [47ms]
2025-12-30 13:12:29.655 [info] > git for-each-ref --sort -committerdate --format %(refname)%00%(objectname)%00%(*objectname) [46ms]
2025-12-30 13:12:34.712 [info] > git config --get commit.template [42ms]
2025-12-30 13:12:34.716 [info] > git for-each-ref --format=%(refname)%00%(upstream:short)%00%(objectname)%00%(upstream:track)%00%(upstream:remotename)%00%(upstream:remoteref) --ignore-case refs/heads/main refs/remotes/main [44ms]
2025-12-30 13:12:34.759 [info] > git status -z -uall [41ms]
2025-12-30 13:12:34.759 [info] > git for-each-ref --sort -committerdate --format %(refname)%00%(objectname)%00%(*objectname) [39ms]
2025-12-30 13:12:39.813 [info] > git config --get commit.template [47ms]
2025-12-30 13:12:39.816 [info] > git for-each-ref --format=%(refname)%00%(upstream:short)%00%(objectname)%00%(upstream:track)%00%(upstream:remotename)%00%(upstream:remoteref) --ignore-case refs/heads/main refs/remotes/main [49ms]
2025-12-30 13:12:39.870 [info] > git status -z -uall [53ms]
2025-12-30 13:12:39.871 [info] > git for-each-ref --sort -committerdate --format %(refname)%00%(objectname)%00%(*objectname) [52ms]
2025-12-30 13:12:44.485 [info] > git fetch [490ms]
2025-12-30 13:12:44.550 [info] > git config --get commit.template [63ms]
2025-12-30 13:12:44.558 [info] > git for-each-ref --format=%(refname)%00%(upstream:short)%00%(objectname)%00%(upstream:track)%00%(upstream:remotename)%00%(upstream:remoteref) --ignore-case refs/heads/main refs/remotes/main [69ms]
2025-12-30 13:12:44.613 [info] > git status -z -uall [53ms]
2025-12-30 13:12:44.618 [info] > git for-each-ref --sort -committerdate --format %(refname)%00%(objectname)%00%(*objectname) [56ms]
2025-12-30 13:12:44.942 [info] > git config --get commit.template [55ms]
2025-12-30 13:12:44.948 [info] > git for-each-ref --format=%(refname)%00%(upstream:short)%00%(objectname)%00%(upstream:track)%00%(upstream:remotename)%00%(upstream:remoteref) --ignore-case refs/heads/main refs/remotes/main [58ms]
2025-12-30 13:12:45.007 [info] > git status -z -uall [57ms]
2025-12-30 13:12:45.010 [info] > git for-each-ref --sort -committerdate --format %(refname)%00%(objectname)%00%(*objectname) [57ms]
2025-12-30 13:12:45.187 [info] > git rev-list --count e3f86fb306257216b53118536a9d3beabf5a5328.. -- /Users/leifwsogge/Library/Mobile Documents/com~apple~CloudDocs/Space LEAF Corp.global.secure.net/Volcanic-Ash-Dispersion-Module/density_classifier.py [51ms]
2025-12-30 13:12:45.260 [info] > git log --format=%H%n%aN%n%aE%n%at%n%ct%n%P%n%D%n%B -z -n2 --shortstat --follow -- /Users/leifwsogge/Library/Mobile Documents/com~apple~CloudDocs/Space LEAF Corp.global.secure.net/Volcanic-Ash-Dispersion-Module/density_classifier.py [70ms]
2025-12-30 13:12:45.827 [info] > git ls-files --stage -- main.py [92ms]
2025-12-30 13:12:45.829 [info] > git ls-files --stage -- ash_dispersion.py [84ms]
2025-12-30 13:12:45.833 [info] > git ls-files --stage -- ocean_deposition.py [93ms]
2025-12-30 13:12:45.840 [info] > git ls-files --stage -- density_classifier.py [98ms]
2025-12-30 13:12:45.902 [info] > git cat-file -s 31e179e10955d570423760cb4814652910902c0b [73ms]
2025-12-30 13:12:45.912 [info] > git cat-file -s baed6b5f69f213658339184aafe1eec81395c536 [81ms]
2025-12-30 13:12:45.922 [info] > git cat-file -s c4b41e65a7daaf9126dcefa8249073f780da07c1 [86ms]
2025-12-30 13:12:45.929 [info] > git cat-file -s 53462a776770781a8d4f49e001f6e969f42a496a [86ms]
2025-12-30 13:12:45.978 [info] > git show --textconv :main.py [73ms]
2025-12-30 13:12:45.978 [info] > git show --textconv :ash_dispersion.py [63ms]
2025-12-30 13:12:45.978 [info] > git show --textconv :ocean_deposition.py [52ms]
2025-12-30 13:12:45.985 [info] > git show --textconv :density_classifier.py [54ms]
2025-12-30 13:12:50.054 [info] > git config --get commit.template [39ms]
2025-12-30 13:12:50.057 [info] > git for-each-ref --format=%(refname)%00%(upstream:short)%00%(objectname)%00%(upstream:track)%00%(upstream:remotename)%00%(upstream:remoteref) --ignore-case refs/heads/main refs/remotes/main [41ms]
2025-12-30 13:12:50.102 [info] > git for-each-ref --sort -committerdate --format %(refname)%00%(objectname)%00%(*objectname) [40ms]
2025-12-30 13:12:50.103 [info] > git status -z -uall [44ms]
2025-12-30 13:12:53.347 [info] > git log --format=%H%n%aN%n%aE%n%at%n%ct%n%P%n%D%n%B -z -n51 --shortstat --follow -- /Users/leifwsogge/Library/Mobile Documents/com~apple~CloudDocs/Space LEAF Corp.global.secure.net/Volcanic-Ash-Dispersion-Module/main.py [71ms]
2025-12-30 13:12:54.454 [info] > git show --textconv :main.py [85ms]
2025-12-30 13:12:54.483 [info] > git ls-files --stage -- main.py [112ms]
2025-12-30 13:12:54.545 [info] > git cat-file -s 31e179e10955d570423760cb4814652910902c0b [61ms]
2025-12-30 13:12:55.167 [info] > git config --get commit.template [54ms]
2025-12-30 13:12:55.170 [info] > git for-each-ref --format=%(refname)%00%(upstream:short)%00%(objectname)%00%(upstream:track)%00%(upstream:remotename)%00%(upstream:remoteref) --ignore-case refs/heads/main refs/remotes/main [55ms]
2025-12-30 13:12:55.221 [info] > git for-each-ref --sort -committerdate --format %(refname)%00%(objectname)%00%(*objectname) [46ms]
2025-12-30 13:12:55.227 [info] > git status -z -uall [55ms]
2025-12-30 13:13:00.313 [info] > git config --get commit.template [79ms]
2025-12-30 13:13:00.317 [info] > git for-each-ref --format=%(refname)%00%(upstream:short)%00%(objectname)%00%(upstream:track)%00%(upstream:remotename)%00%(upstream:remoteref) --ignore-case refs/heads/main refs/remotes/main [82ms]
2025-12-30 13:13:00.374 [info] > git status -z -uall [49ms]
2025-12-30 13:13:00.377 [info] > git for-each-ref --sort -committerdate --format %(refname)%00%(objectname)%00%(*objectname) [50ms]
2025-12-30 13:13:05.479 [info] > git config --get commit.template [93ms]
2025-12-30 13:13:05.479 [info] > git for-each-ref --format=%(refname)%00%(upstream:short)%00%(objectname)%00%(upstream:track)%00%(upstream:remotename)%00%(upstream:remoteref) --ignore-case refs/heads/main refs/remotes/main [89ms]
2025-12-30 13:13:05.552 [info] > git status -z -uall [70ms]
2025-12-30 13:13:05.554 [info] > git for-each-ref --sort -committerdate --format %(refname)%00%(objectname)%00%(*objectname) [69ms]
2025-12-30 13:13:23.800 [info] > git log --format=%H%n%aN%n%aE%n%at%n%ct%n%P%n%D%n%B -z -n51 --shortstat --follow -- /Users/leifwsogge/Library/Mobile Documents/com~apple~CloudDocs/Space LEAF Corp.global.secure.net/Volcanic-Ash-Dispersion-Module/ash_distribution_plot.py [257ms]
2025-12-30 13:13:24.061 [info] > git ls-files --stage -- ash_distribution_plot.py [117ms]
2025-12-30 13:13:24.064 [info] > git show --textconv :ash_distribution_plot.py [130ms]
2025-12-30 13:13:24.109 [info] > git cat-file -s 1b50c8125fbd613afa5a01f81b827e092d8da66d [46ms]
2025-12-30 13:13:44.136 [info] > git config --get commit.template [49ms]
2025-12-30 13:13:44.147 [info] > git for-each-ref --format=%(refname)%00%(upstream:short)%00%(objectname)%00%(upstream:track)%00%(upstream:remotename)%00%(upstream:remoteref) --ignore-case refs/heads/main refs/remotes/main [59ms]
2025-12-30 13:13:44.190 [info] > git status -z -uall [41ms]
2025-12-30 13:13:44.194 [info] > git for-each-ref --sort -committerdate --format %(refname)%00%(objectname)%00%(*objectname) [44ms]
2025-12-30 13:13:49.261 [info] > git config --get commit.template [60ms]
2025-12-30 13:13:49.265 [info] > git for-each-ref --format=%(refname)%00%(upstream:short)%00%(objectname)%00%(upstream:track)%00%(upstream:remotename)%00%(upstream:remoteref) --ignore-case refs/heads/main refs/remotes/main [60ms]
2025-12-30 13:13:49.332 [info] > git for-each-ref --sort -committerdate --format %(refname)%00%(objectname)%00%(*objectname) [61ms]
2025-12-30 13:13:49.333 [info] > git status -z -uall [65ms]
2025-12-30 13:15:45.120 [info] > git fetch [483ms]
2025-12-30 13:15:45.176 [info] > git config --get commit.template [52ms]
2025-12-30 13:15:45.177 [info] > git for-each-ref --format=%(refname)%00%(upstream:short)%00%(objectname)%00%(upstream:track)%00%(upstream:remotename)%00%(upstream:remoteref) --ignore-case refs/heads/main refs/remotes/main [51ms]
2025-12-30 13:15:45.219 [info] > git for-each-ref --sort -committerdate --format %(refname)%00%(objectname)%00%(*objectname) [39ms]
2025-12-30 13:15:45.225 [info] > git status -z -uall [46ms]
2025-12-30 13:15:45.804 [info] > git rev-list --count e3f86fb306257216b53118536a9d3beabf5a5328.. -- /Users/leifwsogge/Library/Mobile Documents/com~apple~CloudDocs/Space LEAF Corp.global.secure.net/Volcanic-Ash-Dispersion-Module/ash_distribution_plot.py [40ms]
2025-12-30 13:15:45.851 [info] > git log --format=%H%n%aN%n%aE%n%at%n%ct%n%P%n%D%n%B -z -n2 --shortstat --follow -- /Users/leifwsogge/Library/Mobile Documents/com~apple~CloudDocs/Space LEAF Corp.global.secure.net/Volcanic-Ash-Dispersion-Module/ash_distribution_plot.py [45ms]
2025-12-30 13:15:46.296 [info] > git config --get commit.template [34ms]
2025-12-30 13:15:46.300 [info] > git for-each-ref --format=%(refname)%00%(upstream:short)%00%(objectname)%00%(upstream:track)%00%(upstream:remotename)%00%(upstream:remoteref) --ignore-case refs/heads/main refs/remotes/main [36ms]
2025-12-30 13:15:46.339 [info] > git status -z -uall [36ms]
2025-12-30 13:15:46.340 [info] > git for-each-ref --sort -committerdate --format %(refname)%00%(objectname)%00%(*objectname) [35ms]
2025-12-30 13:15:46.397 [info] > git ls-files --stage -- main.py [33ms]
2025-12-30 13:15:46.398 [info] > git ls-files --stage -- ash_distribution_plot.py [33ms]
2025-12-30 13:15:46.434 [info] > git cat-file -s 1b50c8125fbd613afa5a01f81b827e092d8da66d [35ms]
2025-12-30 13:15:46.435 [info] > git cat-file -s 31e179e10955d570423760cb4814652910902c0b [37ms]
2025-12-30 13:15:46.479 [info] > git show --textconv :ash_distribution_plot.py [42ms]
2025-12-30 13:15:46.481 [info] > git show --textconv :main.py [42ms]
2025-12-30 13:18:45.724 [info] > git fetch [478ms]
2025-12-30 13:18:45.764 [info] > git config --get commit.template [37ms]
2025-12-30 13:18:45.767 [info] > git for-each-ref --format=%(refname)%00%(upstream:short)%00%(objectname)%00%(upstream:track)%00%(upstream:remotename)%00%(upstream:remoteref) --ignore-case refs/heads/main refs/remotes/main [39ms]
2025-12-30 13:18:45.811 [info] > git status -z -uall [42ms]
2025-12-30 13:18:45.815 [info] > git for-each-ref --sort -committerdate --format %(refname)%00%(objectname)%00%(*objectname) [43ms]
2025-12-30 13:18:46.418 [info] > git rev-list --count e3f86fb306257216b53118536a9d3beabf5a5328.. -- /Users/leifwsogge/Library/Mobile Documents/com~apple~CloudDocs/Space LEAF Corp.global.secure.net/Volcanic-Ash-Dispersion-Module/ash_distribution_plot.py [43ms]
2025-12-30 13:18:46.462 [info] > git log --format=%H%n%aN%n%aE%n%at%n%ct%n%P%n%D%n%B -z -n2 --shortstat --follow -- /Users/leifwsogge/Library/Mobile Documents/com~apple~CloudDocs/Space LEAF Corp.global.secure.net/Volcanic-Ash-Dispersion-Module/ash_distribution_plot.py [42ms]
2025-12-30 13:18:46.906 [info] > git config --get commit.template [35ms]
2025-12-30 13:18:46.909 [info] > git for-each-ref --format=%(refname)%00%(upstream:short)%00%(objectname)%00%(upstream:track)%00%(upstream:remotename)%00%(upstream:remoteref) --ignore-case refs/heads/main refs/remotes/main [35ms]
2025-12-30 13:18:46.946 [info] > git for-each-ref --sort -committerdate --format %(refname)%00%(objectname)%00%(*objectname) [34ms]
2025-12-30 13:18:46.952 [info] > git status -z -uall [41ms]
2025-12-30 13:18:47.020 [info] > git ls-files --stage -- ash_distribution_plot.py [48ms]
2025-12-30 13:18:47.084 [info] > git cat-file -s 1b50c8125fbd613afa5a01f81b827e092d8da66d [58ms]
2025-12-30 13:18:47.129 [info] > git show --textconv :ash_distribution_plot.py [43ms]
2025-12-30 13:21:46.763 [info] > git rev-list --count e3f86fb306257216b53118536a9d3beabf5a5328.. -- /Users/leifwsogge/Library/Mobile Documents/com~apple~CloudDocs/Space LEAF Corp.global.secure.net/Volcanic-Ash-Dispersion-Module/ash_distribution_plot.py [51ms]
2025-12-30 13:21:46.813 [info] > git log --format=%H%n%aN%n%aE%n%at%n%ct%n%P%n%D%n%B -z -n2 --shortstat --follow -- /Users/leifwsogge/Library/Mobile Documents/com~apple~CloudDocs/Space LEAF Corp.global.secure.net/Volcanic-Ash-Dispersion-Module/ash_distribution_plot.py [45ms]
2025-12-30 13:21:47.330 [info] > git ls-files --stage -- ash_distribution_plot.py [33ms]
2025-12-30 13:21:47.364 [info] > git cat-file -s 1b50c8125fbd613afa5a01f81b827e092d8da66d [33ms]
2025-12-30 13:21:47.391 [info] > git fetch [1519ms]
2025-12-30 13:21:47.403 [info] > git show --textconv :ash_distribution_plot.py [37ms]
2025-12-30 13:21:47.430 [info] > git config --get commit.template [35ms]
2025-12-30 13:21:47.432 [info] > git for-each-ref --format=%(refname)%00%(upstream:short)%00%(objectname)%00%(upstream:track)%00%(upstream:remotename)%00%(upstream:remoteref) --ignore-case refs/heads/main refs/remotes/main [35ms]
2025-12-30 13:21:47.475 [info] > git for-each-ref --sort -committerdate --format %(refname)%00%(objectname)%00%(*objectname) [38ms]
2025-12-30 13:21:47.476 [info] > git status -z -uall [41ms]
2025-12-30 13:21:48.044 [info] > git rev-list --count e3f86fb306257216b53118536a9d3beabf5a5328.. -- /Users/leifwsogge/Library/Mobile Documents/com~apple~CloudDocs/Space LEAF Corp.global.secure.net/Volcanic-Ash-Dispersion-Module/ash_distribution_plot.py [47ms]
2025-12-30 13:21:48.081 [info] > git log --format=%H%n%aN%n%aE%n%at%n%ct%n%P%n%D%n%B -z -n2 --shortstat --follow -- /Users/leifwsogge/Library/Mobile Documents/com~apple~CloudDocs/Space LEAF Corp.global.secure.net/Volcanic-Ash-Dispersion-Module/ash_distribution_plot.py [36ms]
2025-12-30 13:21:48.615 [info] > git ls-files --stage -- ash_distribution_plot.py [40ms]
2025-12-30 13:21:48.649 [info] > git cat-file -s 1b50c8125fbd613afa5a01f81b827e092d8da66d [33ms]
2025-12-30 13:21:48.685 [info] > git show --textconv :ash_distribution_plot.py [33ms]
2025-12-30 13:21:50.575 [info] > git config --get commit.template [50ms]
2025-12-30 13:21:50.579 [info] > git for-each-ref --format=%(refname)%00%(upstream:short)%00%(objectname)%00%(upstream:track)%00%(upstream:remotename)%00%(upstream:remoteref) --ignore-case refs/heads/main refs/remotes/main [51ms]
2025-12-30 13:21:50.637 [info] > git status -z -uall [55ms]
2025-12-30 13:21:50.640 [info] > git for-each-ref --sort -committerdate --format %(refname)%00%(objectname)%00%(*objectname) [55ms]
2025-12-30 13:21:57.683 [info] > git config --get commit.template [66ms]
2025-12-30 13:21:57.683 [info] > git for-each-ref --format=%(refname)%00%(upstream:short)%00%(objectname)%00%(upstream:track)%00%(upstream:remotename)%00%(upstream:remoteref) --ignore-case refs/heads/main refs/remotes/main [59ms]
2025-12-30 13:21:57.756 [info] > git for-each-ref --sort -committerdate --format %(refname)%00%(objectname)%00%(*objectname) [67ms]
2025-12-30 13:21:57.759 [info] > git status -z -uall [73ms]
2025-12-30 13:24:15.556 [info] > git log --format=%H%n%aN%n%aE%n%at%n%ct%n%P%n%D%n%B -z -n51 --shortstat --follow -- /Users/leifwsogge/Library/Mobile Documents/com~apple~CloudDocs/Space LEAF Corp.global.secure.net/Volcanic-Ash-Dispersion-Module/main.py [400ms]
2025-12-30 13:24:15.996 [info] > git ls-files --stage -- main.py [212ms]
2025-12-30 13:24:16.005 [info] > git show --textconv :main.py [227ms]
2025-12-30 13:24:16.191 [info] > git cat-file -s 31e179e10955d570423760cb4814652910902c0b [193ms]
2025-12-30 13:24:18.946 [info] > git config --get commit.template [66ms]
2025-12-30 13:24:18.952 [info] > git for-each-ref --format=%(refname)%00%(upstream:short)%00%(objectname)%00%(upstream:track)%00%(upstream:remotename)%00%(upstream:remoteref) --ignore-case refs/heads/main refs/remotes/main [66ms]
2025-12-30 13:24:19.050 [info] > git status -z -uall [93ms]
2025-12-30 13:24:19.056 [info] > git for-each-ref --sort -committerdate --format %(refname)%00%(objectname)%00%(*objectname) [96ms]
2025-12-30 13:24:24.599 [info] > git config --get commit.template [90ms]
2025-12-30 13:24:24.609 [info] > git for-each-ref --format=%(refname)%00%(upstream:short)%00%(objectname)%00%(upstream:track)%00%(upstream:remotename)%00%(upstream:remoteref) --ignore-case refs/heads/main refs/remotes/main [93ms]
2025-12-30 13:24:24.676 [info] > git for-each-ref --sort -committerdate --format %(refname)%00%(objectname)%00%(*objectname) [60ms]
2025-12-30 13:24:24.678 [info] > git status -z -uall [65ms]
2025-12-30 13:24:29.451 [info] > git log --format=%H%n%aN%n%aE%n%at%n%ct%n%P%n%D%n%B -z -n51 --shortstat --follow -- /Users/leifwsogge/Library/Mobile Documents/com~apple~CloudDocs/Space LEAF Corp.global.secure.net/Volcanic-Ash-Dispersion-Module/density_classifier.py [52ms]
2025-12-30 13:24:30.091 [info] > git ls-files --stage -- density_classifier.py [213ms]
2025-12-30 13:24:30.109 [info] > git show --textconv :density_classifier.py [237ms]
2025-12-30 13:24:30.150 [info] > git cat-file -s 53462a776770781a8d4f49e001f6e969f42a496a [57ms]
2025-12-30 13:24:31.764 [info] > git config --get commit.template [51ms]
2025-12-30 13:24:31.766 [info] > git for-each-ref --format=%(refname)%00%(upstream:short)%00%(objectname)%00%(upstream:track)%00%(upstream:remotename)%00%(upstream:remoteref) --ignore-case refs/heads/main refs/remotes/main [52ms]
2025-12-30 13:24:31.818 [info] > git status -z -uall [50ms]
2025-12-30 13:24:31.830 [info] > git for-each-ref --sort -committerdate --format %(refname)%00%(objectname)%00%(*objectname) [59ms]
2025-12-30 13:24:36.887 [info] > git config --get commit.template [48ms]
2025-12-30 13:24:36.897 [info] > git for-each-ref --format=%(refname)%00%(upstream:short)%00%(objectname)%00%(upstream:track)%00%(upstream:remotename)%00%(upstream:remoteref) --ignore-case refs/heads/main refs/remotes/main [57ms]
2025-12-30 13:24:36.936 [info] > git status -z -uall [38ms]
2025-12-30 13:24:36.944 [info] > git for-each-ref --sort -committerdate --format %(refname)%00%(objectname)%00%(*objectname) [44ms]
2025-12-30 13:24:47.914 [info] > git fetch [420ms]
2025-12-30 13:24:47.958 [info] > git config --get commit.template [41ms]
2025-12-30 13:24:47.962 [info] > git for-each-ref --format=%(refname)%00%(upstream:short)%00%(objectname)%00%(upstream:track)%00%(upstream:remotename)%00%(upstream:remoteref) --ignore-case refs/heads/main refs/remotes/main [41ms]
2025-12-30 13:24:48.008 [info] > git status -z -uall [44ms]
2025-12-30 13:24:48.012 [info] > git for-each-ref --sort -committerdate --format %(refname)%00%(objectname)%00%(*objectname) [45ms]
2025-12-30 13:24:48.602 [info] > git rev-list --count e3f86fb306257216b53118536a9d3beabf5a5328.. -- /Users/leifwsogge/Library/Mobile Documents/com~apple~CloudDocs/Space LEAF Corp.global.secure.net/Volcanic-Ash-Dispersion-Module/density_classifier.py [42ms]
2025-12-30 13:24:48.646 [info] > git log --format=%H%n%aN%n%aE%n%at%n%ct%n%P%n%D%n%B -z -n2 --shortstat --follow -- /Users/leifwsogge/Library/Mobile Documents/com~apple~CloudDocs/Space LEAF Corp.global.secure.net/Volcanic-Ash-Dispersion-Module/density_classifier.py [41ms]
2025-12-30 13:24:49.104 [info] > git config --get commit.template [41ms]
2025-12-30 13:24:49.107 [info] > git for-each-ref --format=%(refname)%00%(upstream:short)%00%(objectname)%00%(upstream:track)%00%(upstream:remotename)%00%(upstream:remoteref) --ignore-case refs/heads/main refs/remotes/main [42ms]
2025-12-30 13:24:49.151 [info] > git status -z -uall [42ms]
2025-12-30 13:24:49.151 [info] > git for-each-ref --sort -committerdate --format %(refname)%00%(objectname)%00%(*objectname) [40ms]
2025-12-30 13:24:49.204 [info] > git ls-files --stage -- main.py [43ms]
2025-12-30 13:24:49.205 [info] > git ls-files --stage -- density_classifier.py [42ms]
2025-12-30 13:24:49.246 [info] > git cat-file -s 53462a776770781a8d4f49e001f6e969f42a496a [40ms]
2025-12-30 13:24:49.247 [info] > git cat-file -s 31e179e10955d570423760cb4814652910902c0b [42ms]
2025-12-30 13:24:49.289 [info] > git show --textconv :density_classifier.py [40ms]
2025-12-30 13:24:49.291 [info] > git show --textconv :main.py [40ms]
2025-12-30 13:24:52.121 [info] > git log --format=%H%n%aN%n%aE%n%at%n%ct%n%P%n%D%n%B -z -n51 --shortstat --follow -- /Users/leifwsogge/Library/Mobile Documents/com~apple~CloudDocs/Space LEAF Corp.global.secure.net/Volcanic-Ash-Dispersion-Module/main.py [63ms]
2025-12-30 13:24:54.213 [info] > git config --get commit.template [56ms]
2025-12-30 13:24:54.224 [info] > git for-each-ref --format=%(refname)%00%(upstream:short)%00%(objectname)%00%(upstream:track)%00%(upstream:remotename)%00%(upstream:remoteref) --ignore-case refs/heads/main refs/remotes/main [64ms]
2025-12-30 13:24:54.293 [info] > git status -z -uall [67ms]
2025-12-30 13:24:54.296 [info] > git for-each-ref --sort -committerdate --format %(refname)%00%(objectname)%00%(*objectname) [66ms]
2025-12-30 13:24:59.475 [info] > git config --get commit.template [162ms]
2025-12-30 13:24:59.485 [info] > git for-each-ref --format=%(refname)%00%(upstream:short)%00%(objectname)%00%(upstream:track)%00%(upstream:remotename)%00%(upstream:remoteref) --ignore-case refs/heads/main refs/remotes/main [171ms]
2025-12-30 13:24:59.556 [info] > git status -z -uall [65ms]
2025-12-30 13:24:59.559 [info] > git for-each-ref --sort -committerdate --format %(refname)%00%(objectname)%00%(*objectname) [66ms]
2025-12-30 13:25:04.728 [info] > git config --get commit.template [84ms]
2025-12-30 13:25:04.741 [info] > git for-each-ref --format=%(refname)%00%(upstream:short)%00%(objectname)%00%(upstream:track)%00%(upstream:remotename)%00%(upstream:remoteref) --ignore-case refs/heads/main refs/remotes/main [67ms]
2025-12-30 13:25:04.811 [info] > git for-each-ref --sort -committerdate --format %(refname)%00%(objectname)%00%(*objectname) [62ms]
2025-12-30 13:25:04.812 [info] > git status -z -uall [65ms]
2025-12-30 13:25:09.973 [info] > git for-each-ref --format=%(refname)%00%(upstream:short)%00%(objectname)%00%(upstream:track)%00%(upstream:remotename)%00%(upstream:remoteref) --ignore-case refs/heads/main refs/remotes/main [124ms]
2025-12-30 13:25:09.991 [info] > git config --get commit.template [166ms]
2025-12-30 13:25:10.065 [info] > git status -z -uall [71ms]
2025-12-30 13:25:10.078 [info] > git for-each-ref --sort -committerdate --format %(refname)%00%(objectname)%00%(*objectname) [81ms]
2025-12-30 13:25:15.247 [info] > git config --get commit.template [150ms]
2025-12-30 13:25:15.252 [info] > git for-each-ref --format=%(refname)%00%(upstream:short)%00%(objectname)%00%(upstream:track)%00%(upstream:remotename)%00%(upstream:remoteref) --ignore-case refs/heads/main refs/remotes/main [151ms]
2025-12-30 13:25:15.328 [info] > git status -z -uall [66ms]
2025-12-30 13:25:15.332 [info] > git for-each-ref --sort -committerdate --format %(refname)%00%(objectname)%00%(*objectname) [67ms]
2025-12-30 13:25:16.153 [info] > git log --format=%H%n%aN%n%aE%n%at%n%ct%n%P%n%D%n%B -z -n51 --shortstat --follow -- /Users/leifwsogge/Library/Mobile Documents/com~apple~CloudDocs/Space LEAF Corp.global.secure.net/Volcanic-Ash-Dispersion-Module/ocean_deposition.py [75ms]
2025-12-30 13:25:16.848 [info] > git show --textconv :ocean_deposition.py [182ms]
2025-12-30 13:25:16.853 [info] > git ls-files --stage -- ocean_deposition.py [183ms]
2025-12-30 13:25:16.899 [info] > git cat-file -s c4b41e65a7daaf9126dcefa8249073f780da07c1 [45ms]
2025-12-30 13:25:20.393 [info] > git config --get commit.template [46ms]
2025-12-30 13:25:20.396 [info] > git for-each-ref --format=%(refname)%00%(upstream:short)%00%(objectname)%00%(upstream:track)%00%(upstream:remotename)%00%(upstream:remoteref) --ignore-case refs/heads/main refs/remotes/main [47ms]
2025-12-30 13:25:20.446 [info] > git status -z -uall [48ms]
2025-12-30 13:25:20.446 [info] > git for-each-ref --sort -committerdate --format %(refname)%00%(objectname)%00%(*objectname) [46ms]
2025-12-30 13:25:25.511 [info] > git config --get commit.template [51ms]
2025-12-30 13:25:25.513 [info] > git for-each-ref --format=%(refname)%00%(upstream:short)%00%(objectname)%00%(upstream:track)%00%(upstream:remotename)%00%(upstream:remoteref) --ignore-case refs/heads/main refs/remotes/main [51ms]
2025-12-30 13:25:25.558 [info] > git status -z -uall [43ms]
2025-12-30 13:25:25.560 [info] > git for-each-ref --sort -committerdate --format %(refname)%00%(objectname)%00%(*objectname) [43ms]
2025-12-30 13:25:39.146 [info] > git config --get commit.template [74ms]
2025-12-30 13:25:39.155 [info] > git for-each-ref --format=%(refname)%00%(upstream:short)%00%(objectname)%00%(upstream:track)%00%(upstream:remotename)%00%(upstream:remoteref) --ignore-case refs/heads/main refs/remotes/main [80ms]
2025-12-30 13:25:39.206 [info] > git status -z -uall [49ms]
2025-12-30 13:25:39.213 [info] > git for-each-ref --sort -committerdate --format %(refname)%00%(objectname)%00%(*objectname) [54ms]
2025-12-30 13:25:44.265 [info] > git config --get commit.template [42ms]
2025-12-30 13:25:44.273 [info] > git for-each-ref --format=%(refname)%00%(upstream:short)%00%(objectname)%00%(upstream:track)%00%(upstream:remotename)%00%(upstream:remoteref) --ignore-case refs/heads/main refs/remotes/main [47ms]
2025-12-30 13:25:44.317 [info] > git status -z -uall [42ms]
2025-12-30 13:25:44.318 [info] > git for-each-ref --sort -committerdate --format %(refname)%00%(objectname)%00%(*objectname) [40ms]
2025-12-30 13:25:49.077 [info] > git log --format=%H%n%aN%n%aE%n%at%n%ct%n%P%n%D%n%B -z -n51 --shortstat --follow -- /Users/leifwsogge/Library/Mobile Documents/com~apple~CloudDocs/Space LEAF Corp.global.secure.net/Volcanic-Ash-Dispersion-Module/ash_distribution_plot.py [53ms]
2025-12-30 13:25:50.057 [info] > git ls-files --stage -- ash_distribution_plot.py [58ms]
2025-12-30 13:25:50.066 [info] > git show --textconv :ash_distribution_plot.py [70ms]
2025-12-30 13:25:50.110 [info] > git cat-file -s 1b50c8125fbd613afa5a01f81b827e092d8da66d [50ms]
2025-12-30 13:25:51.437 [info] > git config --get commit.template [43ms]
2025-12-30 13:25:51.442 [info] > git for-each-ref --format=%(refname)%00%(upstream:short)%00%(objectname)%00%(upstream:track)%00%(upstream:remotename)%00%(upstream:remoteref) --ignore-case refs/heads/main refs/remotes/main [47ms]
2025-12-30 13:25:51.501 [info] > git status -z -uall [57ms]
2025-12-30 13:25:51.503 [info] > git for-each-ref --sort -committerdate --format %(refname)%00%(objectname)%00%(*objectname) [57ms]
2025-12-30 13:25:59.636 [info] > git config --get commit.template [60ms]
2025-12-30 13:25:59.638 [info] > git for-each-ref --format=%(refname)%00%(upstream:short)%00%(objectname)%00%(upstream:track)%00%(upstream:remotename)%00%(upstream:remoteref) --ignore-case refs/heads/main refs/remotes/main [59ms]
2025-12-30 13:25:59.698 [info] > git status -z -uall [56ms]
2025-12-30 13:25:59.707 [info] > git for-each-ref --sort -committerdate --format %(refname)%00%(objectname)%00%(*objectname) [63ms]
2025-12-30 13:26:00.456 [info] > git log --format=%H%n%aN%n%aE%n%at%n%ct%n%P%n%D%n%B -z -n51 --shortstat --follow -- /Users/leifwsogge/Library/Mobile Documents/com~apple~CloudDocs/Space LEAF Corp.global.secure.net/Volcanic-Ash-Dispersion-Module/density_classifier.py [131ms]
2025-12-30 13:26:04.759 [info] > git config --get commit.template [43ms]
2025-12-30 13:26:04.763 [info] > git for-each-ref --format=%(refname)%00%(upstream:short)%00%(objectname)%00%(upstream:track)%00%(upstream:remotename)%00%(upstream:remoteref) --ignore-case refs/heads/main refs/remotes/main [45ms]
2025-12-30 13:26:04.807 [info] > git status -z -uall [42ms]
2025-12-30 13:26:04.809 [info] > git for-each-ref --sort -committerdate --format %(refname)%00%(objectname)%00%(*objectname) [43ms]
2025-12-30 13:26:09.208 [info] > git log --format=%H%n%aN%n%aE%n%at%n%ct%n%P%n%D%n%B -z -n51 --shortstat --follow -- /Users/leifwsogge/Library/Mobile Documents/com~apple~CloudDocs/Space LEAF Corp.global.secure.net/Volcanic-Ash-Dispersion-Module/main.py [76ms]
2025-12-30 13:26:09.893 [info] > git config --get commit.template [61ms]
2025-12-30 13:26:09.896 [info] > git for-each-ref --format=%(refname)%00%(upstream:short)%00%(objectname)%00%(upstream:track)%00%(upstream:remotename)%00%(upstream:remoteref) --ignore-case refs/heads/main refs/remotes/main [61ms]
2025-12-30 13:26:09.951 [info] > git status -z -uall [53ms]
2025-12-30 13:26:09.954 [info] > git for-each-ref --sort -committerdate --format %(refname)%00%(objectname)%00%(*objectname) [55ms]
2025-12-30 13:26:15.006 [info] > git config --get commit.template [41ms]
2025-12-30 13:26:15.009 [info] > git for-each-ref --format=%(refname)%00%(upstream:short)%00%(objectname)%00%(upstream:track)%00%(upstream:remotename)%00%(upstream:remoteref) --ignore-case refs/heads/main refs/remotes/main [41ms]
2025-12-30 13:26:15.047 [info] > git status -z -uall [36ms]
2025-12-30 13:26:15.048 [info] > git for-each-ref --sort -committerdate --format %(refname)%00%(objectname)%00%(*objectname) [36ms]
2025-12-30 13:26:20.100 [info] > git config --get commit.template [39ms]
2025-12-30 13:26:20.105 [info] > git for-each-ref --format=%(refname)%00%(upstream:short)%00%(objectname)%00%(upstream:track)%00%(upstream:remotename)%00%(upstream:remoteref) --ignore-case refs/heads/main refs/remotes/main [42ms]
2025-12-30 13:26:20.144 [info] > git for-each-ref --sort -committerdate --format %(refname)%00%(objectname)%00%(*objectname) [36ms]
2025-12-30 13:26:20.151 [info] > git status -z -uall [44ms]
2025-12-30 13:26:29.565 [info] > git config --get commit.template [67ms]
2025-12-30 13:26:29.567 [info] > git for-each-ref --format=%(refname)%00%(upstream:short)%00%(objectname)%00%(upstream:track)%00%(upstream:remotename)%00%(upstream:remoteref) --ignore-case refs/heads/main refs/remotes/main [67ms]
2025-12-30 13:26:29.612 [info] > git status -z -uall [42ms]
2025-12-30 13:26:29.613 [info] > git for-each-ref --sort -committerdate --format %(refname)%00%(objectname)%00%(*objectname) [40ms]
2025-12-30 13:26:34.660 [info] > git config --get commit.template [36ms]
2025-12-30 13:26:34.663 [info] > git for-each-ref --format=%(refname)%00%(upstream:short)%00%(objectname)%00%(upstream:track)%00%(upstream:remotename)%00%(upstream:remoteref) --ignore-case refs/heads/main refs/remotes/main [37ms]
2025-12-30 13:26:34.703 [info] > git for-each-ref --sort -committerdate --format %(refname)%00%(objectname)%00%(*objectname) [37ms]
2025-12-30 13:26:34.704 [info] > git status -z -uall [39ms]
2025-12-30 13:26:44.417 [info] > git log --format=%H%n%aN%n%aE%n%at%n%ct%n%P%n%D%n%B -z -n51 --shortstat --follow -- /Users/leifwsogge/Library/Mobile Documents/com~apple~CloudDocs/Space LEAF Corp.global.secure.net/Volcanic-Ash-Dispersion-Module/ocean_deposition.py [104ms]
2025-12-30 13:26:46.703 [info] > git config --get commit.template [55ms]
2025-12-30 13:26:46.708 [info] > git for-each-ref --format=%(refname)%00%(upstream:short)%00%(objectname)%00%(upstream:track)%00%(upstream:remotename)%00%(upstream:remoteref) --ignore-case refs/heads/main refs/remotes/main [57ms]
2025-12-30 13:26:46.757 [info] > git status -z -uall [47ms]
2025-12-30 13:26:46.759 [info] > git for-each-ref --sort -committerdate --format %(refname)%00%(objectname)%00%(*objectname) [48ms]
2025-12-30 13:26:51.808 [info] > git config --get commit.template [39ms]
2025-12-30 13:26:51.813 [info] > git for-each-ref --format=%(refname)%00%(upstream:short)%00%(objectname)%00%(upstream:track)%00%(upstream:remotename)%00%(upstream:remoteref) --ignore-case refs/heads/main refs/remotes/main [41ms]
2025-12-30 13:26:51.852 [info] > git status -z -uall [38ms]
2025-12-30 13:26:51.852 [info] > git for-each-ref --sort -committerdate --format %(refname)%00%(objectname)%00%(*objectname) [36ms]
2025-12-30 13:27:08.199 [info] > git log --format=%H%n%aN%n%aE%n%at%n%ct%n%P%n%D%n%B -z -n51 --shortstat --follow -- /Users/leifwsogge/Library/Mobile Documents/com~apple~CloudDocs/Space LEAF Corp.global.secure.net/Volcanic-Ash-Dispersion-Module/ash_dispersion.py [177ms]
2025-12-30 13:27:08.801 [info] > git ls-files --stage -- ash_dispersion.py [69ms]
2025-12-30 13:27:08.807 [info] > git show --textconv :ash_dispersion.py [78ms]
2025-12-30 13:27:08.864 [info] > git cat-file -s baed6b5f69f213658339184aafe1eec81395c536 [61ms]
2025-12-30 13:27:14.554 [info] > git config --get commit.template [49ms]
2025-12-30 13:27:14.576 [info] > git for-each-ref --format=%(refname)%00%(upstream:short)%00%(objectname)%00%(upstream:track)%00%(upstream:remotename)%00%(upstream:remoteref) --ignore-case refs/heads/main refs/remotes/main [69ms]
2025-12-30 13:27:14.648 [info] > git status -z -uall [69ms]
2025-12-30 13:27:14.652 [info] > git for-each-ref --sort -committerdate --format %(refname)%00%(objectname)%00%(*objectname) [70ms]
2025-12-30 13:27:19.741 [info] > git config --get commit.template [80ms]
2025-12-30 13:27:19.749 [info] > git for-each-ref --format=%(refname)%00%(upstream:short)%00%(objectname)%00%(upstream:track)%00%(upstream:remotename)%00%(upstream:remoteref) --ignore-case refs/heads/main refs/remotes/main [81ms]
2025-12-30 13:27:19.811 [info] > git for-each-ref --sort -committerdate --format %(refname)%00%(objectname)%00%(*objectname) [57ms]
2025-12-30 13:27:19.812 [info] > git status -z -uall [61ms]
2025-12-30 13:27:22.148 [info] > git log --format=%H%n%aN%n%aE%n%at%n%ct%n%P%n%D%n%B -z -n51 --shortstat --follow -- /Users/leifwsogge/Library/Mobile Documents/com~apple~CloudDocs/Space LEAF Corp.global.secure.net/Volcanic-Ash-Dispersion-Module/main.py [151ms]
2025-12-30 13:27:22.386 [info] > git ls-files --stage -- main.py [66ms]
2025-12-30 13:27:22.394 [info] > git show --textconv :main.py [75ms]
2025-12-30 13:27:22.533 [info] > git cat-file -s 31e179e10955d570423760cb4814652910902c0b [145ms]
2025-12-30 13:27:24.891 [info] > git config --get commit.template [69ms]
2025-12-30 13:27:24.895 [info] > git for-each-ref --format=%(refname)%00%(upstream:short)%00%(objectname)%00%(upstream:track)%00%(upstream:remotename)%00%(upstream:remoteref) --ignore-case refs/heads/main refs/remotes/main [71ms]
2025-12-30 13:27:25.028 [info] > git status -z -uall [131ms]
2025-12-30 13:27:25.040 [info] > git for-each-ref --sort -committerdate --format %(refname)%00%(objectname)%00%(*objectname) [141ms]
2025-12-30 13:27:30.209 [info] > git config --get commit.template [43ms]
2025-12-30 13:27:30.212 [info] > git for-each-ref --format=%(refname)%00%(upstream:short)%00%(objectname)%00%(upstream:track)%00%(upstream:remotename)%00%(upstream:remoteref) --ignore-case refs/heads/main refs/remotes/main [44ms]
2025-12-30 13:27:30.255 [info] > git status -z -uall [42ms]
2025-12-30 13:27:30.257 [info] > git for-each-ref --sort -committerdate --format %(refname)%00%(objectname)%00%(*objectname) [43ms]
2025-12-30 13:27:35.360 [info] > git config --get commit.template [87ms]
2025-12-30 13:27:35.364 [info] > git for-each-ref --format=%(refname)%00%(upstream:short)%00%(objectname)%00%(upstream:track)%00%(upstream:remotename)%00%(upstream:remoteref) --ignore-case refs/heads/main refs/remotes/main [64ms]
2025-12-30 13:27:35.419 [info] > git status -z -uall [52ms]
2025-12-30 13:27:35.431 [info] > git for-each-ref --sort -committerdate --format %(refname)%00%(objectname)%00%(*objectname) [61ms]
2025-12-30 13:27:40.487 [info] > git config --get commit.template [41ms]
2025-12-30 13:27:40.490 [info] > git for-each-ref --format=%(refname)%00%(upstream:short)%00%(objectname)%00%(upstream:track)%00%(upstream:remotename)%00%(upstream:remoteref) --ignore-case refs/heads/main refs/remotes/main [42ms]
2025-12-30 13:27:40.532 [info] > git status -z -uall [41ms]
2025-12-30 13:27:40.533 [info] > git for-each-ref --sort -committerdate --format %(refname)%00%(objectname)%00%(*objectname) [40ms]
2025-12-30 13:27:41.396 [info] > git log --format=%H%n%aN%n%aE%n%at%n%ct%n%P%n%D%n%B -z -n51 --shortstat --follow -- /Users/leifwsogge/Library/Mobile Documents/com~apple~CloudDocs/Space LEAF Corp.global.secure.net/Volcanic-Ash-Dispersion-Module/ocean_deposition.py [114ms]
2025-12-30 13:27:45.599 [info] > git config --get commit.template [54ms]
2025-12-30 13:27:45.602 [info] > git for-each-ref --format=%(refname)%00%(upstream:short)%00%(objectname)%00%(upstream:track)%00%(upstream:remotename)%00%(upstream:remoteref) --ignore-case refs/heads/main refs/remotes/main [53ms]
2025-12-30 13:27:45.641 [info] > git status -z -uall [37ms]
2025-12-30 13:27:45.643 [info] > git for-each-ref --sort -committerdate --format %(refname)%00%(objectname)%00%(*objectname) [37ms]
2025-12-30 13:27:48.501 [info] > git fetch [474ms]
2025-12-30 13:27:48.568 [info] > git config --get commit.template [65ms]
2025-12-30 13:27:48.572 [info] > git for-each-ref --format=%(refname)%00%(upstream:short)%00%(objectname)%00%(upstream:track)%00%(upstream:remotename)%00%(upstream:remoteref) --ignore-case refs/heads/main refs/remotes/main [68ms]
2025-12-30 13:27:48.628 [info] > git status -z -uall [50ms]
2025-12-30 13:27:48.632 [info] > git for-each-ref --sort -committerdate --format %(refname)%00%(objectname)%00%(*objectname) [52ms]
2025-12-30 13:27:49.235 [info] > git rev-list --count e3f86fb306257216b53118536a9d3beabf5a5328.. -- /Users/leifwsogge/Library/Mobile Documents/com~apple~CloudDocs/Space LEAF Corp.global.secure.net/Volcanic-Ash-Dispersion-Module/ocean_deposition.py [45ms]
2025-12-30 13:27:49.282 [info] > git log --format=%H%n%aN%n%aE%n%at%n%ct%n%P%n%D%n%B -z -n2 --shortstat --follow -- /Users/leifwsogge/Library/Mobile Documents/com~apple~CloudDocs/Space LEAF Corp.global.secure.net/Volcanic-Ash-Dispersion-Module/ocean_deposition.py [45ms]
2025-12-30 13:27:49.858 [info] > git ls-files --stage -- ocean_deposition.py [64ms]
2025-12-30 13:27:49.860 [info] > git ls-files --stage -- ash_distribution_plot.py [64ms]
2025-12-30 13:27:49.861 [info] > git ls-files --stage -- ash_dispersion.py [63ms]
2025-12-30 13:27:49.864 [info] > git ls-files --stage -- main.py [64ms]
2025-12-30 13:27:49.912 [info] > git cat-file -s c4b41e65a7daaf9126dcefa8249073f780da07c1 [53ms]
2025-12-30 13:27:49.916 [info] > git cat-file -s 1b50c8125fbd613afa5a01f81b827e092d8da66d [54ms]
2025-12-30 13:27:49.916 [info] > git cat-file -s baed6b5f69f213658339184aafe1eec81395c536 [54ms]
2025-12-30 13:27:49.925 [info] > git cat-file -s 31e179e10955d570423760cb4814652910902c0b [59ms]
2025-12-30 13:27:49.973 [info] > git show --textconv :ocean_deposition.py [58ms]
2025-12-30 13:27:49.975 [info] > git show --textconv :ash_distribution_plot.py [56ms]
2025-12-30 13:27:49.981 [info] > git show --textconv :ash_dispersion.py [59ms]
2025-12-30 13:27:49.983 [info] > git show --textconv :main.py [55ms]
2025-12-30 13:27:50.699 [info] > git config --get commit.template [47ms]
2025-12-30 13:27:50.702 [info] > git for-each-ref --format=%(refname)%00%(upstream:short)%00%(objectname)%00%(upstream:track)%00%(upstream:remotename)%00%(upstream:remoteref) --ignore-case refs/heads/main refs/remotes/main [47ms]
2025-12-30 13:27:50.763 [info] > git for-each-ref --sort -committerdate --format %(refname)%00%(objectname)%00%(*objectname) [56ms]
2025-12-30 13:27:50.767 [info] > git status -z -uall [62ms]
2025-12-30 13:27:55.827 [info] > git config --get commit.template [50ms]
2025-12-30 13:27:55.831 [info] > git for-each-ref --format=%(refname)%00%(upstream:short)%00%(objectname)%00%(upstream:track)%00%(upstream:remotename)%00%(upstream:remoteref) --ignore-case refs/heads/main refs/remotes/main [52ms]
2025-12-30 13:27:55.885 [info] > git for-each-ref --sort -committerdate --format %(refname)%00%(objectname)%00%(*objectname) [51ms]
2025-12-30 13:27:55.887 [info] > git status -z -uall [55ms]
2025-12-30 13:28:02.530 [info] > git config --get commit.template [92ms]
2025-12-30 13:28:02.532 [info] > git for-each-ref --format=%(refname)%00%(upstream:short)%00%(objectname)%00%(upstream:track)%00%(upstream:remotename)%00%(upstream:remoteref) --ignore-case refs/heads/main refs/remotes/main [81ms]
2025-12-30 13:28:02.650 [info] > git status -z -uall [116ms]
2025-12-30 13:28:02.651 [info] > git for-each-ref --sort -committerdate --format %(refname)%00%(objectname)%00%(*objectname) [113ms]
2025-12-30 13:28:07.704 [info] > git config --get commit.template [42ms]
2025-12-30 13:28:07.707 [info] > git for-each-ref --format=%(refname)%00%(upstream:short)%00%(objectname)%00%(upstream:track)%00%(upstream:remotename)%00%(upstream:remoteref) --ignore-case refs/heads/main refs/remotes/main [43ms]
2025-12-30 13:28:07.755 [info] > git status -z -uall [46ms]
2025-12-30 13:28:07.758 [info] > git for-each-ref --sort -committerdate --format %(refname)%00%(objectname)%00%(*objectname) [48ms]
2025-12-30 13:28:12.819 [info] > git config --get commit.template [49ms]
2025-12-30 13:28:12.825 [info] > git for-each-ref --format=%(refname)%00%(upstream:short)%00%(objectname)%00%(upstream:track)%00%(upstream:remotename)%00%(upstream:remoteref) --ignore-case refs/heads/main refs/remotes/main [53ms]
2025-12-30 13:28:12.879 [info] > git status -z -uall [52ms]
2025-12-30 13:28:12.883 [info] > git for-each-ref --sort -committerdate --format %(refname)%00%(objectname)%00%(*objectname) [54ms]
2025-12-30 13:28:17.936 [info] > git config --get commit.template [42ms]
2025-12-30 13:28:17.939 [info] > git for-each-ref --format=%(refname)%00%(upstream:short)%00%(objectname)%00%(upstream:track)%00%(upstream:remotename)%00%(upstream:remoteref) --ignore-case refs/heads/main refs/remotes/main [41ms]
2025-12-30 13:28:17.981 [info] > git status -z -uall [40ms]
2025-12-30 13:28:17.982 [info] > git for-each-ref --sort -committerdate --format %(refname)%00%(objectname)%00%(*objectname) [39ms]
2025-12-30 13:28:23.035 [info] > git config --get commit.template [44ms]
2025-12-30 13:28:23.040 [info] > git for-each-ref --format=%(refname)%00%(upstream:short)%00%(objectname)%00%(upstream:track)%00%(upstream:remotename)%00%(upstream:remoteref) --ignore-case refs/heads/main refs/remotes/main [47ms]
2025-12-30 13:28:23.103 [info] > git status -z -uall [60ms]
2025-12-30 13:28:23.104 [info] > git for-each-ref --sort -committerdate --format %(refname)%00%(objectname)%00%(*objectname) [51ms]
2025-12-30 13:28:28.158 [info] > git config --get commit.template [45ms]
2025-12-30 13:28:28.161 [info] > git for-each-ref --format=%(refname)%00%(upstream:short)%00%(objectname)%00%(upstream:track)%00%(upstream:remotename)%00%(upstream:remoteref) --ignore-case refs/heads/main refs/remotes/main [45ms]
2025-12-30 13:28:28.202 [info] > git status -z -uall [40ms]
2025-12-30 13:28:28.202 [info] > git for-each-ref --sort -committerdate --format %(refname)%00%(objectname)%00%(*objectname) [39ms]
2025-12-30 13:28:33.256 [info] > git config --get commit.template [44ms]
2025-12-30 13:28:33.259 [info] > git for-each-ref --format=%(refname)%00%(upstream:short)%00%(objectname)%00%(upstream:track)%00%(upstream:remotename)%00%(upstream:remoteref) --ignore-case refs/heads/main refs/remotes/main [46ms]
2025-12-30 13:28:33.305 [info] > git status -z -uall [44ms]
2025-12-30 13:28:33.305 [info] > git for-each-ref --sort -committerdate --format %(refname)%00%(objectname)%00%(*objectname) [43ms]
2025-12-30 13:28:34.201 [info] > git log --format=%H%n%aN%n%aE%n%at%n%ct%n%P%n%D%n%B -z -n51 --shortstat --follow -- /Users/leifwsogge/Library/Mobile Documents/com~apple~CloudDocs/Space LEAF Corp.global.secure.net/Volcanic-Ash-Dispersion-Module/main.py [86ms]
2025-12-30 13:28:35.927 [info] > git log --format=%H%n%aN%n%aE%n%at%n%ct%n%P%n%D%n%B -z -n51 --shortstat --follow -- /Users/leifwsogge/Library/Mobile Documents/com~apple~CloudDocs/Space LEAF Corp.global.secure.net/Volcanic-Ash-Dispersion-Module/density_classifier.py [62ms]
2025-12-30 13:28:36.409 [info] > git show --textconv :density_classifier.py [109ms]
2025-12-30 13:28:36.415 [info] > git ls-files --stage -- density_classifier.py [113ms]
2025-12-30 13:28:36.470 [info] > git cat-file -s 53462a776770781a8d4f49e001f6e969f42a496a [54ms]
2025-12-30 13:28:38.353 [info] > git config --get commit.template [39ms]
2025-12-30 13:28:38.358 [info] > git for-each-ref --format=%(refname)%00%(upstream:short)%00%(objectname)%00%(upstream:track)%00%(upstream:remotename)%00%(upstream:remoteref) --ignore-case refs/heads/main refs/remotes/main [42ms]
2025-12-30 13:28:38.398 [info] > git status -z -uall [38ms]
2025-12-30 13:28:38.400 [info] > git for-each-ref --sort -committerdate --format %(refname)%00%(objectname)%00%(*objectname) [39ms]
2025-12-30 13:28:41.448 [info] > git log --format=%H%n%aN%n%aE%n%at%n%ct%n%P%n%D%n%B -z -n51 --shortstat --follow -- /Users/leifwsogge/Library/Mobile Documents/com~apple~CloudDocs/Space LEAF Corp.global.secure.net/Volcanic-Ash-Dispersion-Module/ash_distribution_plot.py [66ms]
2025-12-30 13:28:43.459 [info] > git config --get commit.template [44ms]
2025-12-30 13:28:43.461 [info] > git for-each-ref --format=%(refname)%00%(upstream:short)%00%(objectname)%00%(upstream:track)%00%(upstream:remotename)%00%(upstream:remoteref) --ignore-case refs/heads/main refs/remotes/main [44ms]
2025-12-30 13:28:43.503 [info] > git status -z -uall [40ms]
2025-12-30 13:28:43.507 [info] > git for-each-ref --sort -committerdate --format %(refname)%00%(objectname)%00%(*objectname) [43ms]
2025-12-30 13:28:48.555 [info] > git config --get commit.template [39ms]
2025-12-30 13:28:48.558 [info] > git for-each-ref --format=%(refname)%00%(upstream:short)%00%(objectname)%00%(upstream:track)%00%(upstream:remotename)%00%(upstream:remoteref) --ignore-case refs/heads/main refs/remotes/main [39ms]
2025-12-30 13:28:48.598 [info] > git status -z -uall [38ms]
2025-12-30 13:28:48.599 [info] > git for-each-ref --sort -committerdate --format %(refname)%00%(objectname)%00%(*objectname) [37ms]
2025-12-30 13:28:53.703 [info] > git config --get commit.template [80ms]
2025-12-30 13:28:53.712 [info] > git for-each-ref --format=%(refname)%00%(upstream:short)%00%(objectname)%00%(upstream:track)%00%(upstream:remotename)%00%(upstream:remoteref) --ignore-case refs/heads/main refs/remotes/main [85ms]
2025-12-30 13:28:53.785 [info] > git for-each-ref --sort -committerdate --format %(refname)%00%(objectname)%00%(*objectname) [69ms]
2025-12-30 13:28:53.790 [info] > git status -z -uall [76ms]
2025-12-30 13:28:58.866 [info] > git config --get commit.template [66ms]
2025-12-30 13:28:58.873 [info] > git for-each-ref --format=%(refname)%00%(upstream:short)%00%(objectname)%00%(upstream:track)%00%(upstream:remotename)%00%(upstream:remoteref) --ignore-case refs/heads/main refs/remotes/main [71ms]
2025-12-30 13:28:58.962 [info] > git for-each-ref --sort -committerdate --format %(refname)%00%(objectname)%00%(*objectname) [83ms]
2025-12-30 13:28:58.969 [info] > git status -z -uall [94ms]
2025-12-30 13:29:12.613 [info] > git rev-list --count e3f86fb306257216b53118536a9d3beabf5a5328.. -- /Users/leifwsogge/Library/Mobile Documents/com~apple~CloudDocs/Space LEAF Corp.global.secure.net/Volcanic-Ash-Dispersion-Module/ash_distribution_plot.py [131ms]
2025-12-30 13:29:13.310 [info] > git log --format=%H%n%aN%n%aE%n%at%n%ct%n%P%n%D%n%B -z -n2 --shortstat --follow -- /Users/leifwsogge/Library/Mobile Documents/com~apple~CloudDocs/Space LEAF Corp.global.secure.net/Volcanic-Ash-Dispersion-Module/ash_distribution_plot.py [694ms]
2025-12-30 13:29:20.629 [info] > git rev-list --count e3f86fb306257216b53118536a9d3beabf5a5328.. -- /Users/leifwsogge/Library/Mobile Documents/com~apple~CloudDocs/Space LEAF Corp.global.secure.net/Volcanic-Ash-Dispersion-Module/ash_distribution_plot.py [90ms]
2025-12-30 13:29:20.697 [info] > git log --format=%H%n%aN%n%aE%n%at%n%ct%n%P%n%D%n%B -z -n2 --shortstat --follow -- /Users/leifwsogge/Library/Mobile Documents/com~apple~CloudDocs/Space LEAF Corp.global.secure.net/Volcanic-Ash-Dispersion-Module/ash_distribution_plot.py [65ms]
2025-12-30 13:29:57.639 [info] > git rev-list --count e3f86fb306257216b53118536a9d3beabf5a5328.. -- /Users/leifwsogge/Library/Mobile Documents/com~apple~CloudDocs/Space LEAF Corp.global.secure.net/Volcanic-Ash-Dispersion-Module/ash_distribution_plot.py [51ms]
2025-12-30 13:29:57.695 [info] > git log --format=%H%n%aN%n%aE%n%at%n%ct%n%P%n%D%n%B -z -n3 --shortstat --follow -- /Users/leifwsogge/Library/Mobile Documents/com~apple~CloudDocs/Space LEAF Corp.global.secure.net/Volcanic-Ash-Dispersion-Module/ash_distribution_plot.py [54ms]
2025-12-30 13:30:01.706 [info] > git rev-list --count e3f86fb306257216b53118536a9d3beabf5a5328.. -- /Users/leifwsogge/Library/Mobile Documents/com~apple~CloudDocs/Space LEAF Corp.global.secure.net/Volcanic-Ash-Dispersion-Module/ash_distribution_plot.py [79ms]
2025-12-30 13:30:01.804 [info] > git log --format=%H%n%aN%n%aE%n%at%n%ct%n%P%n%D%n%B -z -n3 --shortstat --follow -- /Users/leifwsogge/Library/Mobile Documents/com~apple~CloudDocs/Space LEAF Corp.global.secure.net/Volcanic-Ash-Dispersion-Module/ash_distribution_plot.py [93ms]
2025-12-30 13:30:02.872 [info] > git rev-list --count e3f86fb306257216b53118536a9d3beabf5a5328.. -- /Users/leifwsogge/Library/Mobile Documents/com~apple~CloudDocs/Space LEAF Corp.global.secure.net/Volcanic-Ash-Dispersion-Module/ash_distribution_plot.py [43ms]
2025-12-30 13:30:02.931 [info] > git log --format=%H%n%aN%n%aE%n%at%n%ct%n%P%n%D%n%B -z -n3 --shortstat --follow -- /Users/leifwsogge/Library/Mobile Documents/com~apple~CloudDocs/Space LEAF Corp.global.secure.net/Volcanic-Ash-Dispersion-Module/ash_distribution_plot.py [56ms]
2025-12-30 13:30:05.012 [info] > git ls-files --stage -- density_classifier.py [1254ms]
2025-12-30 13:30:05.018 [info] > git config --get commit.template [298ms]
2025-12-30 13:30:05.019 [info] > git ls-files --stage -- ash_distribution_plot.py [1273ms]
2025-12-30 13:30:05.024 [info] > git for-each-ref --format=%(refname)%00%(upstream:short)%00%(objectname)%00%(upstream:track)%00%(upstream:remotename)%00%(upstream:remoteref) --ignore-case refs/heads/main refs/remotes/main [272ms]
2025-12-30 13:30:05.072 [info] > git ls-files --stage -- main.py [1319ms]
2025-12-30 13:30:05.167 [info] > git cat-file -s e3796622e61db0b2833cc28ee8272970121eee2e [145ms]
2025-12-30 13:30:05.278 [info] > git ls-files --stage -- ash_dispersion.py [1529ms]
2025-12-30 13:30:05.321 [info] > git cat-file -s abde4b64b696f99215fdbd8f36669a4b1ffdcf63 [306ms]
2025-12-30 13:30:05.334 [info] > git cat-file -s 2adcd9228d2faf1dbf5a401330c2b015eeb8b2dc [260ms]
2025-12-30 13:30:05.350 [info] > git status -z -uall [322ms]
2025-12-30 13:30:05.356 [info] > git for-each-ref --sort -committerdate --format %(refname)%00%(objectname)%00%(*objectname) [326ms]
2025-12-30 13:30:05.417 [info] > git show --textconv :density_classifier.py [90ms]
2025-12-30 13:30:05.605 [info] > git show --textconv :main.py [263ms]
2025-12-30 13:30:05.605 [info] > git blame --root --incremental b32755ca33abe8afdbcd5ad4b1fc89090a240362 -- ash_distribution_plot.py [223ms]
2025-12-30 13:30:05.606 [info] > git merge-base refs/heads/main refs/remotes/origin/main [213ms]
2025-12-30 13:30:05.612 [info] > git cat-file -s c9264399fe849acbbed00e4a061c3635b7a79e18 [297ms]
2025-12-30 13:30:05.624 [info] > git show --textconv :ash_distribution_plot.py [453ms]
2025-12-30 13:30:05.836 [info] > git show --textconv :ash_dispersion.py [152ms]
2025-12-30 13:30:05.837 [info] > git diff --name-status -z --diff-filter=ADMR --find-renames=50% b32755ca33abe8afdbcd5ad4b1fc89090a240362...refs/remotes/origin/main -- [226ms]
2025-12-30 13:30:05.839 [info] > git config --local -l [241ms]
2025-12-30 13:30:08.588 [info] > git rev-list --count e3f86fb306257216b53118536a9d3beabf5a5328.. -- /Users/leifwsogge/Library/Mobile Documents/com~apple~CloudDocs/Space LEAF Corp.global.secure.net/Volcanic-Ash-Dispersion-Module/ash_distribution_plot.py [58ms]
2025-12-30 13:30:08.653 [info] > git log --format=%H%n%aN%n%aE%n%at%n%ct%n%P%n%D%n%B -z -n3 --shortstat --follow -- /Users/leifwsogge/Library/Mobile Documents/com~apple~CloudDocs/Space LEAF Corp.global.secure.net/Volcanic-Ash-Dispersion-Module/ash_distribution_plot.py [62ms]
2025-12-30 13:30:09.187 [info] > git ls-files --stage -- density_classifier.py [46ms]
2025-12-30 13:30:09.189 [info] > git ls-files --stage -- ash_distribution_plot.py [57ms]
2025-12-30 13:30:09.190 [info] > git ls-files --stage -- main.py [53ms]
2025-12-30 13:30:09.231 [info] > git cat-file -s abde4b64b696f99215fdbd8f36669a4b1ffdcf63 [42ms]
2025-12-30 13:30:09.236 [info] > git cat-file -s 2adcd9228d2faf1dbf5a401330c2b015eeb8b2dc [44ms]
2025-12-30 13:30:09.238 [info] > git cat-file -s e3796622e61db0b2833cc28ee8272970121eee2e [48ms]
2025-12-30 13:30:09.289 [info] > git show --textconv :density_classifier.py [55ms]
2025-12-30 13:30:09.289 [info] > git show --textconv :ash_distribution_plot.py [45ms]
2025-12-30 13:30:09.291 [info] > git show --textconv :main.py [50ms]
2025-12-30 13:30:09.839 [info] > git log --format=%H%n%aN%n%aE%n%at%n%ct%n%P%n%D%n%B -z -n51 --shortstat --follow -- /Users/leifwsogge/Library/Mobile Documents/com~apple~CloudDocs/Space LEAF Corp.global.secure.net/Volcanic-Ash-Dispersion-Module/volcanic [181ms]
2025-12-30 13:30:10.345 [info] > git ls-files --stage -- volcanic [126ms]
2025-12-30 13:30:10.348 [info] > git show --textconv :volcanic [133ms]
2025-12-30 13:30:10.384 [info] > git cat-file -s e69de29bb2d1d6434b8b29ae775ad8c2e48c5391 [37ms]
2025-12-30 13:30:10.438 [info] > git config --get commit.template [38ms]
2025-12-30 13:30:10.442 [info] > git for-each-ref --format=%(refname)%00%(upstream:short)%00%(objectname)%00%(upstream:track)%00%(upstream:remotename)%00%(upstream:remoteref) --ignore-case refs/heads/main refs/remotes/main [41ms]
2025-12-30 13:30:10.481 [info] > git for-each-ref --sort -committerdate --format %(refname)%00%(objectname)%00%(*objectname) [36ms]
2025-12-30 13:30:10.482 [info] > git status -z -uall [38ms]
2025-12-30 13:30:12.359 [info] > git log --format=%H%n%aN%n%aE%n%at%n%ct%n%P%n%D%n%B -z --shortstat --diff-merges=first-parent -n50 --skip=0 --topo-order --decorate=full --stdin [64ms]
2025-12-30 13:30:12.482 [info] > git merge-base main origin/main [99ms]
2025-12-30 13:30:15.392 [info] > git ls-files --stage -- main.py [48ms]
2025-12-30 13:30:15.394 [info] > git ls-files --stage -- volcanic [45ms]
2025-12-30 13:30:15.396 [info] > git ls-files --stage -- density_classifier.py [49ms]
2025-12-30 13:30:15.430 [info] > git cat-file -s e69de29bb2d1d6434b8b29ae775ad8c2e48c5391 [35ms]
2025-12-30 13:30:15.437 [info] > git cat-file -s abde4b64b696f99215fdbd8f36669a4b1ffdcf63 [40ms]
2025-12-30 13:30:15.440 [info] > git cat-file -s 2adcd9228d2faf1dbf5a401330c2b015eeb8b2dc [47ms]
2025-12-30 13:30:15.475 [info] > git show --textconv :volcanic [42ms]
2025-12-30 13:30:15.478 [info] > git show --textconv :density_classifier.py [39ms]
2025-12-30 13:30:15.483 [info] > git show --textconv :main.py [40ms]
2025-12-30 13:30:15.526 [info] > git config --get commit.template [38ms]
2025-12-30 13:30:15.529 [info] > git for-each-ref --format=%(refname)%00%(upstream:short)%00%(objectname)%00%(upstream:track)%00%(upstream:remotename)%00%(upstream:remoteref) --ignore-case refs/heads/main refs/remotes/main [39ms]
2025-12-30 13:30:15.569 [info] > git status -z -uall [39ms]
2025-12-30 13:30:15.569 [info] > git for-each-ref --sort -committerdate --format %(refname)%00%(objectname)%00%(*objectname) [37ms]
2025-12-30 13:30:17.233 [info] > git diff-tree -r --name-status -z --diff-filter=ADMR --find-renames=50% 4b825dc642cb6eb9a060e54bf8d69288fbee4904 2c2328a9801c6fbcb27258fd78c0e7ddb103716e -- [47ms]
2025-12-30 13:30:17.802 [info] > git check-ignore -v -z --stdin [38ms]
2025-12-30 13:30:18.061 [info] > git diff --name-status -z --diff-filter=ADMR --find-renames=50% 2c2328a9801c6fbcb27258fd78c0e7ddb103716e...e3f86fb306257216b53118536a9d3beabf5a5328 -- [61ms]
2025-12-30 13:30:18.618 [info] > git check-ignore -v -z --stdin [36ms]
2025-12-30 13:30:19.419 [info] > git diff --name-status -z --diff-filter=ADMR --find-renames=50% e3f86fb306257216b53118536a9d3beabf5a5328...b32755ca33abe8afdbcd5ad4b1fc89090a240362 -- [50ms]
2025-12-30 13:30:19.527 [info] > git ls-files --stage -- main.py [51ms]
2025-12-30 13:30:19.530 [info] > git ls-files --stage -- density_classifier.py [52ms]
2025-12-30 13:30:19.531 [info] > git ls-files --stage -- volcanic [50ms]
2025-12-30 13:30:19.580 [info] > git cat-file -s 2adcd9228d2faf1dbf5a401330c2b015eeb8b2dc [52ms]
2025-12-30 13:30:19.585 [info] > git cat-file -s abde4b64b696f99215fdbd8f36669a4b1ffdcf63 [54ms]
2025-12-30 13:30:19.591 [info] > git cat-file -s e69de29bb2d1d6434b8b29ae775ad8c2e48c5391 [58ms]
2025-12-30 13:30:19.631 [info] > git show --textconv :main.py [48ms]
2025-12-30 13:30:19.633 [info] > git show --textconv :density_classifier.py [45ms]
2025-12-30 13:30:19.639 [info] > git show --textconv :volcanic [45ms]
2025-12-30 13:30:19.990 [info] > git check-ignore -v -z --stdin [42ms]
2025-12-30 13:30:20.658 [info] > git config --get commit.template [67ms]
2025-12-30 13:30:20.662 [info] > git for-each-ref --format=%(refname)%00%(upstream:short)%00%(objectname)%00%(upstream:track)%00%(upstream:remotename)%00%(upstream:remoteref) --ignore-case refs/heads/main refs/remotes/main [49ms]
2025-12-30 13:30:20.706 [info] > git status -z -uall [43ms]
2025-12-30 13:30:20.707 [info] > git for-each-ref --sort -committerdate --format %(refname)%00%(objectname)%00%(*objectname) [42ms]
2025-12-30 13:30:58.901 [info] > git fetch [10166ms]
2025-12-30 13:30:58.958 [info] > git log --format=%H%n%aN%n%aE%n%at%n%ct%n%P%n%D%n%B -z --shortstat --diff-merges=first-parent -n50 --skip=0 --topo-order --decorate=full --stdin [4341ms]
2025-12-30 13:31:02.481 [info] > git config --get commit.template [3533ms]
2025-12-30 13:31:41.063 [info] > git ls-files --stage -- volcanic [1586ms]
2025-12-30 13:31:41.082 [info] > git ls-files --stage -- density_classifier.py [1612ms]
2025-12-30 13:31:41.085 [info] > git for-each-ref --format=%(refname)%00%(upstream:short)%00%(objectname)%00%(upstream:track)%00%(upstream:remotename)%00%(upstream:remoteref) --ignore-case refs/heads/main refs/remotes/main [41924ms]
2025-12-30 13:31:41.445 [info] > git merge-base main origin/main [2000ms]
2025-12-30 13:31:41.503 [info] > git cat-file -s abde4b64b696f99215fdbd8f36669a4b1ffdcf63 [419ms]
2025-12-30 13:31:41.520 [info] > git cat-file -s e69de29bb2d1d6434b8b29ae775ad8c2e48c5391 [438ms]
2025-12-30 13:31:41.886 [info] > git diff --name-status -z --diff-filter=ADMR --find-renames=50% 2c2328a9801c6fbcb27258fd78c0e7ddb103716e...e3f86fb306257216b53118536a9d3beabf5a5328 -- [392ms]
2025-12-30 13:31:42.013 [info] > git show --textconv :requirements.txt [549ms]
2025-12-30 13:31:42.706 [info] > git show --textconv :density_classifier.py [1014ms]
2025-12-30 13:31:42.706 [info] > git show --textconv :volcanic [1010ms]
2025-12-30 13:31:42.706 [info] > git status -z -uall [963ms]
2025-12-30 13:31:42.720 [info] > git for-each-ref --sort -committerdate --format %(refname)%00%(objectname)%00%(*objectname) [961ms]
2025-12-30 13:31:42.753 [info] > git diff-tree -r --name-status -z --diff-filter=ADMR --find-renames=50% 4b825dc642cb6eb9a060e54bf8d69288fbee4904 2c2328a9801c6fbcb27258fd78c0e7ddb103716e -- [1254ms]
2025-12-30 13:31:42.768 [info] > git diff --name-status -z --diff-filter=ADMR --find-renames=50% e3f86fb306257216b53118536a9d3beabf5a5328...b32755ca33abe8afdbcd5ad4b1fc89090a240362 -- [1290ms]
2025-12-30 13:31:42.771 [info] > git ls-files --stage -- requirements.txt [1298ms]
2025-12-30 13:31:42.905 [info] > git cat-file -s aa094d9f64a7cc9debc3bc069b28f8398a62508f [111ms]
2025-12-30 13:31:42.913 [info] > git ls-files --stage -- volcanic [49ms]
2025-12-30 13:31:43.264 [info] > git cat-file -s e69de29bb2d1d6434b8b29ae775ad8c2e48c5391 [345ms]
2025-12-30 13:31:43.354 [info] > git blame --root --incremental b32755ca33abe8afdbcd5ad4b1fc89090a240362 -- requirements.txt [91ms]
2025-12-30 13:31:43.365 [info] > git log --format=%H%n%aN%n%aE%n%at%n%ct%n%P%n%D%n%B -z --shortstat --diff-merges=first-parent -n50 --skip=0 --topo-order --decorate=full --stdin [462ms]
2025-12-30 13:31:43.711 [info] > git merge-base main origin/main [168ms]
2025-12-30 13:31:43.805 [info] > git diff --name-status -z --diff-filter=ADMR --find-renames=50% e3f86fb306257216b53118536a9d3beabf5a5328...b32755ca33abe8afdbcd5ad4b1fc89090a240362 -- [83ms]
2025-12-30 13:31:43.811 [info] > git diff --name-status -z --diff-filter=ADMR --find-renames=50% 2c2328a9801c6fbcb27258fd78c0e7ddb103716e...e3f86fb306257216b53118536a9d3beabf5a5328 -- [79ms]
2025-12-30 13:31:43.824 [info] > git diff-tree -r --name-status -z --diff-filter=ADMR --find-renames=50% 4b825dc642cb6eb9a060e54bf8d69288fbee4904 2c2328a9801c6fbcb27258fd78c0e7ddb103716e -- [82ms]
2025-12-30 13:32:11.689 [info] > git log --format=%H%n%aN%n%aE%n%at%n%ct%n%P%n%D%n%B -z --shortstat --diff-merges=first-parent -n50 --skip=0 --topo-order --decorate=full --stdin [333ms]
2025-12-30 13:32:12.537 [info] > git merge-base main origin/main [339ms]
2025-12-30 13:32:14.083 [info] > git ls-files --stage -- main.py [107ms]
2025-12-30 13:32:14.254 [info] > git cat-file -s 2adcd9228d2faf1dbf5a401330c2b015eeb8b2dc [168ms]
2025-12-30 13:32:14.256 [info] > git show --textconv :main.py [285ms]
2025-12-30 13:32:15.080 [info] > git diff-tree -r --name-status -z --diff-filter=ADMR --find-renames=50% 4b825dc642cb6eb9a060e54bf8d69288fbee4904 2c2328a9801c6fbcb27258fd78c0e7ddb103716e -- [155ms]
2025-12-30 13:32:15.171 [info] > git diff --name-status -z --diff-filter=ADMR --find-renames=50% 2c2328a9801c6fbcb27258fd78c0e7ddb103716e...e3f86fb306257216b53118536a9d3beabf5a5328 -- [250ms]
2025-12-30 13:32:15.177 [info] > git diff --name-status -z --diff-filter=ADMR --find-renames=50% e3f86fb306257216b53118536a9d3beabf5a5328...b32755ca33abe8afdbcd5ad4b1fc89090a240362 -- [261ms]
2025-12-30 13:32:16.474 [info] > git blame --root --incremental b32755ca33abe8afdbcd5ad4b1fc89090a240362 -- main.py [207ms]
2025-12-30 13:32:34.012 [info] > git config --get commit.template [56ms]
2025-12-30 13:32:34.016 [info] > git for-each-ref --format=%(refname)%00%(upstream:short)%00%(objectname)%00%(upstream:track)%00%(upstream:remotename)%00%(upstream:remoteref) --ignore-case refs/heads/main refs/remotes/main [61ms]
2025-12-30 13:32:34.130 [info] > git ls-files --stage -- requirements.txt [85ms]
2025-12-30 13:32:34.134 [info] > git ls-files --stage -- volcanic [92ms]
2025-12-30 13:32:34.139 [info] > git ls-files --stage -- main.py [91ms]
2025-12-30 13:32:34.150 [info] > git status -z -uall [132ms]
2025-12-30 13:32:34.151 [info] > git for-each-ref --sort -committerdate --format %(refname)%00%(objectname)%00%(*objectname) [130ms]
2025-12-30 13:32:34.223 [info] > git cat-file -s e69de29bb2d1d6434b8b29ae775ad8c2e48c5391 [86ms]
2025-12-30 13:32:34.235 [info] > git cat-file -s 2adcd9228d2faf1dbf5a401330c2b015eeb8b2dc [93ms]
2025-12-30 13:32:34.257 [info] > git cat-file -s aa094d9f64a7cc9debc3bc069b28f8398a62508f [124ms]
2025-12-30 13:32:34.311 [info] > git show --textconv :volcanic [84ms]
2025-12-30 13:32:34.325 [info] > git show --textconv :main.py [85ms]
2025-12-30 13:32:34.346 [info] > git show --textconv :requirements.txt [85ms]
2025-12-30 13:32:36.135 [info] > git ls-files --stage -- volcanic [100ms]
2025-12-30 13:32:36.139 [info] > git ls-files --stage -- requirements.txt [102ms]
2025-12-30 13:32:36.144 [info] > git ls-files --stage -- main.py [104ms]
2025-12-30 13:32:36.210 [info] > git cat-file -s aa094d9f64a7cc9debc3bc069b28f8398a62508f [69ms]
2025-12-30 13:32:36.214 [info] > git cat-file -s e69de29bb2d1d6434b8b29ae775ad8c2e48c5391 [77ms]
2025-12-30 13:32:36.249 [info] > git cat-file -s 2adcd9228d2faf1dbf5a401330c2b015eeb8b2dc [103ms]
2025-12-30 13:32:36.284 [info] > git show --textconv :requirements.txt [70ms]
2025-12-30 13:32:36.295 [info] > git show --textconv :volcanic [78ms]
2025-12-30 13:32:36.307 [info] > git show --textconv :main.py [55ms]
2025-12-30 13:32:39.269 [info] > git config --get commit.template [80ms]
2025-12-30 13:32:39.281 [info] > git for-each-ref --format=%(refname)%00%(upstream:short)%00%(objectname)%00%(upstream:track)%00%(upstream:remotename)%00%(upstream:remoteref) --ignore-case refs/heads/main refs/remotes/main [86ms]
2025-12-30 13:32:39.350 [info] > git status -z -uall [66ms]
2025-12-30 13:32:39.362 [info] > git for-each-ref --sort -committerdate --format %(refname)%00%(objectname)%00%(*objectname) [76ms]
2025-12-30 13:34:43.357 [info] > git fetch [599ms]
2025-12-30 13:34:43.405 [info] > git config --get commit.template [45ms]
2025-12-30 13:34:43.410 [info] > git for-each-ref --format=%(refname)%00%(upstream:short)%00%(objectname)%00%(upstream:track)%00%(upstream:remotename)%00%(upstream:remoteref) --ignore-case refs/heads/main refs/remotes/main [48ms]
2025-12-30 13:34:43.460 [info] > git for-each-ref --sort -committerdate --format %(refname)%00%(objectname)%00%(*objectname) [45ms]
2025-12-30 13:34:43.465 [info] > git status -z -uall [52ms]
2025-12-30 13:34:44.561 [info] > git config --get commit.template [50ms]
2025-12-30 13:34:44.566 [info] > git for-each-ref --format=%(refname)%00%(upstream:short)%00%(objectname)%00%(upstream:track)%00%(upstream:remotename)%00%(upstream:remoteref) --ignore-case refs/heads/main refs/remotes/main [48ms]
2025-12-30 13:34:44.618 [info] > git status -z -uall [50ms]
2025-12-30 13:34:44.618 [info] > git for-each-ref --sort -committerdate --format %(refname)%00%(objectname)%00%(*objectname) [48ms]
2025-12-30 13:34:44.644 [info] > git ls-files --stage -- main.py [42ms]
2025-12-30 13:34:44.685 [info] > git cat-file -s 2adcd9228d2faf1dbf5a401330c2b015eeb8b2dc [40ms]
2025-12-30 13:34:44.727 [info] > git show --textconv :main.py [39ms]
2025-12-30 13:37:43.941 [info] > git fetch [613ms]
2025-12-30 13:37:44.013 [info] > git config --get commit.template [63ms]
2025-12-30 13:37:44.021 [info] > git for-each-ref --format=%(refname)%00%(upstream:short)%00%(objectname)%00%(upstream:track)%00%(upstream:remotename)%00%(upstream:remoteref) --ignore-case refs/heads/main refs/remotes/main [68ms]
2025-12-30 13:37:44.120 [info] > git for-each-ref --sort -committerdate --format %(refname)%00%(objectname)%00%(*objectname) [92ms]
2025-12-30 13:37:44.145 [info] > git status -z -uall [120ms]
2025-12-30 13:37:45.239 [info] > git ls-files --stage -- main.py [39ms]
2025-12-30 13:37:45.282 [info] > git cat-file -s 2adcd9228d2faf1dbf5a401330c2b015eeb8b2dc [42ms]
2025-12-30 13:37:45.328 [info] > git show --textconv :main.py [42ms]
2025-12-30 13:40:44.677 [info] > git fetch [503ms]
2025-12-30 13:40:44.717 [info] > git config --get commit.template [36ms]
2025-12-30 13:40:44.725 [info] > git for-each-ref --format=%(refname)%00%(upstream:short)%00%(objectname)%00%(upstream:track)%00%(upstream:remotename)%00%(upstream:remoteref) --ignore-case refs/heads/main refs/remotes/main [42ms]
2025-12-30 13:40:44.771 [info] > git status -z -uall [44ms]
2025-12-30 13:40:44.779 [info] > git for-each-ref --sort -committerdate --format %(refname)%00%(objectname)%00%(*objectname) [49ms]
2025-12-30 13:40:45.887 [info] > git config --get commit.template [56ms]
2025-12-30 13:40:45.892 [info] > git for-each-ref --format=%(refname)%00%(upstream:short)%00%(objectname)%00%(upstream:track)%00%(upstream:remotename)%00%(upstream:remoteref) --ignore-case refs/heads/main refs/remotes/main [53ms]
2025-12-30 13:40:45.946 [info] > git for-each-ref --sort -committerdate --format %(refname)%00%(objectname)%00%(*objectname) [51ms]
2025-12-30 13:40:45.950 [info] > git status -z -uall [56ms]
2025-12-30 13:40:45.988 [info] > git ls-files --stage -- main.py [58ms]
2025-12-30 13:40:46.025 [info] > git cat-file -s 2adcd9228d2faf1dbf5a401330c2b015eeb8b2dc [36ms]
2025-12-30 13:40:46.077 [info] > git show --textconv :main.py [45ms]
2025-12-30 13:40:51.017 [info] > git config --get commit.template [51ms]
2025-12-30 13:40:51.092 [info] > git for-each-ref --format=%(refname)%00%(upstream:short)%00%(objectname)%00%(upstream:track)%00%(upstream:remotename)%00%(upstream:remoteref) --ignore-case refs/heads/main refs/remotes/main [114ms]
2025-12-30 13:40:51.164 [info] > git status -z -uall [65ms]
2025-12-30 13:40:51.173 [info] > git for-each-ref --sort -committerdate --format %(refname)%00%(objectname)%00%(*objectname) [69ms]
2025-12-30 13:40:56.236 [info] > git config --get commit.template [50ms]
2025-12-30 13:40:56.240 [info] > git for-each-ref --format=%(refname)%00%(upstream:short)%00%(objectname)%00%(upstream:track)%00%(upstream:remotename)%00%(upstream:remoteref) --ignore-case refs/heads/main refs/remotes/main [49ms]
2025-12-30 13:40:56.283 [info] > git status -z -uall [42ms]
2025-12-30 13:40:56.284 [info] > git for-each-ref --sort -committerdate --format %(refname)%00%(objectname)%00%(*objectname) [41ms]
2025-12-30 13:43:45.234 [info] > git fetch [453ms]
2025-12-30 13:43:45.283 [info] > git config --get commit.template [45ms]
2025-12-30 13:43:45.288 [info] > git for-each-ref --format=%(refname)%00%(upstream:short)%00%(objectname)%00%(upstream:track)%00%(upstream:remotename)%00%(upstream:remoteref) --ignore-case refs/heads/main refs/remotes/main [46ms]
2025-12-30 13:43:45.339 [info] > git status -z -uall [48ms]
2025-12-30 13:43:45.339 [info] > git for-each-ref --sort -committerdate --format %(refname)%00%(objectname)%00%(*objectname) [46ms]
2025-12-30 13:43:46.459 [info] > git config --get commit.template [68ms]
2025-12-30 13:43:46.459 [info] > git for-each-ref --format=%(refname)%00%(upstream:short)%00%(objectname)%00%(upstream:track)%00%(upstream:remotename)%00%(upstream:remoteref) --ignore-case refs/heads/main refs/remotes/main [64ms]
2025-12-30 13:43:46.520 [info] > git status -z -uall [59ms]
2025-12-30 13:43:46.527 [info] > git for-each-ref --sort -committerdate --format %(refname)%00%(objectname)%00%(*objectname) [63ms]
2025-12-30 13:43:46.547 [info] > git ls-files --stage -- main.py [57ms]
2025-12-30 13:43:46.594 [info] > git cat-file -s 2adcd9228d2faf1dbf5a401330c2b015eeb8b2dc [46ms]
2025-12-30 13:43:46.646 [info] > git show --textconv :main.py [49ms]
2025-12-30 13:46:45.843 [info] > git fetch [487ms]
2025-12-30 13:46:45.890 [info] > git config --get commit.template [43ms]
2025-12-30 13:46:45.907 [info] > git for-each-ref --format=%(refname)%00%(upstream:short)%00%(objectname)%00%(upstream:track)%00%(upstream:remotename)%00%(upstream:remoteref) --ignore-case refs/heads/main refs/remotes/main [41ms]
2025-12-30 13:46:45.952 [info] > git for-each-ref --sort -committerdate --format %(refname)%00%(objectname)%00%(*objectname) [42ms]
2025-12-30 13:46:45.954 [info] > git status -z -uall [45ms]
2025-12-30 13:46:47.087 [info] > git config --get commit.template [56ms]
2025-12-30 13:46:47.090 [info] > git for-each-ref --format=%(refname)%00%(upstream:short)%00%(objectname)%00%(upstream:track)%00%(upstream:remotename)%00%(upstream:remoteref) --ignore-case refs/heads/main refs/remotes/main [57ms]
2025-12-30 13:46:47.144 [info] > git status -z -uall [52ms]
2025-12-30 13:46:47.149 [info] > git for-each-ref --sort -committerdate --format %(refname)%00%(objectname)%00%(*objectname) [54ms]
2025-12-30 13:46:47.189 [info] > git ls-files --stage -- main.py [46ms]
2025-12-30 13:46:47.238 [info] > git cat-file -s 2adcd9228d2faf1dbf5a401330c2b015eeb8b2dc [48ms]
2025-12-30 13:46:47.285 [info] > git show --textconv :main.py [42ms]
2025-12-30 13:49:46.612 [info] > git fetch [635ms]
2025-12-30 13:49:46.660 [info] > git config --get commit.template [41ms]
2025-12-30 13:49:46.663 [info] > git for-each-ref --format=%(refname)%00%(upstream:short)%00%(objectname)%00%(upstream:track)%00%(upstream:remotename)%00%(upstream:remoteref) --ignore-case refs/heads/main refs/remotes/main [42ms]
2025-12-30 13:49:46.710 [info] > git status -z -uall [44ms]
2025-12-30 13:49:46.711 [info] > git for-each-ref --sort -committerdate --format %(refname)%00%(objectname)%00%(*objectname) [43ms]
2025-12-30 13:49:47.833 [info] > git ls-files --stage -- main.py [37ms]
2025-12-30 13:49:47.867 [info] > git cat-file -s 2adcd9228d2faf1dbf5a401330c2b015eeb8b2dc [32ms]
2025-12-30 13:49:47.903 [info] > git show --textconv :main.py [33ms]
2025-12-30 13:49:49.736 [info] > git config --get commit.template [110ms]
2025-12-30 13:49:49.743 [info] > git for-each-ref --format=%(refname)%00%(upstream:short)%00%(objectname)%00%(upstream:track)%00%(upstream:remotename)%00%(upstream:remoteref) --ignore-case refs/heads/main refs/remotes/main [111ms]
2025-12-30 13:49:49.819 [info] > git status -z -uall [73ms]
2025-12-30 13:49:49.833 [info] > git for-each-ref --sort -committerdate --format %(refname)%00%(objectname)%00%(*objectname) [85ms]
2025-12-30 13:49:56.020 [info] > git config --get commit.template [48ms]
2025-12-30 13:49:56.027 [info] > git for-each-ref --format=%(refname)%00%(upstream:short)%00%(objectname)%00%(upstream:track)%00%(upstream:remotename)%00%(upstream:remoteref) --ignore-case refs/heads/main refs/remotes/main [53ms]
2025-12-30 13:49:56.066 [info] > git for-each-ref --sort -committerdate --format %(refname)%00%(objectname)%00%(*objectname) [37ms]
2025-12-30 13:49:56.066 [info] > git status -z -uall [38ms]
2025-12-30 13:52:47.181 [info] > git fetch [451ms]
2025-12-30 13:52:47.235 [info] > git config --get commit.template [51ms]
2025-12-30 13:52:47.238 [info] > git for-each-ref --format=%(refname)%00%(upstream:short)%00%(objectname)%00%(upstream:track)%00%(upstream:remotename)%00%(upstream:remoteref) --ignore-case refs/heads/main refs/remotes/main [52ms]
2025-12-30 13:52:47.284 [info] > git for-each-ref --sort -committerdate --format %(refname)%00%(objectname)%00%(*objectname) [44ms]
2025-12-30 13:52:47.284 [info] > git status -z -uall [45ms]
2025-12-30 13:52:48.385 [info] > git config --get commit.template [53ms]
2025-12-30 13:52:48.387 [info] > git for-each-ref --format=%(refname)%00%(upstream:short)%00%(objectname)%00%(upstream:track)%00%(upstream:remotename)%00%(upstream:remoteref) --ignore-case refs/heads/main refs/remotes/main [51ms]
2025-12-30 13:52:48.437 [info] > git status -z -uall [48ms]
2025-12-30 13:52:48.438 [info] > git for-each-ref --sort -committerdate --format %(refname)%00%(objectname)%00%(*objectname) [48ms]
2025-12-30 13:52:48.479 [info] > git ls-files --stage -- main.py [44ms]
2025-12-30 13:52:48.517 [info] > git cat-file -s 2adcd9228d2faf1dbf5a401330c2b015eeb8b2dc [37ms]
2025-12-30 13:52:48.554 [info] > git show --textconv :main.py [33ms]
2025-12-30 13:52:53.514 [info] > git config --get commit.template [58ms]
2025-12-30 13:52:53.520 [info] > git for-each-ref --format=%(refname)%00%(upstream:short)%00%(objectname)%00%(upstream:track)%00%(upstream:remotename)%00%(upstream:remoteref) --ignore-case refs/heads/main refs/remotes/main [61ms]
2025-12-30 13:52:53.582 [info] > git status -z -uall [59ms]
2025-12-30 13:52:53.587 [info] > git for-each-ref --sort -committerdate --format %(refname)%00%(objectname)%00%(*objectname) [62ms]
2025-12-30 13:52:58.646 [info] > git config --get commit.template [50ms]
2025-12-30 13:52:58.651 [info] > git for-each-ref --format=%(refname)%00%(upstream:short)%00%(objectname)%00%(upstream:track)%00%(upstream:remotename)%00%(upstream:remoteref) --ignore-case refs/heads/main refs/remotes/main [51ms]
2025-12-30 13:52:58.694 [info] > git status -z -uall [42ms]
2025-12-30 13:52:58.698 [info] > git for-each-ref --sort -committerdate --format %(refname)%00%(objectname)%00%(*objectname) [44ms]
2025-12-30 13:55:47.861 [info] > git fetch [492ms]
2025-12-30 13:55:47.905 [info] > git config --get commit.template [39ms]
2025-12-30 13:55:47.907 [info] > git for-each-ref --format=%(refname)%00%(upstream:short)%00%(objectname)%00%(upstream:track)%00%(upstream:remotename)%00%(upstream:remoteref) --ignore-case refs/heads/main refs/remotes/main [40ms]
2025-12-30 13:55:47.946 [info] > git status -z -uall [38ms]
2025-12-30 13:55:47.947 [info] > git for-each-ref --sort -committerdate --format %(refname)%00%(objectname)%00%(*objectname) [37ms]
2025-12-30 13:55:49.095 [info] > git for-each-ref --format=%(refname)%00%(upstream:short)%00%(objectname)%00%(upstream:track)%00%(upstream:remotename)%00%(upstream:remoteref) --ignore-case refs/heads/main refs/remotes/main [45ms]
2025-12-30 13:55:49.100 [info] > git config --get commit.template [52ms]
2025-12-30 13:55:49.150 [info] > git for-each-ref --sort -committerdate --format %(refname)%00%(objectname)%00%(*objectname) [46ms]
2025-12-30 13:55:49.151 [info] > git status -z -uall [50ms]
2025-12-30 13:55:49.185 [info] > git ls-files --stage -- main.py [43ms]
2025-12-30 13:55:49.222 [info] > git cat-file -s 2adcd9228d2faf1dbf5a401330c2b015eeb8b2dc [36ms]
2025-12-30 13:55:49.264 [info] > git show --textconv :main.py [38ms]
2025-12-30 13:58:48.489 [info] > git fetch [516ms]
2025-12-30 13:58:48.533 [info] > git config --get commit.template [42ms]
2025-12-30 13:58:48.535 [info] > git for-each-ref --format=%(refname)%00%(upstream:short)%00%(objectname)%00%(upstream:track)%00%(upstream:remotename)%00%(upstream:remoteref) --ignore-case refs/heads/main refs/remotes/main [42ms]
2025-12-30 13:58:48.587 [info] > git status -z -uall [50ms]
2025-12-30 13:58:48.588 [info] > git for-each-ref --sort -committerdate --format %(refname)%00%(objectname)%00%(*objectname) [49ms]
2025-12-30 13:58:49.698 [info] > git config --get commit.template [47ms]
2025-12-30 13:58:49.701 [info] > git for-each-ref --format=%(refname)%00%(upstream:short)%00%(objectname)%00%(upstream:track)%00%(upstream:remotename)%00%(upstream:remoteref) --ignore-case refs/heads/main refs/remotes/main [46ms]
2025-12-30 13:58:49.750 [info] > git for-each-ref --sort -committerdate --format %(refname)%00%(objectname)%00%(*objectname) [45ms]
2025-12-30 13:58:49.751 [info] > git status -z -uall [48ms]
2025-12-30 13:58:49.794 [info] > git ls-files --stage -- main.py [45ms]
2025-12-30 13:58:49.829 [info] > git cat-file -s 2adcd9228d2faf1dbf5a401330c2b015eeb8b2dc [34ms]
2025-12-30 13:58:49.865 [info] > git show --textconv :main.py [34ms]
2025-12-30 15:20:01.898 [info] > git fetch [4706ms]
2025-12-30 15:20:02.055 [info] > git config --get commit.template [137ms]
2025-12-30 15:20:02.134 [info] > git for-each-ref --format=%(refname)%00%(upstream:short)%00%(objectname)%00%(upstream:track)%00%(upstream:remotename)%00%(upstream:remoteref) --ignore-case refs/heads/main refs/remotes/main [202ms]
2025-12-30 15:20:02.231 [info] > git status -z -uall [91ms]
2025-12-30 15:20:02.232 [info] > git for-each-ref --sort -committerdate --format %(refname)%00%(objectname)%00%(*objectname) [85ms]
2025-12-30 15:20:03.738 [info] > git ls-files --stage -- main.py [672ms]
2025-12-30 15:20:03.834 [info] > git cat-file -s 2adcd9228d2faf1dbf5a401330c2b015eeb8b2dc [94ms]
2025-12-30 15:20:04.033 [info] > git show --textconv :main.py [195ms]
2025-12-31 06:45:15.874 [info] > git ls-files --stage -- main.py [3630ms]
2025-12-31 06:45:16.162 [info] > git config --get commit.template [3527ms]
2025-12-31 06:45:16.166 [info] > git for-each-ref --format=%(refname)%00%(upstream:short)%00%(objectname)%00%(upstream:track)%00%(upstream:remotename)%00%(upstream:remoteref) --ignore-case refs/heads/main refs/remotes/main [3139ms]
2025-12-31 06:45:16.442 [info] > git cat-file -s 2adcd9228d2faf1dbf5a401330c2b015eeb8b2dc [302ms]
2025-12-31 06:45:16.615 [info] > git status -z -uall [440ms]
2025-12-31 06:45:16.629 [info] > git for-each-ref --sort -committerdate --format %(refname)%00%(objectname)%00%(*objectname) [452ms]
2025-12-31 06:45:16.707 [info] > git show --textconv :main.py [179ms]
2025-12-31 06:45:18.258 [info] > git fetch [6864ms]
2025-12-31 06:45:18.258 [info] fatal: unable to access 'https://github.com/GuardianNinja/Volcanic-Ash-Dispersion-Module.git/': Could not resolve host: github.com
2025-12-31 06:45:19.754 [info] > git config --get commit.template [1487ms]
2025-12-31 06:45:19.828 [info] > git for-each-ref --format=%(refname)%00%(upstream:short)%00%(objectname)%00%(upstream:track)%00%(upstream:remotename)%00%(upstream:remoteref) --ignore-case refs/heads/main refs/remotes/main [1543ms]
2025-12-31 06:45:21.467 [info] > git for-each-ref --sort -committerdate --format %(refname)%00%(objectname)%00%(*objectname) [1631ms]
2025-12-31 06:45:21.694 [info] > git status -z -uall [1860ms]
2025-12-31 07:25:19.950 [info] > git config --get commit.template [507ms]
2025-12-31 07:25:20.183 [info] > git fetch [863ms]
2025-12-31 07:25:20.225 [info] > git ls-files --stage -- main.py [301ms]
2025-12-31 07:25:20.362 [info] > git for-each-ref --format=%(refname)%00%(upstream:short)%00%(objectname)%00%(upstream:track)%00%(upstream:remotename)%00%(upstream:remoteref) --ignore-case refs/heads/main refs/remotes/main [112ms]
2025-12-31 07:25:20.378 [info] > git cat-file -s 2adcd9228d2faf1dbf5a401330c2b015eeb8b2dc [148ms]
2025-12-31 07:25:20.435 [info] > git config --get commit.template [235ms]
2025-12-31 07:25:20.646 [info] > git show --textconv :main.py [247ms]
2025-12-31 07:25:20.651 [info] > git status -z -uall [208ms]
2025-12-31 07:25:20.661 [info] > git for-each-ref --sort -committerdate --format %(refname)%00%(objectname)%00%(*objectname) [211ms]
2025-12-31 07:25:20.727 [info] > git for-each-ref --format=%(refname)%00%(upstream:short)%00%(objectname)%00%(upstream:track)%00%(upstream:remotename)%00%(upstream:remoteref) --ignore-case refs/heads/main refs/remotes/main [531ms]
2025-12-31 07:25:21.342 [info] > git ls-files --stage -- main.py [49ms]
2025-12-31 07:25:21.383 [info] > git cat-file -s 2adcd9228d2faf1dbf5a401330c2b015eeb8b2dc [40ms]
2025-12-31 07:25:21.437 [info] > git show --textconv :main.py [50ms]
2025-12-31 07:25:25.932 [info] > git config --get commit.template [86ms]
2025-12-31 07:25:25.936 [info] > git for-each-ref --format=%(refname)%00%(upstream:short)%00%(objectname)%00%(upstream:track)%00%(upstream:remotename)%00%(upstream:remoteref) --ignore-case refs/heads/main refs/remotes/main [83ms]
2025-12-31 07:25:25.996 [info] > git status -z -uall [58ms]
2025-12-31 07:25:25.997 [info] > git for-each-ref --sort -committerdate --format %(refname)%00%(objectname)%00%(*objectname) [55ms]
2025-12-31 07:25:31.079 [info] > git config --get commit.template [64ms]
2025-12-31 07:25:31.090 [info] > git for-each-ref --format=%(refname)%00%(upstream:short)%00%(objectname)%00%(upstream:track)%00%(upstream:remotename)%00%(upstream:remoteref) --ignore-case refs/heads/main refs/remotes/main [71ms]
2025-12-31 07:25:31.135 [info] > git status -z -uall [42ms]
2025-12-31 07:25:31.137 [info] > git for-each-ref --sort -committerdate --format %(refname)%00%(objectname)%00%(*objectname) [43ms]
2025-12-31 07:28:21.228 [info] > git fetch [502ms]
2025-12-31 07:28:21.311 [info] > git config --get commit.template [58ms]
2025-12-31 07:28:21.318 [info] > git for-each-ref --format=%(refname)%00%(upstream:short)%00%(objectname)%00%(upstream:track)%00%(upstream:remotename)%00%(upstream:remoteref) --ignore-case refs/heads/main refs/remotes/main [58ms]
2025-12-31 07:28:21.375 [info] > git for-each-ref --sort -committerdate --format %(refname)%00%(objectname)%00%(*objectname) [52ms]
2025-12-31 07:28:21.377 [info] > git status -z -uall [56ms]
2025-12-31 07:28:22.522 [info] > git ls-files --stage -- main.py [36ms]
2025-12-31 07:28:22.560 [info] > git cat-file -s 2adcd9228d2faf1dbf5a401330c2b015eeb8b2dc [35ms]
2025-12-31 07:28:22.600 [info] > git show --textconv :main.py [36ms]
2025-12-31 07:28:24.953 [info] > git config --get commit.template [98ms]
2025-12-31 07:28:24.959 [info] > git for-each-ref --format=%(refname)%00%(upstream:short)%00%(objectname)%00%(upstream:track)%00%(upstream:remotename)%00%(upstream:remoteref) --ignore-case refs/heads/main refs/remotes/main [87ms]
2025-12-31 07:28:25.023 [info] > git for-each-ref --sort -committerdate --format %(refname)%00%(objectname)%00%(*objectname) [58ms]
2025-12-31 07:28:25.025 [info] > git status -z -uall [62ms]
2025-12-31 07:28:30.092 [info] > git config --get commit.template [52ms]
2025-12-31 07:28:30.096 [info] > git for-each-ref --format=%(refname)%00%(upstream:short)%00%(objectname)%00%(upstream:track)%00%(upstream:remotename)%00%(upstream:remoteref) --ignore-case refs/heads/main refs/remotes/main [52ms]
2025-12-31 07:28:30.144 [info] > git for-each-ref --sort -committerdate --format %(refname)%00%(objectname)%00%(*objectname) [44ms]
2025-12-31 07:28:30.145 [info] > git status -z -uall [47ms]
2025-12-31 08:41:38.767 [info] > git fetch [52627ms]
2025-12-31 08:41:48.646 [info] > git config --get commit.template [6108ms]
2025-12-31 08:41:55.260 [info] > git for-each-ref --format=%(refname)%00%(upstream:short)%00%(objectname)%00%(upstream:track)%00%(upstream:remotename)%00%(upstream:remoteref) --ignore-case refs/heads/main refs/remotes/main [9471ms]
2025-12-31 08:41:55.400 [info] > git for-each-ref --sort -committerdate --format %(refname)%00%(objectname)%00%(*objectname) [100ms]
2025-12-31 08:41:55.430 [info] > git status -z -uall [135ms]
2025-12-31 15:02:01.072 [info] > git fetch [847ms]
2025-12-31 15:02:02.218 [info] > git ls-files --stage -- main.py [1174ms]
2025-12-31 15:02:02.227 [info] > git for-each-ref --format=%(refname)%00%(upstream:short)%00%(objectname)%00%(upstream:track)%00%(upstream:remotename)%00%(upstream:remoteref) --ignore-case refs/heads/main refs/remotes/main [491ms]
2025-12-31 15:02:02.325 [info] > git config --get commit.template [625ms]
2025-12-31 15:02:02.376 [info] > git cat-file -s 2adcd9228d2faf1dbf5a401330c2b015eeb8b2dc [150ms]
2025-12-31 15:02:02.499 [info] > git status -z -uall [164ms]
2025-12-31 15:02:02.585 [info] > git show --textconv :main.py [200ms]
2025-12-31 15:02:02.587 [info] > git for-each-ref --sort -committerdate --format %(refname)%00%(objectname)%00%(*objectname) [249ms]
2025-12-31 15:02:02.802 [info] > git ls-files --stage -- main.py [94ms]
2025-12-31 15:02:02.969 [info] > git cat-file -s 2adcd9228d2faf1dbf5a401330c2b015eeb8b2dc [163ms]
2025-12-31 15:02:03.073 [info] > git show --textconv :main.py [95ms]
