2025-12-27 08:55:34.625 [info] [main] Log level: Info
2025-12-27 08:55:34.626 [info] [main] Validating found git in: "/usr/bin/git"
2025-12-27 08:55:34.626 [info] [main] Using git "2.39.5 (Apple Git-154)" from "/usr/bin/git"
2025-12-27 08:55:34.626 [info] [Model][doInitialScan] Initial repository scan started
2025-12-27 08:55:34.626 [info] > git rev-parse --show-toplevel [2254ms]
2025-12-27 08:55:34.850 [info] > git rev-parse --git-dir --git-common-dir --show-superproject-working-tree [752ms]
2025-12-27 08:55:34.986 [info] [Model][openRepository] Opened repository (path): /Users/leifwsogge/Library/Mobile Documents/com~apple~CloudDocs/Space LEAF Corp.global.secure.net/simulate_lambda_prototype
2025-12-27 08:55:34.986 [info] [Model][openRepository] Opened repository (real path): /Users/leifwsogge/Library/Mobile Documents/com~apple~CloudDocs/Space LEAF Corp.global.secure.net/simulate_lambda_prototype
2025-12-27 08:55:34.986 [info] [Model][openRepository] Opened repository (kind): repository
2025-12-27 08:55:34.992 [info] [Model][doInitialScan] Initial repository scan completed - repositories (1), closed repositories (0), parent repositories (0), unsafe repositories (0)
2025-12-27 08:55:35.194 [info] > git fetch [209ms]
2025-12-27 08:55:35.373 [info] > git config --get commit.template [249ms]
2025-12-27 08:55:35.382 [info] [Git][getRemotes] No remotes found in the git config file
2025-12-27 08:55:35.395 [info] [Git][getRemotes] No remotes found in the git config file
2025-12-27 08:55:35.464 [info] > git config --get commit.template [111ms]
2025-12-27 08:55:35.514 [info] > git for-each-ref --format=%(refname)%00%(upstream:short)%00%(objectname)%00%(upstream:track)%00%(upstream:remotename)%00%(upstream:remoteref) --ignore-case refs/heads/main refs/remotes/main [119ms]
2025-12-27 08:55:35.525 [info] > git for-each-ref --format=%(refname)%00%(upstream:short)%00%(objectname)%00%(upstream:track)%00%(upstream:remotename)%00%(upstream:remoteref) --ignore-case refs/heads/main refs/remotes/main [144ms]
2025-12-27 08:55:35.566 [info] > git for-each-ref --sort -committerdate --format %(refname)%00%(objectname)%00%(*objectname) [42ms] (cancelled)
2025-12-27 08:55:35.573 [info] > git status -z -uall [55ms] (cancelled)
2025-12-27 08:55:35.850 [info] > git config --get commit.template [278ms]
2025-12-27 08:55:35.927 [info] [Git][getRemotes] No remotes found in the git config file
2025-12-27 08:55:35.957 [info] > git for-each-ref --format=%(refname)%00%(upstream:short)%00%(objectname)%00%(upstream:track)%00%(upstream:remotename)%00%(upstream:remoteref) --ignore-case refs/heads/main refs/remotes/main [405ms]
2025-12-27 08:55:36.200 [info] > git config --get --local branch.main.vscode-merge-base [120ms]
2025-12-27 08:55:36.208 [warning] [Git][config] git config failed: Failed to execute git
2025-12-27 08:55:36.257 [info] > git for-each-ref --format=%(refname)%00%(upstream:short)%00%(objectname)%00%(upstream:track)%00%(upstream:remotename)%00%(upstream:remoteref) --ignore-case refs/heads/main refs/remotes/main [331ms]
2025-12-27 08:55:36.466 [info] > git status -z -uall [206ms]
2025-12-27 08:55:36.500 [info] > git reflog main --grep-reflog=branch: Created from *. [289ms]
2025-12-27 08:55:36.542 [info] > git for-each-ref --sort -committerdate --format %(refname)%00%(objectname)%00%(*objectname) [279ms]
2025-12-27 08:55:37.832 [info] > git check-ignore -v -z --stdin [1163ms]
2025-12-27 08:55:39.986 [info] > git config --get commit.template [153ms]
2025-12-27 08:55:39.986 [info] > git config --local -l [407ms]
2025-12-27 08:55:40.064 [info] [Git][getRemotes] No remotes found in the git config file
2025-12-27 08:55:40.069 [info] > git config --get --local branch.main.remote [80ms]
2025-12-27 08:55:40.069 [warning] [Git][config] git config failed: Failed to execute git
2025-12-27 08:55:40.364 [info] > git config --get --local branch.main.merge [292ms]
2025-12-27 08:55:40.364 [warning] [Git][config] git config failed: Failed to execute git
2025-12-27 08:55:40.523 [info] > git for-each-ref --format=%(refname)%00%(upstream:short)%00%(objectname)%00%(upstream:track)%00%(upstream:remotename)%00%(upstream:remoteref) --ignore-case refs/heads/main refs/remotes/main [459ms]
2025-12-27 08:55:40.654 [info] > git status -z -uall [126ms]
2025-12-27 08:55:40.998 [info] > git for-each-ref --sort -committerdate --format %(refname)%00%(objectname)%00%(*objectname) [466ms]
2025-12-27 08:55:42.290 [info] [Git][getRemotes] No remotes found in the git config file
2025-12-27 08:55:42.348 [info] > git config --get commit.template [84ms]
2025-12-27 08:55:42.424 [info] > git for-each-ref --format=%(refname)%00%(upstream:short)%00%(objectname)%00%(upstream:track)%00%(upstream:remotename)%00%(upstream:remoteref) --ignore-case refs/heads/main refs/remotes/main [132ms]
2025-12-27 08:55:42.527 [info] > git for-each-ref --sort -committerdate --format %(refname)%00%(objectname)%00%(*objectname) [97ms]
2025-12-27 08:55:42.541 [info] > git status -z -uall [114ms]
2025-12-27 08:56:15.330 [info] > git check-ignore -v -z --stdin [85ms]
2025-12-27 08:56:25.522 [info] > git config --get commit.template [900ms]
2025-12-27 08:56:25.626 [info] [Git][getRemotes] No remotes found in the git config file
2025-12-27 08:56:26.373 [info] > git show --textconv :simulate_lambda.py [757ms]
2025-12-27 08:56:26.376 [info] > git ls-files --stage -- simulate_lambda.py [756ms]
2025-12-27 08:56:26.569 [info] > git for-each-ref --format=%(refname)%00%(upstream:short)%00%(objectname)%00%(upstream:track)%00%(upstream:remotename)%00%(upstream:remoteref) --ignore-case refs/heads/main refs/remotes/main [943ms]
2025-12-27 08:56:26.651 [info] > git hash-object -t tree /dev/null [271ms]
2025-12-27 08:56:26.651 [warning] [GitFileSystemProvider][stat] File not found - git:/Users/leifwsogge/Library/Mobile%20Documents/com~apple~CloudDocs/Space%20LEAF%20Corp.global.secure.net/simulate_lambda_prototype/simulate_lambda.py.git?%7B%22path%22%3A%22%2FUsers%2Fleifwsogge%2FLibrary%2FMobile%20Documents%2Fcom~apple~CloudDocs%2FSpace%20LEAF%20Corp.global.secure.net%2Fsimulate_lambda_prototype%2Fsimulate_lambda.py%22%2C%22ref%22%3A%22%22%7D
2025-12-27 08:56:26.883 [info] > git status -z -uall [311ms]
2025-12-27 08:56:27.043 [info] > git for-each-ref --sort -committerdate --format %(refname)%00%(objectname)%00%(*objectname) [459ms]
2025-12-27 08:56:27.098 [info] > git hash-object -t tree /dev/null [531ms]
2025-12-27 08:56:27.099 [warning] [GitFileSystemProvider][readFile] File not found - git:/Users/leifwsogge/Library/Mobile%20Documents/com~apple~CloudDocs/Space%20LEAF%20Corp.global.secure.net/simulate_lambda_prototype/simulate_lambda.py.git?%7B%22path%22%3A%22%2FUsers%2Fleifwsogge%2FLibrary%2FMobile%20Documents%2Fcom~apple~CloudDocs%2FSpace%20LEAF%20Corp.global.secure.net%2Fsimulate_lambda_prototype%2Fsimulate_lambda.py%22%2C%22ref%22%3A%22%22%7D
2025-12-27 08:56:28.342 [info] > git blame --root --incremental 1f581fe21f7c89b95211b6b3385c14458e8b4606 -- simulate_lambda.py [83ms]
2025-12-27 08:56:28.342 [info] fatal: no such path simulate_lambda.py in 1f581fe21f7c89b95211b6b3385c14458e8b4606
2025-12-27 08:56:32.109 [info] [Git][getRemotes] No remotes found in the git config file
2025-12-27 08:56:32.168 [info] > git config --get commit.template [63ms]
2025-12-27 08:56:32.171 [info] > git for-each-ref --format=%(refname)%00%(upstream:short)%00%(objectname)%00%(upstream:track)%00%(upstream:remotename)%00%(upstream:remoteref) --ignore-case refs/heads/main refs/remotes/main [62ms]
2025-12-27 08:56:32.237 [info] > git for-each-ref --sort -committerdate --format %(refname)%00%(objectname)%00%(*objectname) [61ms]
2025-12-27 08:56:32.244 [info] > git status -z -uall [71ms]
2025-12-27 08:57:08.193 [info] > git check-ignore -v -z --stdin [190ms]
2025-12-27 08:57:09.321 [info] > git config --get commit.template [216ms]
2025-12-27 08:57:09.508 [info] [Git][getRemotes] No remotes found in the git config file
2025-12-27 08:57:09.573 [info] > git ls-files --stage -- README.md [73ms]
2025-12-27 08:57:09.575 [warning] [GitFileSystemProvider][stat] File not found - git:/Users/leifwsogge/Library/Mobile%20Documents/com~apple~CloudDocs/Space%20LEAF%20Corp.global.secure.net/simulate_lambda_prototype/README.md.git?%7B%22path%22%3A%22%2FUsers%2Fleifwsogge%2FLibrary%2FMobile%20Documents%2Fcom~apple~CloudDocs%2FSpace%20LEAF%20Corp.global.secure.net%2Fsimulate_lambda_prototype%2FREADME.md%22%2C%22ref%22%3A%22%22%7D
2025-12-27 08:57:09.774 [info] > git show --textconv :README.md [362ms]
2025-12-27 08:57:09.775 [warning] [GitFileSystemProvider][readFile] File not found - git:/Users/leifwsogge/Library/Mobile%20Documents/com~apple~CloudDocs/Space%20LEAF%20Corp.global.secure.net/simulate_lambda_prototype/README.md.git?%7B%22path%22%3A%22%2FUsers%2Fleifwsogge%2FLibrary%2FMobile%20Documents%2Fcom~apple~CloudDocs%2FSpace%20LEAF%20Corp.global.secure.net%2Fsimulate_lambda_prototype%2FREADME.md%22%2C%22ref%22%3A%22%22%7D
2025-12-27 08:57:09.798 [info] > git for-each-ref --format=%(refname)%00%(upstream:short)%00%(objectname)%00%(upstream:track)%00%(upstream:remotename)%00%(upstream:remoteref) --ignore-case refs/heads/main refs/remotes/main [290ms]
2025-12-27 08:57:09.890 [info] > git for-each-ref --sort -committerdate --format %(refname)%00%(objectname)%00%(*objectname) [86ms]
2025-12-27 08:57:09.898 [info] > git status -z -uall [97ms]
2025-12-27 08:57:22.572 [info] [Git][getRemotes] No remotes found in the git config file
2025-12-27 08:57:22.974 [info] > git config --get commit.template [757ms]
2025-12-27 08:57:23.001 [info] > git for-each-ref --format=%(refname)%00%(upstream:short)%00%(objectname)%00%(upstream:track)%00%(upstream:remotename)%00%(upstream:remoteref) --ignore-case refs/heads/main refs/remotes/main [495ms]
2025-12-27 08:57:23.288 [info] > git for-each-ref --sort -committerdate --format %(refname)%00%(objectname)%00%(*objectname) [275ms]
2025-12-27 08:57:23.299 [info] > git status -z -uall [292ms]
2025-12-27 08:57:28.354 [info] [Git][getRemotes] No remotes found in the git config file
2025-12-27 08:57:28.527 [info] > git ls-files --stage -- requirements.txt [67ms]
2025-12-27 08:57:28.528 [warning] [GitFileSystemProvider][stat] File not found - git:/Users/leifwsogge/Library/Mobile%20Documents/com~apple~CloudDocs/Space%20LEAF%20Corp.global.secure.net/simulate_lambda_prototype/requirements.txt.git?%7B%22path%22%3A%22%2FUsers%2Fleifwsogge%2FLibrary%2FMobile%20Documents%2Fcom~apple~CloudDocs%2FSpace%20LEAF%20Corp.global.secure.net%2Fsimulate_lambda_prototype%2Frequirements.txt%22%2C%22ref%22%3A%22%22%7D
2025-12-27 08:57:28.535 [info] > git show --textconv :requirements.txt [78ms]
2025-12-27 08:57:28.536 [warning] [GitFileSystemProvider][readFile] File not found - git:/Users/leifwsogge/Library/Mobile%20Documents/com~apple~CloudDocs/Space%20LEAF%20Corp.global.secure.net/simulate_lambda_prototype/requirements.txt.git?%7B%22path%22%3A%22%2FUsers%2Fleifwsogge%2FLibrary%2FMobile%20Documents%2Fcom~apple~CloudDocs%2FSpace%20LEAF%20Corp.global.secure.net%2Fsimulate_lambda_prototype%2Frequirements.txt%22%2C%22ref%22%3A%22%22%7D
2025-12-27 08:57:28.560 [info] > git config --get commit.template [218ms]
2025-12-27 08:57:28.566 [info] > git for-each-ref --format=%(refname)%00%(upstream:short)%00%(objectname)%00%(upstream:track)%00%(upstream:remotename)%00%(upstream:remoteref) --ignore-case refs/heads/main refs/remotes/main [198ms]
2025-12-27 08:57:28.594 [info] > git check-ignore -v -z --stdin [173ms]
2025-12-27 08:57:28.627 [info] > git status -z -uall [58ms]
2025-12-27 08:57:28.645 [info] > git for-each-ref --sort -committerdate --format %(refname)%00%(objectname)%00%(*objectname) [74ms]
2025-12-27 08:57:33.856 [info] [Git][getRemotes] No remotes found in the git config file
2025-12-27 08:57:34.284 [info] > git config --get commit.template [432ms]
2025-12-27 08:57:34.310 [info] > git for-each-ref --format=%(refname)%00%(upstream:short)%00%(objectname)%00%(upstream:track)%00%(upstream:remotename)%00%(upstream:remoteref) --ignore-case refs/heads/main refs/remotes/main [455ms]
2025-12-27 08:57:34.605 [info] > git for-each-ref --sort -committerdate --format %(refname)%00%(objectname)%00%(*objectname) [282ms]
2025-12-27 08:57:34.608 [info] > git status -z -uall [294ms]
2025-12-27 08:57:39.622 [info] [Git][getRemotes] No remotes found in the git config file
2025-12-27 08:57:39.677 [info] > git config --get commit.template [55ms]
2025-12-27 08:57:39.684 [info] > git for-each-ref --format=%(refname)%00%(upstream:short)%00%(objectname)%00%(upstream:track)%00%(upstream:remotename)%00%(upstream:remoteref) --ignore-case refs/heads/main refs/remotes/main [60ms]
2025-12-27 08:57:39.769 [info] > git for-each-ref --sort -committerdate --format %(refname)%00%(objectname)%00%(*objectname) [81ms]
2025-12-27 08:57:39.769 [info] > git status -z -uall [84ms]
2025-12-27 08:57:48.617 [info] [Git][getRemotes] No remotes found in the git config file
2025-12-27 08:57:49.279 [info] > git for-each-ref --format=%(refname)%00%(upstream:short)%00%(objectname)%00%(upstream:track)%00%(upstream:remotename)%00%(upstream:remoteref) --ignore-case refs/heads/main refs/remotes/main [663ms]
2025-12-27 08:57:49.307 [info] > git config --get commit.template [774ms]
2025-12-27 08:57:49.587 [info] > git for-each-ref --sort -committerdate --format %(refname)%00%(objectname)%00%(*objectname) [270ms]
2025-12-27 08:57:49.593 [info] > git status -z -uall [281ms]
2025-12-27 08:57:50.844 [info] > git show --textconv :.gitattributes [154ms]
2025-12-27 08:57:50.869 [info] > git ls-files --stage -- .gitattributes [176ms]
2025-12-27 08:57:51.001 [info] > git cat-file -s dfe0770424b2a19faf507a501ebfc23be8f54e7b [130ms]
2025-12-27 08:57:53.995 [info] > git check-ignore -v -z --stdin [95ms]
2025-12-27 08:57:54.001 [info] > git show --textconv :run_example.sh [82ms]
2025-12-27 08:57:54.004 [info] > git ls-files --stage -- run_example.sh [82ms]
2025-12-27 08:57:54.005 [warning] [GitFileSystemProvider][stat] File not found - git:/Users/leifwsogge/Library/Mobile%20Documents/com~apple~CloudDocs/Space%20LEAF%20Corp.global.secure.net/simulate_lambda_prototype/run_example.sh.git?%7B%22path%22%3A%22%2FUsers%2Fleifwsogge%2FLibrary%2FMobile%20Documents%2Fcom~apple~CloudDocs%2FSpace%20LEAF%20Corp.global.secure.net%2Fsimulate_lambda_prototype%2Frun_example.sh%22%2C%22ref%22%3A%22%22%7D
2025-12-27 08:57:54.005 [warning] [GitFileSystemProvider][readFile] File not found - git:/Users/leifwsogge/Library/Mobile%20Documents/com~apple~CloudDocs/Space%20LEAF%20Corp.global.secure.net/simulate_lambda_prototype/run_example.sh.git?%7B%22path%22%3A%22%2FUsers%2Fleifwsogge%2FLibrary%2FMobile%20Documents%2Fcom~apple~CloudDocs%2FSpace%20LEAF%20Corp.global.secure.net%2Fsimulate_lambda_prototype%2Frun_example.sh%22%2C%22ref%22%3A%22%22%7D
2025-12-27 08:57:54.606 [info] [Git][getRemotes] No remotes found in the git config file
2025-12-27 08:57:54.655 [info] > git config --get commit.template [51ms]
2025-12-27 08:57:54.658 [info] > git for-each-ref --format=%(refname)%00%(upstream:short)%00%(objectname)%00%(upstream:track)%00%(upstream:remotename)%00%(upstream:remoteref) --ignore-case refs/heads/main refs/remotes/main [52ms]
2025-12-27 08:57:54.703 [info] > git for-each-ref --sort -committerdate --format %(refname)%00%(objectname)%00%(*objectname) [42ms]
2025-12-27 08:57:54.704 [info] > git status -z -uall [45ms]
2025-12-27 08:58:00.147 [info] [Git][getRemotes] No remotes found in the git config file
2025-12-27 08:58:01.318 [info] > git config --get commit.template [1421ms]
2025-12-27 08:58:01.333 [info] > git for-each-ref --format=%(refname)%00%(upstream:short)%00%(objectname)%00%(upstream:track)%00%(upstream:remotename)%00%(upstream:remoteref) --ignore-case refs/heads/main refs/remotes/main [1187ms]
2025-12-27 08:58:01.742 [info] > git for-each-ref --sort -committerdate --format %(refname)%00%(objectname)%00%(*objectname) [404ms]
2025-12-27 08:58:01.822 [info] > git status -z -uall [487ms]
2025-12-27 08:58:12.047 [info] [Git][getRemotes] No remotes found in the git config file
2025-12-27 08:58:12.779 [info] > git config --get commit.template [787ms]
2025-12-27 08:58:12.892 [info] > git for-each-ref --format=%(refname)%00%(upstream:short)%00%(objectname)%00%(upstream:track)%00%(upstream:remotename)%00%(upstream:remoteref) --ignore-case refs/heads/main refs/remotes/main [845ms]
2025-12-27 08:58:13.057 [info] > git for-each-ref --sort -committerdate --format %(refname)%00%(objectname)%00%(*objectname) [160ms]
2025-12-27 08:58:13.096 [info] > git status -z -uall [202ms]
2025-12-27 08:58:18.234 [info] [Git][getRemotes] No remotes found in the git config file
2025-12-27 08:58:18.268 [info] > git config --get commit.template [46ms]
2025-12-27 08:58:18.273 [info] > git for-each-ref --format=%(refname)%00%(upstream:short)%00%(objectname)%00%(upstream:track)%00%(upstream:remotename)%00%(upstream:remoteref) --ignore-case refs/heads/main refs/remotes/main [40ms]
2025-12-27 08:58:18.327 [info] > git status -z -uall [50ms]
2025-12-27 08:58:18.333 [info] > git for-each-ref --sort -committerdate --format %(refname)%00%(objectname)%00%(*objectname) [49ms]
2025-12-27 08:58:30.776 [info] [Git][getRemotes] No remotes found in the git config file
2025-12-27 08:58:30.885 [info] > git config --get commit.template [112ms]
2025-12-27 08:58:30.901 [info] > git for-each-ref --format=%(refname)%00%(upstream:short)%00%(objectname)%00%(upstream:track)%00%(upstream:remotename)%00%(upstream:remoteref) --ignore-case refs/heads/main refs/remotes/main [122ms]
2025-12-27 08:58:30.971 [info] > git for-each-ref --sort -committerdate --format %(refname)%00%(objectname)%00%(*objectname) [65ms]
2025-12-27 08:58:30.981 [info] > git status -z -uall [78ms]
2025-12-27 08:58:35.645 [info] > git fetch [70ms]
2025-12-27 08:58:35.647 [info] [Git][getRemotes] No remotes found in the git config file
2025-12-27 08:58:35.682 [info] > git config --get commit.template [34ms]
2025-12-27 08:58:35.684 [info] > git for-each-ref --format=%(refname)%00%(upstream:short)%00%(objectname)%00%(upstream:track)%00%(upstream:remotename)%00%(upstream:remoteref) --ignore-case refs/heads/main refs/remotes/main [36ms]
2025-12-27 08:58:35.723 [info] > git status -z -uall [38ms]
2025-12-27 08:58:35.725 [info] > git for-each-ref --sort -committerdate --format %(refname)%00%(objectname)%00%(*objectname) [39ms]
2025-12-27 08:58:35.991 [info] [Git][getRemotes] No remotes found in the git config file
2025-12-27 08:58:36.034 [info] > git config --get commit.template [45ms]
2025-12-27 08:58:36.039 [info] > git for-each-ref --format=%(refname)%00%(upstream:short)%00%(objectname)%00%(upstream:track)%00%(upstream:remotename)%00%(upstream:remoteref) --ignore-case refs/heads/main refs/remotes/main [48ms]
2025-12-27 08:58:36.086 [info] > git status -z -uall [46ms]
2025-12-27 08:58:36.088 [info] > git for-each-ref --sort -committerdate --format %(refname)%00%(objectname)%00%(*objectname) [45ms]
2025-12-27 08:58:41.105 [info] [Git][getRemotes] No remotes found in the git config file
2025-12-27 08:58:41.171 [info] > git for-each-ref --format=%(refname)%00%(upstream:short)%00%(objectname)%00%(upstream:track)%00%(upstream:remotename)%00%(upstream:remoteref) --ignore-case refs/heads/main refs/remotes/main [66ms]
2025-12-27 08:58:41.173 [info] > git config --get commit.template [71ms]
2025-12-27 08:58:41.226 [info] > git for-each-ref --sort -committerdate --format %(refname)%00%(objectname)%00%(*objectname) [50ms]
2025-12-27 08:58:41.228 [info] > git status -z -uall [54ms]
2025-12-27 08:58:46.241 [info] [Git][getRemotes] No remotes found in the git config file
2025-12-27 08:58:46.280 [info] > git config --get commit.template [41ms]
2025-12-27 08:58:46.283 [info] > git for-each-ref --format=%(refname)%00%(upstream:short)%00%(objectname)%00%(upstream:track)%00%(upstream:remotename)%00%(upstream:remoteref) --ignore-case refs/heads/main refs/remotes/main [41ms]
2025-12-27 08:58:46.400 [info] > git status -z -uall [116ms]
2025-12-27 08:58:46.419 [info] > git for-each-ref --sort -committerdate --format %(refname)%00%(objectname)%00%(*objectname) [133ms]
2025-12-27 08:59:00.395 [info] [Git][getRemotes] No remotes found in the git config file
2025-12-27 08:59:00.474 [info] > git config --get commit.template [81ms]
2025-12-27 08:59:00.479 [info] > git for-each-ref --format=%(refname)%00%(upstream:short)%00%(objectname)%00%(upstream:track)%00%(upstream:remotename)%00%(upstream:remoteref) --ignore-case refs/heads/main refs/remotes/main [84ms]
2025-12-27 08:59:00.544 [info] > git for-each-ref --sort -committerdate --format %(refname)%00%(objectname)%00%(*objectname) [62ms]
2025-12-27 08:59:00.548 [info] > git status -z -uall [67ms]
2025-12-27 08:59:05.559 [info] [Git][getRemotes] No remotes found in the git config file
2025-12-27 08:59:05.603 [info] > git config --get commit.template [46ms]
2025-12-27 08:59:05.610 [info] > git for-each-ref --format=%(refname)%00%(upstream:short)%00%(objectname)%00%(upstream:track)%00%(upstream:remotename)%00%(upstream:remoteref) --ignore-case refs/heads/main refs/remotes/main [51ms]
2025-12-27 08:59:05.656 [info] > git for-each-ref --sort -committerdate --format %(refname)%00%(objectname)%00%(*objectname) [44ms]
2025-12-27 08:59:05.657 [info] > git status -z -uall [46ms]
2025-12-27 08:59:13.326 [info] [Git][getRemotes] No remotes found in the git config file
2025-12-27 08:59:13.399 [info] > git config --get commit.template [79ms]
2025-12-27 08:59:13.437 [info] > git for-each-ref --format=%(refname)%00%(upstream:short)%00%(objectname)%00%(upstream:track)%00%(upstream:remotename)%00%(upstream:remoteref) --ignore-case refs/heads/main refs/remotes/main [111ms]
2025-12-27 08:59:13.514 [info] > git for-each-ref --sort -committerdate --format %(refname)%00%(objectname)%00%(*objectname) [72ms]
2025-12-27 08:59:13.517 [info] > git status -z -uall [77ms]
2025-12-27 08:59:18.535 [info] [Git][getRemotes] No remotes found in the git config file
2025-12-27 08:59:18.590 [info] > git config --get commit.template [59ms]
2025-12-27 08:59:18.595 [info] > git for-each-ref --format=%(refname)%00%(upstream:short)%00%(objectname)%00%(upstream:track)%00%(upstream:remotename)%00%(upstream:remoteref) --ignore-case refs/heads/main refs/remotes/main [59ms]
2025-12-27 08:59:18.713 [info] > git for-each-ref --sort -committerdate --format %(refname)%00%(objectname)%00%(*objectname) [114ms]
2025-12-27 08:59:18.722 [info] > git status -z -uall [125ms]
2025-12-27 08:59:23.736 [info] [Git][getRemotes] No remotes found in the git config file
2025-12-27 08:59:23.826 [info] > git config --get commit.template [93ms]
2025-12-27 08:59:23.832 [info] > git for-each-ref --format=%(refname)%00%(upstream:short)%00%(objectname)%00%(upstream:track)%00%(upstream:remotename)%00%(upstream:remoteref) --ignore-case refs/heads/main refs/remotes/main [94ms]
2025-12-27 08:59:23.993 [info] > git status -z -uall [159ms]
2025-12-27 08:59:24.004 [info] > git for-each-ref --sort -committerdate --format %(refname)%00%(objectname)%00%(*objectname) [166ms]
2025-12-27 08:59:29.023 [info] [Git][getRemotes] No remotes found in the git config file
2025-12-27 08:59:29.086 [info] > git config --get commit.template [65ms]
2025-12-27 08:59:29.103 [info] > git for-each-ref --format=%(refname)%00%(upstream:short)%00%(objectname)%00%(upstream:track)%00%(upstream:remotename)%00%(upstream:remoteref) --ignore-case refs/heads/main refs/remotes/main [62ms]
2025-12-27 08:59:29.171 [info] > git status -z -uall [66ms]
2025-12-27 08:59:29.174 [info] > git for-each-ref --sort -committerdate --format %(refname)%00%(objectname)%00%(*objectname) [66ms]
2025-12-27 08:59:34.193 [info] [Git][getRemotes] No remotes found in the git config file
2025-12-27 08:59:34.245 [info] > git config --get commit.template [52ms]
2025-12-27 08:59:34.248 [info] > git for-each-ref --format=%(refname)%00%(upstream:short)%00%(objectname)%00%(upstream:track)%00%(upstream:remotename)%00%(upstream:remoteref) --ignore-case refs/heads/main refs/remotes/main [53ms]
2025-12-27 08:59:34.290 [info] > git status -z -uall [41ms]
2025-12-27 08:59:34.291 [info] > git for-each-ref --sort -committerdate --format %(refname)%00%(objectname)%00%(*objectname) [40ms]
2025-12-27 08:59:39.297 [info] [Git][getRemotes] No remotes found in the git config file
2025-12-27 08:59:39.341 [info] > git config --get commit.template [44ms]
2025-12-27 08:59:39.346 [info] > git for-each-ref --format=%(refname)%00%(upstream:short)%00%(objectname)%00%(upstream:track)%00%(upstream:remotename)%00%(upstream:remoteref) --ignore-case refs/heads/main refs/remotes/main [47ms]
2025-12-27 08:59:39.388 [info] > git for-each-ref --sort -committerdate --format %(refname)%00%(objectname)%00%(*objectname) [39ms]
2025-12-27 08:59:39.391 [info] > git status -z -uall [44ms]
2025-12-27 08:59:44.412 [info] [Git][getRemotes] No remotes found in the git config file
2025-12-27 08:59:44.464 [info] > git config --get commit.template [52ms]
2025-12-27 08:59:44.468 [info] > git for-each-ref --format=%(refname)%00%(upstream:short)%00%(objectname)%00%(upstream:track)%00%(upstream:remotename)%00%(upstream:remoteref) --ignore-case refs/heads/main refs/remotes/main [54ms]
2025-12-27 08:59:44.529 [info] > git for-each-ref --sort -committerdate --format %(refname)%00%(objectname)%00%(*objectname) [57ms]
2025-12-27 08:59:44.532 [info] > git status -z -uall [62ms]
2025-12-27 08:59:49.544 [info] [Git][getRemotes] No remotes found in the git config file
2025-12-27 08:59:49.607 [info] > git config --get commit.template [64ms]
2025-12-27 08:59:49.610 [info] > git for-each-ref --format=%(refname)%00%(upstream:short)%00%(objectname)%00%(upstream:track)%00%(upstream:remotename)%00%(upstream:remoteref) --ignore-case refs/heads/main refs/remotes/main [65ms]
2025-12-27 08:59:49.689 [info] > git for-each-ref --sort -committerdate --format %(refname)%00%(objectname)%00%(*objectname) [75ms]
2025-12-27 08:59:49.691 [info] > git status -z -uall [78ms]
2025-12-27 08:59:54.699 [info] [Git][getRemotes] No remotes found in the git config file
2025-12-27 08:59:54.782 [info] > git config --get commit.template [83ms]
2025-12-27 08:59:54.833 [info] > git for-each-ref --format=%(refname)%00%(upstream:short)%00%(objectname)%00%(upstream:track)%00%(upstream:remotename)%00%(upstream:remoteref) --ignore-case refs/heads/main refs/remotes/main [129ms]
2025-12-27 08:59:55.126 [info] > git status -z -uall [289ms]
2025-12-27 08:59:55.141 [info] > git for-each-ref --sort -committerdate --format %(refname)%00%(objectname)%00%(*objectname) [300ms]
2025-12-27 09:00:00.327 [info] [Git][getRemotes] No remotes found in the git config file
2025-12-27 09:00:00.396 [info] > git config --get commit.template [70ms]
2025-12-27 09:00:00.399 [info] > git for-each-ref --format=%(refname)%00%(upstream:short)%00%(objectname)%00%(upstream:track)%00%(upstream:remotename)%00%(upstream:remoteref) --ignore-case refs/heads/main refs/remotes/main [70ms]
2025-12-27 09:00:00.534 [info] > git status -z -uall [132ms]
2025-12-27 09:00:00.536 [info] > git for-each-ref --sort -committerdate --format %(refname)%00%(objectname)%00%(*objectname) [131ms]
2025-12-27 09:00:05.553 [info] [Git][getRemotes] No remotes found in the git config file
2025-12-27 09:00:05.639 [info] > git config --get commit.template [88ms]
2025-12-27 09:00:05.649 [info] > git for-each-ref --format=%(refname)%00%(upstream:short)%00%(objectname)%00%(upstream:track)%00%(upstream:remotename)%00%(upstream:remoteref) --ignore-case refs/heads/main refs/remotes/main [96ms]
2025-12-27 09:00:05.738 [info] > git for-each-ref --sort -committerdate --format %(refname)%00%(objectname)%00%(*objectname) [82ms]
2025-12-27 09:00:05.740 [info] > git status -z -uall [87ms]
2025-12-27 09:00:10.749 [info] [Git][getRemotes] No remotes found in the git config file
2025-12-27 09:00:10.883 [info] > git config --get commit.template [135ms]
2025-12-27 09:00:10.891 [info] > git for-each-ref --format=%(refname)%00%(upstream:short)%00%(objectname)%00%(upstream:track)%00%(upstream:remotename)%00%(upstream:remoteref) --ignore-case refs/heads/main refs/remotes/main [140ms]
2025-12-27 09:00:10.991 [info] > git for-each-ref --sort -committerdate --format %(refname)%00%(objectname)%00%(*objectname) [94ms]
2025-12-27 09:00:11.006 [info] > git status -z -uall [112ms]
2025-12-27 09:00:16.018 [info] [Git][getRemotes] No remotes found in the git config file
2025-12-27 09:00:16.073 [info] > git config --get commit.template [60ms]
2025-12-27 09:00:16.085 [info] > git for-each-ref --format=%(refname)%00%(upstream:short)%00%(objectname)%00%(upstream:track)%00%(upstream:remotename)%00%(upstream:remoteref) --ignore-case refs/heads/main refs/remotes/main [68ms]
2025-12-27 09:00:16.146 [info] > git for-each-ref --sort -committerdate --format %(refname)%00%(objectname)%00%(*objectname) [56ms]
2025-12-27 09:00:16.148 [info] > git status -z -uall [61ms]
2025-12-27 09:00:21.163 [info] [Git][getRemotes] No remotes found in the git config file
2025-12-27 09:00:21.227 [info] > git config --get commit.template [66ms]
2025-12-27 09:00:21.233 [info] > git for-each-ref --format=%(refname)%00%(upstream:short)%00%(objectname)%00%(upstream:track)%00%(upstream:remotename)%00%(upstream:remoteref) --ignore-case refs/heads/main refs/remotes/main [70ms]
2025-12-27 09:00:21.344 [info] > git for-each-ref --sort -committerdate --format %(refname)%00%(objectname)%00%(*objectname) [105ms]
2025-12-27 09:00:21.360 [info] > git status -z -uall [124ms]
2025-12-27 09:00:26.378 [info] [Git][getRemotes] No remotes found in the git config file
2025-12-27 09:00:26.470 [info] > git config --get commit.template [94ms]
2025-12-27 09:00:26.481 [info] > git for-each-ref --format=%(refname)%00%(upstream:short)%00%(objectname)%00%(upstream:track)%00%(upstream:remotename)%00%(upstream:remoteref) --ignore-case refs/heads/main refs/remotes/main [102ms]
2025-12-27 09:00:26.666 [info] > git status -z -uall [182ms]
2025-12-27 09:00:26.667 [info] > git for-each-ref --sort -committerdate --format %(refname)%00%(objectname)%00%(*objectname) [180ms]
2025-12-27 09:00:31.688 [info] [Git][getRemotes] No remotes found in the git config file
2025-12-27 09:00:31.741 [info] > git config --get commit.template [59ms]
2025-12-27 09:00:31.744 [info] > git for-each-ref --format=%(refname)%00%(upstream:short)%00%(objectname)%00%(upstream:track)%00%(upstream:remotename)%00%(upstream:remoteref) --ignore-case refs/heads/main refs/remotes/main [56ms]
2025-12-27 09:00:31.793 [info] > git for-each-ref --sort -committerdate --format %(refname)%00%(objectname)%00%(*objectname) [46ms]
2025-12-27 09:00:31.795 [info] > git status -z -uall [49ms]
2025-12-27 09:00:36.808 [info] [Git][getRemotes] No remotes found in the git config file
2025-12-27 09:00:36.856 [info] > git config --get commit.template [49ms]
2025-12-27 09:00:36.859 [info] > git for-each-ref --format=%(refname)%00%(upstream:short)%00%(objectname)%00%(upstream:track)%00%(upstream:remotename)%00%(upstream:remoteref) --ignore-case refs/heads/main refs/remotes/main [50ms]
2025-12-27 09:00:36.901 [info] > git for-each-ref --sort -committerdate --format %(refname)%00%(objectname)%00%(*objectname) [40ms]
2025-12-27 09:00:36.901 [info] > git status -z -uall [41ms]
2025-12-27 09:00:41.912 [info] [Git][getRemotes] No remotes found in the git config file
2025-12-27 09:00:41.949 [info] > git config --get commit.template [39ms]
2025-12-27 09:00:41.951 [info] > git for-each-ref --format=%(refname)%00%(upstream:short)%00%(objectname)%00%(upstream:track)%00%(upstream:remotename)%00%(upstream:remoteref) --ignore-case refs/heads/main refs/remotes/main [39ms]
2025-12-27 09:00:41.995 [info] > git for-each-ref --sort -committerdate --format %(refname)%00%(objectname)%00%(*objectname) [41ms]
2025-12-27 09:00:41.996 [info] > git status -z -uall [44ms]
2025-12-27 09:00:47.019 [info] [Git][getRemotes] No remotes found in the git config file
2025-12-27 09:00:47.124 [info] > git for-each-ref --format=%(refname)%00%(upstream:short)%00%(objectname)%00%(upstream:track)%00%(upstream:remotename)%00%(upstream:remoteref) --ignore-case refs/heads/main refs/remotes/main [99ms]
2025-12-27 09:00:47.128 [info] > git config --get commit.template [115ms]
2025-12-27 09:00:47.220 [info] > git for-each-ref --sort -committerdate --format %(refname)%00%(objectname)%00%(*objectname) [89ms]
2025-12-27 09:00:47.229 [info] > git status -z -uall [100ms]
2025-12-27 09:00:52.245 [info] [Git][getRemotes] No remotes found in the git config file
2025-12-27 09:00:52.312 [info] > git config --get commit.template [68ms]
2025-12-27 09:00:52.316 [info] > git for-each-ref --format=%(refname)%00%(upstream:short)%00%(objectname)%00%(upstream:track)%00%(upstream:remotename)%00%(upstream:remoteref) --ignore-case refs/heads/main refs/remotes/main [70ms]
2025-12-27 09:00:52.378 [info] > git status -z -uall [59ms]
2025-12-27 09:00:52.379 [info] > git for-each-ref --sort -committerdate --format %(refname)%00%(objectname)%00%(*objectname) [56ms]
2025-12-27 09:01:05.008 [info] [Git][getRemotes] No remotes found in the git config file
2025-12-27 09:01:05.055 [info] > git config --get commit.template [57ms]
2025-12-27 09:01:05.058 [info] > git for-each-ref --format=%(refname)%00%(upstream:short)%00%(objectname)%00%(upstream:track)%00%(upstream:remotename)%00%(upstream:remoteref) --ignore-case refs/heads/main refs/remotes/main [47ms]
2025-12-27 09:01:05.103 [info] > git for-each-ref --sort -committerdate --format %(refname)%00%(objectname)%00%(*objectname) [43ms]
2025-12-27 09:01:05.106 [info] > git status -z -uall [47ms]
2025-12-27 09:01:10.118 [info] [Git][getRemotes] No remotes found in the git config file
2025-12-27 09:01:10.158 [info] > git config --get commit.template [41ms]
2025-12-27 09:01:10.161 [info] > git for-each-ref --format=%(refname)%00%(upstream:short)%00%(objectname)%00%(upstream:track)%00%(upstream:remotename)%00%(upstream:remoteref) --ignore-case refs/heads/main refs/remotes/main [41ms]
2025-12-27 09:01:10.201 [info] > git for-each-ref --sort -committerdate --format %(refname)%00%(objectname)%00%(*objectname) [37ms]
2025-12-27 09:01:10.202 [info] > git status -z -uall [40ms]
2025-12-27 09:01:18.065 [info] [Git][getRemotes] No remotes found in the git config file
2025-12-27 09:01:18.133 [info] > git config --get commit.template [71ms]
2025-12-27 09:01:18.141 [info] > git for-each-ref --format=%(refname)%00%(upstream:short)%00%(objectname)%00%(upstream:track)%00%(upstream:remotename)%00%(upstream:remoteref) --ignore-case refs/heads/main refs/remotes/main [77ms]
2025-12-27 09:01:18.225 [info] > git for-each-ref --sort -committerdate --format %(refname)%00%(objectname)%00%(*objectname) [78ms]
2025-12-27 09:01:18.227 [info] > git status -z -uall [83ms]
2025-12-27 09:01:23.237 [info] [Git][getRemotes] No remotes found in the git config file
2025-12-27 09:01:23.298 [info] > git config --get commit.template [65ms]
2025-12-27 09:01:23.302 [info] > git for-each-ref --format=%(refname)%00%(upstream:short)%00%(objectname)%00%(upstream:track)%00%(upstream:remotename)%00%(upstream:remoteref) --ignore-case refs/heads/main refs/remotes/main [65ms]
2025-12-27 09:01:23.364 [info] > git for-each-ref --sort -committerdate --format %(refname)%00%(objectname)%00%(*objectname) [56ms]
2025-12-27 09:01:23.369 [info] > git status -z -uall [63ms]
2025-12-27 09:01:28.377 [info] [Git][getRemotes] No remotes found in the git config file
2025-12-27 09:01:28.468 [info] > git config --get commit.template [92ms]
2025-12-27 09:01:28.485 [info] > git for-each-ref --format=%(refname)%00%(upstream:short)%00%(objectname)%00%(upstream:track)%00%(upstream:remotename)%00%(upstream:remoteref) --ignore-case refs/heads/main refs/remotes/main [107ms]
2025-12-27 09:01:28.566 [info] > git for-each-ref --sort -committerdate --format %(refname)%00%(objectname)%00%(*objectname) [76ms]
2025-12-27 09:01:28.573 [info] > git status -z -uall [86ms]
2025-12-27 09:01:33.584 [info] [Git][getRemotes] No remotes found in the git config file
2025-12-27 09:01:33.735 [info] > git config --get commit.template [153ms]
2025-12-27 09:01:33.738 [info] > git for-each-ref --format=%(refname)%00%(upstream:short)%00%(objectname)%00%(upstream:track)%00%(upstream:remotename)%00%(upstream:remoteref) --ignore-case refs/heads/main refs/remotes/main [151ms]
2025-12-27 09:01:33.809 [info] > git status -z -uall [69ms]
2025-12-27 09:01:33.812 [info] > git for-each-ref --sort -committerdate --format %(refname)%00%(objectname)%00%(*objectname) [70ms]
2025-12-27 09:01:35.809 [info] > git fetch [72ms]
2025-12-27 09:01:35.812 [info] [Git][getRemotes] No remotes found in the git config file
2025-12-27 09:01:35.857 [info] > git config --get commit.template [46ms]
2025-12-27 09:01:35.859 [info] > git for-each-ref --format=%(refname)%00%(upstream:short)%00%(objectname)%00%(upstream:track)%00%(upstream:remotename)%00%(upstream:remoteref) --ignore-case refs/heads/main refs/remotes/main [47ms]
2025-12-27 09:01:35.911 [info] > git for-each-ref --sort -committerdate --format %(refname)%00%(objectname)%00%(*objectname) [49ms]
2025-12-27 09:01:35.913 [info] > git status -z -uall [52ms]
2025-12-27 09:01:38.828 [info] [Git][getRemotes] No remotes found in the git config file
2025-12-27 09:01:38.896 [info] > git config --get commit.template [71ms]
2025-12-27 09:01:38.900 [info] > git for-each-ref --format=%(refname)%00%(upstream:short)%00%(objectname)%00%(upstream:track)%00%(upstream:remotename)%00%(upstream:remoteref) --ignore-case refs/heads/main refs/remotes/main [73ms]
2025-12-27 09:01:38.959 [info] > git for-each-ref --sort -committerdate --format %(refname)%00%(objectname)%00%(*objectname) [54ms]
2025-12-27 09:01:38.963 [info] > git status -z -uall [61ms]
2025-12-27 09:01:43.977 [info] [Git][getRemotes] No remotes found in the git config file
2025-12-27 09:01:44.029 [info] > git config --get commit.template [54ms]
2025-12-27 09:01:44.031 [info] > git for-each-ref --format=%(refname)%00%(upstream:short)%00%(objectname)%00%(upstream:track)%00%(upstream:remotename)%00%(upstream:remoteref) --ignore-case refs/heads/main refs/remotes/main [54ms]
2025-12-27 09:01:44.090 [info] > git for-each-ref --sort -committerdate --format %(refname)%00%(objectname)%00%(*objectname) [54ms]
2025-12-27 09:01:44.092 [info] > git status -z -uall [59ms]
2025-12-27 09:01:49.100 [info] [Git][getRemotes] No remotes found in the git config file
2025-12-27 09:01:49.154 [info] > git config --get commit.template [56ms]
2025-12-27 09:01:49.169 [info] > git for-each-ref --format=%(refname)%00%(upstream:short)%00%(objectname)%00%(upstream:track)%00%(upstream:remotename)%00%(upstream:remoteref) --ignore-case refs/heads/main refs/remotes/main [70ms]
2025-12-27 09:01:49.245 [info] > git status -z -uall [74ms]
2025-12-27 09:01:49.246 [info] > git for-each-ref --sort -committerdate --format %(refname)%00%(objectname)%00%(*objectname) [69ms]
2025-12-27 09:01:54.259 [info] [Git][getRemotes] No remotes found in the git config file
2025-12-27 09:01:54.305 [info] > git config --get commit.template [47ms]
2025-12-27 09:01:54.311 [info] > git for-each-ref --format=%(refname)%00%(upstream:short)%00%(objectname)%00%(upstream:track)%00%(upstream:remotename)%00%(upstream:remoteref) --ignore-case refs/heads/main refs/remotes/main [49ms]
2025-12-27 09:01:54.383 [info] > git status -z -uall [70ms]
2025-12-27 09:01:54.384 [info] > git for-each-ref --sort -committerdate --format %(refname)%00%(objectname)%00%(*objectname) [69ms]
2025-12-27 09:01:59.401 [info] [Git][getRemotes] No remotes found in the git config file
2025-12-27 09:01:59.497 [info] > git config --get commit.template [100ms]
2025-12-27 09:01:59.499 [info] > git for-each-ref --format=%(refname)%00%(upstream:short)%00%(objectname)%00%(upstream:track)%00%(upstream:remotename)%00%(upstream:remoteref) --ignore-case refs/heads/main refs/remotes/main [95ms]
2025-12-27 09:01:59.569 [info] > git for-each-ref --sort -committerdate --format %(refname)%00%(objectname)%00%(*objectname) [67ms]
2025-12-27 09:01:59.576 [info] > git status -z -uall [75ms]
2025-12-27 09:02:05.891 [info] [Git][getRemotes] No remotes found in the git config file
2025-12-27 09:02:05.964 [info] > git config --get commit.template [78ms]
2025-12-27 09:02:05.979 [info] > git for-each-ref --format=%(refname)%00%(upstream:short)%00%(objectname)%00%(upstream:track)%00%(upstream:remotename)%00%(upstream:remoteref) --ignore-case refs/heads/main refs/remotes/main [88ms]
2025-12-27 09:02:06.079 [info] > git for-each-ref --sort -committerdate --format %(refname)%00%(objectname)%00%(*objectname) [97ms]
2025-12-27 09:02:06.080 [info] > git status -z -uall [100ms]
2025-12-27 09:02:11.104 [info] [Git][getRemotes] No remotes found in the git config file
2025-12-27 09:02:11.140 [info] > git config --get commit.template [43ms]
2025-12-27 09:02:11.147 [info] > git for-each-ref --format=%(refname)%00%(upstream:short)%00%(objectname)%00%(upstream:track)%00%(upstream:remotename)%00%(upstream:remoteref) --ignore-case refs/heads/main refs/remotes/main [44ms]
2025-12-27 09:02:11.189 [info] > git for-each-ref --sort -committerdate --format %(refname)%00%(objectname)%00%(*objectname) [39ms]
2025-12-27 09:02:11.190 [info] > git status -z -uall [41ms]
2025-12-27 09:02:16.206 [info] [Git][getRemotes] No remotes found in the git config file
2025-12-27 09:02:16.259 [info] > git config --get commit.template [57ms]
2025-12-27 09:02:16.264 [info] > git for-each-ref --format=%(refname)%00%(upstream:short)%00%(objectname)%00%(upstream:track)%00%(upstream:remotename)%00%(upstream:remoteref) --ignore-case refs/heads/main refs/remotes/main [56ms]
2025-12-27 09:02:16.330 [info] > git status -z -uall [65ms]
2025-12-27 09:02:16.335 [info] > git for-each-ref --sort -committerdate --format %(refname)%00%(objectname)%00%(*objectname) [69ms]
2025-12-27 09:02:21.347 [info] [Git][getRemotes] No remotes found in the git config file
2025-12-27 09:02:21.393 [info] > git config --get commit.template [46ms]
2025-12-27 09:02:21.394 [info] > git for-each-ref --format=%(refname)%00%(upstream:short)%00%(objectname)%00%(upstream:track)%00%(upstream:remotename)%00%(upstream:remoteref) --ignore-case refs/heads/main refs/remotes/main [47ms]
2025-12-27 09:02:21.444 [info] > git for-each-ref --sort -committerdate --format %(refname)%00%(objectname)%00%(*objectname) [46ms]
2025-12-27 09:02:21.446 [info] > git status -z -uall [50ms]
2025-12-27 09:02:26.463 [info] [Git][getRemotes] No remotes found in the git config file
2025-12-27 09:02:26.504 [info] > git config --get commit.template [47ms]
2025-12-27 09:02:26.507 [info] > git for-each-ref --format=%(refname)%00%(upstream:short)%00%(objectname)%00%(upstream:track)%00%(upstream:remotename)%00%(upstream:remoteref) --ignore-case refs/heads/main refs/remotes/main [45ms]
2025-12-27 09:02:26.549 [info] > git for-each-ref --sort -committerdate --format %(refname)%00%(objectname)%00%(*objectname) [38ms]
2025-12-27 09:02:26.550 [info] > git status -z -uall [41ms]
2025-12-27 09:02:31.560 [info] [Git][getRemotes] No remotes found in the git config file
2025-12-27 09:02:31.600 [info] > git config --get commit.template [40ms]
2025-12-27 09:02:31.602 [info] > git for-each-ref --format=%(refname)%00%(upstream:short)%00%(objectname)%00%(upstream:track)%00%(upstream:remotename)%00%(upstream:remoteref) --ignore-case refs/heads/main refs/remotes/main [41ms]
2025-12-27 09:02:31.645 [info] > git for-each-ref --sort -committerdate --format %(refname)%00%(objectname)%00%(*objectname) [40ms]
2025-12-27 09:02:31.646 [info] > git status -z -uall [43ms]
2025-12-27 09:02:39.021 [info] [Git][getRemotes] No remotes found in the git config file
2025-12-27 09:02:39.057 [info] > git config --get commit.template [39ms]
2025-12-27 09:02:39.059 [info] > git for-each-ref --format=%(refname)%00%(upstream:short)%00%(objectname)%00%(upstream:track)%00%(upstream:remotename)%00%(upstream:remoteref) --ignore-case refs/heads/main refs/remotes/main [38ms]
2025-12-27 09:02:39.123 [info] > git for-each-ref --sort -committerdate --format %(refname)%00%(objectname)%00%(*objectname) [60ms]
2025-12-27 09:02:39.124 [info] > git status -z -uall [63ms]
2025-12-27 09:02:44.578 [info] [Git][getRemotes] No remotes found in the git config file
2025-12-27 09:02:44.645 [info] > git config --get commit.template [67ms]
2025-12-27 09:02:44.658 [info] > git for-each-ref --format=%(refname)%00%(upstream:short)%00%(objectname)%00%(upstream:track)%00%(upstream:remotename)%00%(upstream:remoteref) --ignore-case refs/heads/main refs/remotes/main [79ms]
2025-12-27 09:02:44.743 [info] > git for-each-ref --sort -committerdate --format %(refname)%00%(objectname)%00%(*objectname) [77ms]
2025-12-27 09:02:44.746 [info] > git status -z -uall [85ms]
2025-12-27 09:02:49.776 [info] [Git][getRemotes] No remotes found in the git config file
2025-12-27 09:02:49.824 [info] > git config --get commit.template [55ms]
2025-12-27 09:02:49.826 [info] > git for-each-ref --format=%(refname)%00%(upstream:short)%00%(objectname)%00%(upstream:track)%00%(upstream:remotename)%00%(upstream:remoteref) --ignore-case refs/heads/main refs/remotes/main [51ms]
2025-12-27 09:02:49.868 [info] > git for-each-ref --sort -committerdate --format %(refname)%00%(objectname)%00%(*objectname) [39ms]
2025-12-27 09:02:49.871 [info] > git status -z -uall [44ms]
2025-12-27 09:02:54.886 [info] [Git][getRemotes] No remotes found in the git config file
2025-12-27 09:02:54.930 [info] > git config --get commit.template [46ms]
2025-12-27 09:02:54.935 [info] > git for-each-ref --format=%(refname)%00%(upstream:short)%00%(objectname)%00%(upstream:track)%00%(upstream:remotename)%00%(upstream:remoteref) --ignore-case refs/heads/main refs/remotes/main [49ms]
2025-12-27 09:02:54.977 [info] > git for-each-ref --sort -committerdate --format %(refname)%00%(objectname)%00%(*objectname) [39ms]
2025-12-27 09:02:54.979 [info] > git status -z -uall [42ms]
2025-12-27 09:02:59.994 [info] [Git][getRemotes] No remotes found in the git config file
2025-12-27 09:03:00.057 [info] > git config --get commit.template [66ms]
2025-12-27 09:03:00.060 [info] > git for-each-ref --format=%(refname)%00%(upstream:short)%00%(objectname)%00%(upstream:track)%00%(upstream:remotename)%00%(upstream:remoteref) --ignore-case refs/heads/main refs/remotes/main [66ms]
2025-12-27 09:03:00.114 [info] > git for-each-ref --sort -committerdate --format %(refname)%00%(objectname)%00%(*objectname) [50ms]
2025-12-27 09:03:00.115 [info] > git status -z -uall [54ms]
2025-12-27 09:03:05.124 [info] [Git][getRemotes] No remotes found in the git config file
2025-12-27 09:03:05.171 [info] > git config --get commit.template [48ms]
2025-12-27 09:03:05.176 [info] > git for-each-ref --format=%(refname)%00%(upstream:short)%00%(objectname)%00%(upstream:track)%00%(upstream:remotename)%00%(upstream:remoteref) --ignore-case refs/heads/main refs/remotes/main [49ms]
2025-12-27 09:03:05.230 [info] > git for-each-ref --sort -committerdate --format %(refname)%00%(objectname)%00%(*objectname) [52ms]
2025-12-27 09:03:05.233 [info] > git status -z -uall [56ms]
2025-12-27 09:03:10.244 [info] [Git][getRemotes] No remotes found in the git config file
2025-12-27 09:03:10.278 [info] > git config --get commit.template [37ms]
2025-12-27 09:03:10.280 [info] > git for-each-ref --format=%(refname)%00%(upstream:short)%00%(objectname)%00%(upstream:track)%00%(upstream:remotename)%00%(upstream:remoteref) --ignore-case refs/heads/main refs/remotes/main [36ms]
2025-12-27 09:03:10.319 [info] > git for-each-ref --sort -committerdate --format %(refname)%00%(objectname)%00%(*objectname) [36ms]
2025-12-27 09:03:10.321 [info] > git status -z -uall [40ms]
2025-12-27 09:03:19.559 [info] [Git][getRemotes] No remotes found in the git config file
2025-12-27 09:03:19.617 [info] > git config --get commit.template [59ms]
2025-12-27 09:03:19.623 [info] > git for-each-ref --format=%(refname)%00%(upstream:short)%00%(objectname)%00%(upstream:track)%00%(upstream:remotename)%00%(upstream:remoteref) --ignore-case refs/heads/main refs/remotes/main [62ms]
2025-12-27 09:03:19.689 [info] > git for-each-ref --sort -committerdate --format %(refname)%00%(objectname)%00%(*objectname) [62ms]
2025-12-27 09:03:19.690 [info] > git status -z -uall [66ms]
2025-12-27 09:03:24.710 [info] [Git][getRemotes] No remotes found in the git config file
2025-12-27 09:03:24.789 [info] > git config --get commit.template [89ms]
2025-12-27 09:03:24.795 [info] > git for-each-ref --format=%(refname)%00%(upstream:short)%00%(objectname)%00%(upstream:track)%00%(upstream:remotename)%00%(upstream:remoteref) --ignore-case refs/heads/main refs/remotes/main [83ms]
2025-12-27 09:03:24.881 [info] > git for-each-ref --sort -committerdate --format %(refname)%00%(objectname)%00%(*objectname) [82ms]
2025-12-27 09:03:24.882 [info] > git status -z -uall [86ms]
2025-12-27 09:03:29.893 [info] [Git][getRemotes] No remotes found in the git config file
2025-12-27 09:03:29.935 [info] > git config --get commit.template [44ms]
2025-12-27 09:03:29.938 [info] > git for-each-ref --format=%(refname)%00%(upstream:short)%00%(objectname)%00%(upstream:track)%00%(upstream:remotename)%00%(upstream:remoteref) --ignore-case refs/heads/main refs/remotes/main [46ms]
2025-12-27 09:03:30.000 [info] > git for-each-ref --sort -committerdate --format %(refname)%00%(objectname)%00%(*objectname) [59ms]
2025-12-27 09:03:30.010 [info] > git status -z -uall [70ms]
2025-12-27 09:03:35.024 [info] [Git][getRemotes] No remotes found in the git config file
2025-12-27 09:03:35.069 [info] > git config --get commit.template [47ms]
2025-12-27 09:03:35.072 [info] > git for-each-ref --format=%(refname)%00%(upstream:short)%00%(objectname)%00%(upstream:track)%00%(upstream:remotename)%00%(upstream:remoteref) --ignore-case refs/heads/main refs/remotes/main [48ms]
2025-12-27 09:03:35.114 [info] > git for-each-ref --sort -committerdate --format %(refname)%00%(objectname)%00%(*objectname) [39ms]
2025-12-27 09:03:35.115 [info] > git status -z -uall [41ms]
2025-12-27 09:03:40.172 [info] [Git][getRemotes] No remotes found in the git config file
2025-12-27 09:03:40.249 [info] > git for-each-ref --format=%(refname)%00%(upstream:short)%00%(objectname)%00%(upstream:track)%00%(upstream:remotename)%00%(upstream:remoteref) --ignore-case refs/heads/main refs/remotes/main [74ms]
2025-12-27 09:03:40.251 [info] > git config --get commit.template [84ms]
2025-12-27 09:03:40.331 [info] > git for-each-ref --sort -committerdate --format %(refname)%00%(objectname)%00%(*objectname) [75ms]
2025-12-27 09:03:40.334 [info] > git status -z -uall [81ms]
2025-12-27 09:03:45.349 [info] [Git][getRemotes] No remotes found in the git config file
2025-12-27 09:03:45.414 [info] > git config --get commit.template [69ms]
2025-12-27 09:03:45.419 [info] > git for-each-ref --format=%(refname)%00%(upstream:short)%00%(objectname)%00%(upstream:track)%00%(upstream:remotename)%00%(upstream:remoteref) --ignore-case refs/heads/main refs/remotes/main [70ms]
2025-12-27 09:03:45.501 [info] > git for-each-ref --sort -committerdate --format %(refname)%00%(objectname)%00%(*objectname) [78ms]
2025-12-27 09:03:45.513 [info] > git status -z -uall [93ms]
2025-12-27 09:03:50.521 [info] [Git][getRemotes] No remotes found in the git config file
2025-12-27 09:03:50.568 [info] > git config --get commit.template [47ms]
2025-12-27 09:03:50.578 [info] > git for-each-ref --format=%(refname)%00%(upstream:short)%00%(objectname)%00%(upstream:track)%00%(upstream:remotename)%00%(upstream:remoteref) --ignore-case refs/heads/main refs/remotes/main [52ms]
2025-12-27 09:03:50.629 [info] > git for-each-ref --sort -committerdate --format %(refname)%00%(objectname)%00%(*objectname) [47ms]
2025-12-27 09:03:50.632 [info] > git status -z -uall [53ms]
2025-12-27 09:03:55.649 [info] [Git][getRemotes] No remotes found in the git config file
2025-12-27 09:03:55.701 [info] > git config --get commit.template [56ms]
2025-12-27 09:03:55.708 [info] > git for-each-ref --format=%(refname)%00%(upstream:short)%00%(objectname)%00%(upstream:track)%00%(upstream:remotename)%00%(upstream:remoteref) --ignore-case refs/heads/main refs/remotes/main [59ms]
2025-12-27 09:03:55.799 [info] > git for-each-ref --sort -committerdate --format %(refname)%00%(objectname)%00%(*objectname) [87ms]
2025-12-27 09:03:55.801 [info] > git status -z -uall [91ms]
2025-12-27 09:04:01.444 [info] [Git][getRemotes] No remotes found in the git config file
2025-12-27 09:04:01.753 [info] > git config --get commit.template [328ms]
2025-12-27 09:04:01.840 [info] > git for-each-ref --format=%(refname)%00%(upstream:short)%00%(objectname)%00%(upstream:track)%00%(upstream:remotename)%00%(upstream:remoteref) --ignore-case refs/heads/main refs/remotes/main [396ms]
2025-12-27 09:04:02.026 [info] > git status -z -uall [182ms]
2025-12-27 09:04:02.045 [info] > git for-each-ref --sort -committerdate --format %(refname)%00%(objectname)%00%(*objectname) [199ms]
2025-12-27 09:04:12.676 [info] [Git][getRemotes] No remotes found in the git config file
2025-12-27 09:04:12.754 [info] > git config --get commit.template [81ms]
2025-12-27 09:04:12.778 [info] > git for-each-ref --format=%(refname)%00%(upstream:short)%00%(objectname)%00%(upstream:track)%00%(upstream:remotename)%00%(upstream:remoteref) --ignore-case refs/heads/main refs/remotes/main [100ms]
2025-12-27 09:04:12.838 [info] > git for-each-ref --sort -committerdate --format %(refname)%00%(objectname)%00%(*objectname) [55ms]
2025-12-27 09:04:12.849 [info] > git status -z -uall [70ms]
2025-12-27 09:04:18.101 [info] [Git][getRemotes] No remotes found in the git config file
2025-12-27 09:04:18.198 [info] > git config --get commit.template [120ms]
2025-12-27 09:04:18.200 [info] > git for-each-ref --format=%(refname)%00%(upstream:short)%00%(objectname)%00%(upstream:track)%00%(upstream:remotename)%00%(upstream:remoteref) --ignore-case refs/heads/main refs/remotes/main [99ms]
2025-12-27 09:04:18.251 [info] > git status -z -uall [50ms]
2025-12-27 09:04:18.256 [info] > git for-each-ref --sort -committerdate --format %(refname)%00%(objectname)%00%(*objectname) [53ms]
2025-12-27 09:04:23.273 [info] [Git][getRemotes] No remotes found in the git config file
2025-12-27 09:04:23.335 [info] > git config --get commit.template [66ms]
2025-12-27 09:04:23.337 [info] > git for-each-ref --format=%(refname)%00%(upstream:short)%00%(objectname)%00%(upstream:track)%00%(upstream:remotename)%00%(upstream:remoteref) --ignore-case refs/heads/main refs/remotes/main [64ms]
2025-12-27 09:04:23.395 [info] > git for-each-ref --sort -committerdate --format %(refname)%00%(objectname)%00%(*objectname) [55ms]
2025-12-27 09:04:23.396 [info] > git status -z -uall [58ms]
2025-12-27 09:04:28.427 [info] [Git][getRemotes] No remotes found in the git config file
2025-12-27 09:04:28.516 [info] > git config --get commit.template [113ms]
2025-12-27 09:04:28.517 [info] > git for-each-ref --format=%(refname)%00%(upstream:short)%00%(objectname)%00%(upstream:track)%00%(upstream:remotename)%00%(upstream:remoteref) --ignore-case refs/heads/main refs/remotes/main [88ms]
2025-12-27 09:04:28.587 [info] > git for-each-ref --sort -committerdate --format %(refname)%00%(objectname)%00%(*objectname) [65ms]
2025-12-27 09:04:28.591 [info] > git status -z -uall [72ms]
2025-12-27 09:04:33.603 [info] [Git][getRemotes] No remotes found in the git config file
2025-12-27 09:04:33.654 [info] > git config --get commit.template [53ms]
2025-12-27 09:04:33.657 [info] > git for-each-ref --format=%(refname)%00%(upstream:short)%00%(objectname)%00%(upstream:track)%00%(upstream:remotename)%00%(upstream:remoteref) --ignore-case refs/heads/main refs/remotes/main [51ms]
2025-12-27 09:04:33.700 [info] > git for-each-ref --sort -committerdate --format %(refname)%00%(objectname)%00%(*objectname) [41ms]
2025-12-27 09:04:33.702 [info] > git status -z -uall [44ms]
2025-12-27 09:04:36.027 [info] > git fetch [100ms]
2025-12-27 09:04:36.031 [info] [Git][getRemotes] No remotes found in the git config file
2025-12-27 09:04:36.094 [info] > git config --get commit.template [64ms]
2025-12-27 09:04:36.098 [info] > git for-each-ref --format=%(refname)%00%(upstream:short)%00%(objectname)%00%(upstream:track)%00%(upstream:remotename)%00%(upstream:remoteref) --ignore-case refs/heads/main refs/remotes/main [66ms]
2025-12-27 09:04:36.163 [info] > git for-each-ref --sort -committerdate --format %(refname)%00%(objectname)%00%(*objectname) [62ms]
2025-12-27 09:04:36.166 [info] > git status -z -uall [67ms]
2025-12-27 09:04:38.721 [info] [Git][getRemotes] No remotes found in the git config file
2025-12-27 09:04:38.813 [info] > git for-each-ref --format=%(refname)%00%(upstream:short)%00%(objectname)%00%(upstream:track)%00%(upstream:remotename)%00%(upstream:remoteref) --ignore-case refs/heads/main refs/remotes/main [94ms]
2025-12-27 09:04:38.817 [info] > git config --get commit.template [107ms]
2025-12-27 09:04:38.900 [info] > git status -z -uall [80ms]
2025-12-27 09:04:38.902 [info] > git for-each-ref --sort -committerdate --format %(refname)%00%(objectname)%00%(*objectname) [80ms]
2025-12-27 09:04:43.912 [info] [Git][getRemotes] No remotes found in the git config file
2025-12-27 09:04:43.962 [info] > git config --get commit.template [53ms]
2025-12-27 09:04:43.965 [info] > git for-each-ref --format=%(refname)%00%(upstream:short)%00%(objectname)%00%(upstream:track)%00%(upstream:remotename)%00%(upstream:remoteref) --ignore-case refs/heads/main refs/remotes/main [53ms]
2025-12-27 09:04:44.036 [info] > git for-each-ref --sort -committerdate --format %(refname)%00%(objectname)%00%(*objectname) [65ms]
2025-12-27 09:04:44.038 [info] > git status -z -uall [70ms]
2025-12-27 09:04:49.056 [info] [Git][getRemotes] No remotes found in the git config file
2025-12-27 09:04:49.131 [info] > git config --get commit.template [78ms]
2025-12-27 09:04:49.137 [info] > git for-each-ref --format=%(refname)%00%(upstream:short)%00%(objectname)%00%(upstream:track)%00%(upstream:remotename)%00%(upstream:remoteref) --ignore-case refs/heads/main refs/remotes/main [81ms]
2025-12-27 09:04:49.202 [info] > git for-each-ref --sort -committerdate --format %(refname)%00%(objectname)%00%(*objectname) [61ms]
2025-12-27 09:04:49.208 [info] > git status -z -uall [70ms]
2025-12-27 09:04:54.216 [info] [Git][getRemotes] No remotes found in the git config file
2025-12-27 09:04:54.282 [info] > git config --get commit.template [67ms]
2025-12-27 09:04:54.292 [info] > git for-each-ref --format=%(refname)%00%(upstream:short)%00%(objectname)%00%(upstream:track)%00%(upstream:remotename)%00%(upstream:remoteref) --ignore-case refs/heads/main refs/remotes/main [74ms]
2025-12-27 09:04:54.366 [info] > git status -z -uall [73ms]
2025-12-27 09:04:54.370 [info] > git for-each-ref --sort -committerdate --format %(refname)%00%(objectname)%00%(*objectname) [74ms]
2025-12-27 09:04:59.383 [info] [Git][getRemotes] No remotes found in the git config file
2025-12-27 09:04:59.470 [info] > git config --get commit.template [89ms]
2025-12-27 09:04:59.475 [info] > git for-each-ref --format=%(refname)%00%(upstream:short)%00%(objectname)%00%(upstream:track)%00%(upstream:remotename)%00%(upstream:remoteref) --ignore-case refs/heads/main refs/remotes/main [92ms]
2025-12-27 09:04:59.539 [info] > git status -z -uall [63ms]
2025-12-27 09:04:59.544 [info] > git for-each-ref --sort -committerdate --format %(refname)%00%(objectname)%00%(*objectname) [66ms]
2025-12-27 09:05:04.557 [info] [Git][getRemotes] No remotes found in the git config file
2025-12-27 09:05:04.683 [info] > git config --get commit.template [130ms]
2025-12-27 09:05:04.696 [info] > git for-each-ref --format=%(refname)%00%(upstream:short)%00%(objectname)%00%(upstream:track)%00%(upstream:remotename)%00%(upstream:remoteref) --ignore-case refs/heads/main refs/remotes/main [141ms]
2025-12-27 09:05:04.786 [info] > git for-each-ref --sort -committerdate --format %(refname)%00%(objectname)%00%(*objectname) [86ms]
2025-12-27 09:05:04.789 [info] > git status -z -uall [92ms]
2025-12-27 09:05:09.808 [info] [Git][getRemotes] No remotes found in the git config file
2025-12-27 09:05:09.869 [info] > git config --get commit.template [64ms]
2025-12-27 09:05:09.871 [info] > git for-each-ref --format=%(refname)%00%(upstream:short)%00%(objectname)%00%(upstream:track)%00%(upstream:remotename)%00%(upstream:remoteref) --ignore-case refs/heads/main refs/remotes/main [61ms]
2025-12-27 09:05:09.933 [info] > git for-each-ref --sort -committerdate --format %(refname)%00%(objectname)%00%(*objectname) [58ms]
2025-12-27 09:05:09.933 [info] > git status -z -uall [61ms]
2025-12-27 09:05:18.730 [info] [Git][getRemotes] No remotes found in the git config file
2025-12-27 09:05:18.793 [info] > git config --get commit.template [63ms]
2025-12-27 09:05:18.796 [info] > git for-each-ref --format=%(refname)%00%(upstream:short)%00%(objectname)%00%(upstream:track)%00%(upstream:remotename)%00%(upstream:remoteref) --ignore-case refs/heads/main refs/remotes/main [64ms]
2025-12-27 09:05:18.842 [info] > git status -z -uall [45ms]
2025-12-27 09:05:18.844 [info] > git for-each-ref --sort -committerdate --format %(refname)%00%(objectname)%00%(*objectname) [46ms]
2025-12-27 09:05:23.859 [info] [Git][getRemotes] No remotes found in the git config file
2025-12-27 09:05:23.896 [info] > git config --get commit.template [39ms]
2025-12-27 09:05:23.898 [info] > git for-each-ref --format=%(refname)%00%(upstream:short)%00%(objectname)%00%(upstream:track)%00%(upstream:remotename)%00%(upstream:remoteref) --ignore-case refs/heads/main refs/remotes/main [40ms]
2025-12-27 09:05:23.940 [info] > git for-each-ref --sort -committerdate --format %(refname)%00%(objectname)%00%(*objectname) [38ms]
2025-12-27 09:05:23.942 [info] > git status -z -uall [42ms]
2025-12-27 09:05:36.164 [info] [Git][getRemotes] No remotes found in the git config file
2025-12-27 09:05:36.212 [info] > git config --get commit.template [51ms]
2025-12-27 09:05:36.217 [info] > git for-each-ref --format=%(refname)%00%(upstream:short)%00%(objectname)%00%(upstream:track)%00%(upstream:remotename)%00%(upstream:remoteref) --ignore-case refs/heads/main refs/remotes/main [54ms]
2025-12-27 09:05:36.302 [info] > git for-each-ref --sort -committerdate --format %(refname)%00%(objectname)%00%(*objectname) [83ms]
2025-12-27 09:05:36.312 [info] > git status -z -uall [94ms]
2025-12-27 09:05:55.921 [info] [Git][getRemotes] No remotes found in the git config file
2025-12-27 09:05:56.108 [info] > git config --get commit.template [190ms]
2025-12-27 09:05:56.126 [info] > git for-each-ref --format=%(refname)%00%(upstream:short)%00%(objectname)%00%(upstream:track)%00%(upstream:remotename)%00%(upstream:remoteref) --ignore-case refs/heads/main refs/remotes/main [205ms]
2025-12-27 09:05:56.259 [info] > git for-each-ref --sort -committerdate --format %(refname)%00%(objectname)%00%(*objectname) [128ms]
2025-12-27 09:05:56.284 [info] > git status -z -uall [155ms]
2025-12-27 09:06:01.295 [info] [Git][getRemotes] No remotes found in the git config file
2025-12-27 09:06:01.340 [info] > git config --get commit.template [46ms]
2025-12-27 09:06:01.343 [info] > git for-each-ref --format=%(refname)%00%(upstream:short)%00%(objectname)%00%(upstream:track)%00%(upstream:remotename)%00%(upstream:remoteref) --ignore-case refs/heads/main refs/remotes/main [47ms]
2025-12-27 09:06:01.389 [info] > git status -z -uall [45ms]
2025-12-27 09:06:01.393 [info] > git for-each-ref --sort -committerdate --format %(refname)%00%(objectname)%00%(*objectname) [47ms]
2025-12-27 09:06:06.402 [info] [Git][getRemotes] No remotes found in the git config file
2025-12-27 09:06:06.538 [info] > git config --get commit.template [136ms]
2025-12-27 09:06:06.543 [info] > git for-each-ref --format=%(refname)%00%(upstream:short)%00%(objectname)%00%(upstream:track)%00%(upstream:remotename)%00%(upstream:remoteref) --ignore-case refs/heads/main refs/remotes/main [139ms]
2025-12-27 09:06:06.607 [info] > git for-each-ref --sort -committerdate --format %(refname)%00%(objectname)%00%(*objectname) [59ms]
2025-12-27 09:06:06.610 [info] > git status -z -uall [65ms]
2025-12-27 09:06:11.621 [info] [Git][getRemotes] No remotes found in the git config file
2025-12-27 09:06:11.666 [info] > git config --get commit.template [46ms]
2025-12-27 09:06:11.670 [info] > git for-each-ref --format=%(refname)%00%(upstream:short)%00%(objectname)%00%(upstream:track)%00%(upstream:remotename)%00%(upstream:remoteref) --ignore-case refs/heads/main refs/remotes/main [48ms]
2025-12-27 09:06:11.727 [info] > git for-each-ref --sort -committerdate --format %(refname)%00%(objectname)%00%(*objectname) [52ms]
2025-12-27 09:06:11.729 [info] > git status -z -uall [58ms]
2025-12-27 09:06:16.742 [info] [Git][getRemotes] No remotes found in the git config file
2025-12-27 09:06:16.788 [info] > git config --get commit.template [49ms]
2025-12-27 09:06:16.794 [info] > git for-each-ref --format=%(refname)%00%(upstream:short)%00%(objectname)%00%(upstream:track)%00%(upstream:remotename)%00%(upstream:remoteref) --ignore-case refs/heads/main refs/remotes/main [53ms]
2025-12-27 09:06:16.844 [info] > git for-each-ref --sort -committerdate --format %(refname)%00%(objectname)%00%(*objectname) [47ms]
2025-12-27 09:06:16.845 [info] > git status -z -uall [50ms]
2025-12-27 09:06:21.855 [info] [Git][getRemotes] No remotes found in the git config file
2025-12-27 09:06:21.929 [info] > git config --get commit.template [77ms]
2025-12-27 09:06:21.932 [info] > git for-each-ref --format=%(refname)%00%(upstream:short)%00%(objectname)%00%(upstream:track)%00%(upstream:remotename)%00%(upstream:remoteref) --ignore-case refs/heads/main refs/remotes/main [77ms]
2025-12-27 09:06:22.001 [info] > git for-each-ref --sort -committerdate --format %(refname)%00%(objectname)%00%(*objectname) [66ms]
2025-12-27 09:06:22.005 [info] > git status -z -uall [72ms]
2025-12-27 09:06:27.021 [info] [Git][getRemotes] No remotes found in the git config file
2025-12-27 09:06:27.064 [info] > git config --get commit.template [44ms]
2025-12-27 09:06:27.066 [info] > git for-each-ref --format=%(refname)%00%(upstream:short)%00%(objectname)%00%(upstream:track)%00%(upstream:remotename)%00%(upstream:remoteref) --ignore-case refs/heads/main refs/remotes/main [45ms]
2025-12-27 09:06:27.109 [info] > git for-each-ref --sort -committerdate --format %(refname)%00%(objectname)%00%(*objectname) [40ms]
2025-12-27 09:06:27.109 [info] > git status -z -uall [41ms]
2025-12-27 09:06:32.119 [info] [Git][getRemotes] No remotes found in the git config file
2025-12-27 09:06:32.159 [info] > git config --get commit.template [41ms]
2025-12-27 09:06:32.162 [info] > git for-each-ref --format=%(refname)%00%(upstream:short)%00%(objectname)%00%(upstream:track)%00%(upstream:remotename)%00%(upstream:remoteref) --ignore-case refs/heads/main refs/remotes/main [41ms]
2025-12-27 09:06:32.206 [info] > git for-each-ref --sort -committerdate --format %(refname)%00%(objectname)%00%(*objectname) [41ms]
2025-12-27 09:06:32.208 [info] > git status -z -uall [45ms]
2025-12-27 09:06:37.218 [info] [Git][getRemotes] No remotes found in the git config file
2025-12-27 09:06:37.284 [info] > git config --get commit.template [67ms]
2025-12-27 09:06:37.287 [info] > git for-each-ref --format=%(refname)%00%(upstream:short)%00%(objectname)%00%(upstream:track)%00%(upstream:remotename)%00%(upstream:remoteref) --ignore-case refs/heads/main refs/remotes/main [68ms]
2025-12-27 09:06:37.358 [info] > git for-each-ref --sort -committerdate --format %(refname)%00%(objectname)%00%(*objectname) [68ms]
2025-12-27 09:06:37.361 [info] > git status -z -uall [72ms]
2025-12-27 09:06:42.369 [info] [Git][getRemotes] No remotes found in the git config file
2025-12-27 09:06:42.413 [info] > git config --get commit.template [45ms]
2025-12-27 09:06:42.415 [info] > git for-each-ref --format=%(refname)%00%(upstream:short)%00%(objectname)%00%(upstream:track)%00%(upstream:remotename)%00%(upstream:remoteref) --ignore-case refs/heads/main refs/remotes/main [45ms]
2025-12-27 09:06:42.495 [info] > git status -z -uall [79ms]
2025-12-27 09:06:42.495 [info] > git for-each-ref --sort -committerdate --format %(refname)%00%(objectname)%00%(*objectname) [77ms]
2025-12-27 09:06:47.510 [info] [Git][getRemotes] No remotes found in the git config file
2025-12-27 09:06:47.591 [info] > git for-each-ref --format=%(refname)%00%(upstream:short)%00%(objectname)%00%(upstream:track)%00%(upstream:remotename)%00%(upstream:remoteref) --ignore-case refs/heads/main refs/remotes/main [81ms]
2025-12-27 09:06:47.595 [info] > git config --get commit.template [88ms]
2025-12-27 09:06:47.720 [info] > git status -z -uall [122ms]
2025-12-27 09:06:47.721 [info] > git for-each-ref --sort -committerdate --format %(refname)%00%(objectname)%00%(*objectname) [120ms]
2025-12-27 09:07:09.934 [info] [Git][getRemotes] No remotes found in the git config file
2025-12-27 09:07:10.033 [info] > git config --get commit.template [107ms]
2025-12-27 09:07:10.060 [info] > git for-each-ref --format=%(refname)%00%(upstream:short)%00%(objectname)%00%(upstream:track)%00%(upstream:remotename)%00%(upstream:remoteref) --ignore-case refs/heads/main refs/remotes/main [115ms]
2025-12-27 09:07:10.161 [info] > git status -z -uall [96ms]
2025-12-27 09:07:10.162 [info] > git for-each-ref --sort -committerdate --format %(refname)%00%(objectname)%00%(*objectname) [87ms]
2025-12-27 09:07:15.426 [info] [Git][getRemotes] No remotes found in the git config file
2025-12-27 09:07:15.493 [info] > git config --get commit.template [74ms]
2025-12-27 09:07:15.500 [info] > git for-each-ref --format=%(refname)%00%(upstream:short)%00%(objectname)%00%(upstream:track)%00%(upstream:remotename)%00%(upstream:remoteref) --ignore-case refs/heads/main refs/remotes/main [72ms]
2025-12-27 09:07:15.583 [info] > git for-each-ref --sort -committerdate --format %(refname)%00%(objectname)%00%(*objectname) [78ms]
2025-12-27 09:07:15.587 [info] > git status -z -uall [85ms]
2025-12-27 09:07:21.705 [info] [Git][getRemotes] No remotes found in the git config file
2025-12-27 09:07:21.753 [info] > git config --get commit.template [50ms]
2025-12-27 09:07:21.756 [info] > git for-each-ref --format=%(refname)%00%(upstream:short)%00%(objectname)%00%(upstream:track)%00%(upstream:remotename)%00%(upstream:remoteref) --ignore-case refs/heads/main refs/remotes/main [51ms]
2025-12-27 09:07:21.865 [info] > git status -z -uall [107ms]
2025-12-27 09:07:21.873 [info] > git for-each-ref --sort -committerdate --format %(refname)%00%(objectname)%00%(*objectname) [113ms]
2025-12-27 09:07:26.887 [info] [Git][getRemotes] No remotes found in the git config file
2025-12-27 09:07:26.945 [info] > git for-each-ref --format=%(refname)%00%(upstream:short)%00%(objectname)%00%(upstream:track)%00%(upstream:remotename)%00%(upstream:remoteref) --ignore-case refs/heads/main refs/remotes/main [60ms]
2025-12-27 09:07:26.948 [info] > git config --get commit.template [66ms]
2025-12-27 09:07:27.023 [info] > git status -z -uall [73ms]
2025-12-27 09:07:27.039 [info] > git for-each-ref --sort -committerdate --format %(refname)%00%(objectname)%00%(*objectname) [86ms]
2025-12-27 09:07:32.051 [info] [Git][getRemotes] No remotes found in the git config file
2025-12-27 09:07:32.105 [info] > git config --get commit.template [55ms]
2025-12-27 09:07:32.107 [info] > git for-each-ref --format=%(refname)%00%(upstream:short)%00%(objectname)%00%(upstream:track)%00%(upstream:remotename)%00%(upstream:remoteref) --ignore-case refs/heads/main refs/remotes/main [55ms]
2025-12-27 09:07:32.173 [info] > git for-each-ref --sort -committerdate --format %(refname)%00%(objectname)%00%(*objectname) [59ms]
2025-12-27 09:07:32.179 [info] > git status -z -uall [70ms]
2025-12-27 09:07:36.245 [info] > git fetch [65ms]
2025-12-27 09:07:36.248 [info] [Git][getRemotes] No remotes found in the git config file
2025-12-27 09:07:36.294 [info] > git config --get commit.template [47ms]
2025-12-27 09:07:36.297 [info] > git for-each-ref --format=%(refname)%00%(upstream:short)%00%(objectname)%00%(upstream:track)%00%(upstream:remotename)%00%(upstream:remoteref) --ignore-case refs/heads/main refs/remotes/main [48ms]
2025-12-27 09:07:36.348 [info] > git for-each-ref --sort -committerdate --format %(refname)%00%(objectname)%00%(*objectname) [49ms]
2025-12-27 09:07:36.349 [info] > git status -z -uall [51ms]
2025-12-27 09:07:37.192 [info] [Git][getRemotes] No remotes found in the git config file
2025-12-27 09:07:37.265 [info] > git config --get commit.template [76ms]
2025-12-27 09:07:37.272 [info] > git for-each-ref --format=%(refname)%00%(upstream:short)%00%(objectname)%00%(upstream:track)%00%(upstream:remotename)%00%(upstream:remoteref) --ignore-case refs/heads/main refs/remotes/main [81ms]
2025-12-27 09:07:37.345 [info] > git for-each-ref --sort -committerdate --format %(refname)%00%(objectname)%00%(*objectname) [68ms]
2025-12-27 09:07:37.356 [info] > git status -z -uall [82ms]
2025-12-27 09:07:42.377 [info] [Git][getRemotes] No remotes found in the git config file
2025-12-27 09:07:42.449 [info] > git config --get commit.template [78ms]
2025-12-27 09:07:42.451 [info] > git for-each-ref --format=%(refname)%00%(upstream:short)%00%(objectname)%00%(upstream:track)%00%(upstream:remotename)%00%(upstream:remoteref) --ignore-case refs/heads/main refs/remotes/main [72ms]
2025-12-27 09:07:42.518 [info] > git for-each-ref --sort -committerdate --format %(refname)%00%(objectname)%00%(*objectname) [64ms]
2025-12-27 09:07:42.528 [info] > git status -z -uall [75ms]
2025-12-27 09:07:47.542 [info] [Git][getRemotes] No remotes found in the git config file
2025-12-27 09:07:47.601 [info] > git config --get commit.template [59ms]
2025-12-27 09:07:47.604 [info] > git for-each-ref --format=%(refname)%00%(upstream:short)%00%(objectname)%00%(upstream:track)%00%(upstream:remotename)%00%(upstream:remoteref) --ignore-case refs/heads/main refs/remotes/main [59ms]
2025-12-27 09:07:47.645 [info] > git for-each-ref --sort -committerdate --format %(refname)%00%(objectname)%00%(*objectname) [38ms]
2025-12-27 09:07:47.646 [info] > git status -z -uall [40ms]
2025-12-27 09:07:52.658 [info] [Git][getRemotes] No remotes found in the git config file
2025-12-27 09:07:52.705 [info] > git config --get commit.template [49ms]
2025-12-27 09:07:52.713 [info] > git for-each-ref --format=%(refname)%00%(upstream:short)%00%(objectname)%00%(upstream:track)%00%(upstream:remotename)%00%(upstream:remoteref) --ignore-case refs/heads/main refs/remotes/main [55ms]
2025-12-27 09:07:52.793 [info] > git for-each-ref --sort -committerdate --format %(refname)%00%(objectname)%00%(*objectname) [77ms]
2025-12-27 09:07:52.796 [info] > git status -z -uall [82ms]
2025-12-27 09:07:57.810 [info] [Git][getRemotes] No remotes found in the git config file
2025-12-27 09:07:57.853 [info] > git config --get commit.template [46ms]
2025-12-27 09:07:57.855 [info] > git for-each-ref --format=%(refname)%00%(upstream:short)%00%(objectname)%00%(upstream:track)%00%(upstream:remotename)%00%(upstream:remoteref) --ignore-case refs/heads/main refs/remotes/main [45ms]
2025-12-27 09:07:57.933 [info] > git for-each-ref --sort -committerdate --format %(refname)%00%(objectname)%00%(*objectname) [75ms]
2025-12-27 09:07:57.940 [info] > git status -z -uall [83ms]
2025-12-27 09:08:02.950 [info] [Git][getRemotes] No remotes found in the git config file
2025-12-27 09:08:03.026 [info] > git config --get commit.template [78ms]
2025-12-27 09:08:03.033 [info] > git for-each-ref --format=%(refname)%00%(upstream:short)%00%(objectname)%00%(upstream:track)%00%(upstream:remotename)%00%(upstream:remoteref) --ignore-case refs/heads/main refs/remotes/main [81ms]
2025-12-27 09:08:03.101 [info] > git status -z -uall [66ms]
2025-12-27 09:08:03.107 [info] > git for-each-ref --sort -committerdate --format %(refname)%00%(objectname)%00%(*objectname) [69ms]
2025-12-27 09:08:08.113 [info] [Git][getRemotes] No remotes found in the git config file
2025-12-27 09:08:08.165 [info] > git config --get commit.template [52ms]
2025-12-27 09:08:08.178 [info] > git for-each-ref --format=%(refname)%00%(upstream:short)%00%(objectname)%00%(upstream:track)%00%(upstream:remotename)%00%(upstream:remoteref) --ignore-case refs/heads/main refs/remotes/main [63ms]
2025-12-27 09:08:08.226 [info] > git for-each-ref --sort -committerdate --format %(refname)%00%(objectname)%00%(*objectname) [45ms]
2025-12-27 09:08:08.228 [info] > git status -z -uall [49ms]
2025-12-27 09:08:13.237 [info] [Git][getRemotes] No remotes found in the git config file
2025-12-27 09:08:13.295 [info] > git config --get commit.template [60ms]
2025-12-27 09:08:13.312 [info] > git for-each-ref --format=%(refname)%00%(upstream:short)%00%(objectname)%00%(upstream:track)%00%(upstream:remotename)%00%(upstream:remoteref) --ignore-case refs/heads/main refs/remotes/main [56ms]
2025-12-27 09:08:13.355 [info] > git for-each-ref --sort -committerdate --format %(refname)%00%(objectname)%00%(*objectname) [40ms]
2025-12-27 09:08:13.357 [info] > git status -z -uall [43ms]
2025-12-27 09:08:18.369 [info] [Git][getRemotes] No remotes found in the git config file
2025-12-27 09:08:18.415 [info] > git config --get commit.template [46ms]
2025-12-27 09:08:18.417 [info] > git for-each-ref --format=%(refname)%00%(upstream:short)%00%(objectname)%00%(upstream:track)%00%(upstream:remotename)%00%(upstream:remoteref) --ignore-case refs/heads/main refs/remotes/main [46ms]
2025-12-27 09:08:18.462 [info] > git for-each-ref --sort -committerdate --format %(refname)%00%(objectname)%00%(*objectname) [43ms]
2025-12-27 09:08:18.465 [info] > git status -z -uall [47ms]
2025-12-27 09:08:25.280 [info] [Git][getRemotes] No remotes found in the git config file
2025-12-27 09:08:25.330 [info] > git config --get commit.template [60ms]
2025-12-27 09:08:25.335 [info] > git for-each-ref --format=%(refname)%00%(upstream:short)%00%(objectname)%00%(upstream:track)%00%(upstream:remotename)%00%(upstream:remoteref) --ignore-case refs/heads/main refs/remotes/main [55ms]
2025-12-27 09:08:25.403 [info] > git status -z -uall [67ms]
2025-12-27 09:08:25.404 [info] > git for-each-ref --sort -committerdate --format %(refname)%00%(objectname)%00%(*objectname) [65ms]
2025-12-27 09:08:30.418 [info] [Git][getRemotes] No remotes found in the git config file
2025-12-27 09:08:30.458 [info] > git config --get commit.template [41ms]
2025-12-27 09:08:30.462 [info] > git for-each-ref --format=%(refname)%00%(upstream:short)%00%(objectname)%00%(upstream:track)%00%(upstream:remotename)%00%(upstream:remoteref) --ignore-case refs/heads/main refs/remotes/main [42ms]
2025-12-27 09:08:30.503 [info] > git for-each-ref --sort -committerdate --format %(refname)%00%(objectname)%00%(*objectname) [39ms]
2025-12-27 09:08:30.505 [info] > git status -z -uall [42ms]
2025-12-27 09:08:38.244 [info] [Git][getRemotes] No remotes found in the git config file
2025-12-27 09:08:38.303 [info] > git config --get commit.template [61ms]
2025-12-27 09:08:38.349 [info] > git for-each-ref --format=%(refname)%00%(upstream:short)%00%(objectname)%00%(upstream:track)%00%(upstream:remotename)%00%(upstream:remoteref) --ignore-case refs/heads/main refs/remotes/main [103ms]
2025-12-27 09:08:38.427 [info] > git status -z -uall [73ms]
2025-12-27 09:08:38.452 [info] > git for-each-ref --sort -committerdate --format %(refname)%00%(objectname)%00%(*objectname) [97ms]
2025-12-27 09:08:43.462 [info] [Git][getRemotes] No remotes found in the git config file
2025-12-27 09:08:43.512 [info] > git config --get commit.template [54ms]
2025-12-27 09:08:43.515 [info] > git for-each-ref --format=%(refname)%00%(upstream:short)%00%(objectname)%00%(upstream:track)%00%(upstream:remotename)%00%(upstream:remoteref) --ignore-case refs/heads/main refs/remotes/main [52ms]
2025-12-27 09:08:43.568 [info] > git for-each-ref --sort -committerdate --format %(refname)%00%(objectname)%00%(*objectname) [49ms]
2025-12-27 09:08:43.571 [info] > git status -z -uall [54ms]
2025-12-27 09:08:48.581 [info] [Git][getRemotes] No remotes found in the git config file
2025-12-27 09:08:48.647 [info] > git config --get commit.template [66ms]
2025-12-27 09:08:48.647 [info] > git for-each-ref --format=%(refname)%00%(upstream:short)%00%(objectname)%00%(upstream:track)%00%(upstream:remotename)%00%(upstream:remoteref) --ignore-case refs/heads/main refs/remotes/main [64ms]
2025-12-27 09:08:48.711 [info] > git for-each-ref --sort -committerdate --format %(refname)%00%(objectname)%00%(*objectname) [59ms]
2025-12-27 09:08:48.717 [info] > git status -z -uall [68ms]
2025-12-27 09:08:53.730 [info] [Git][getRemotes] No remotes found in the git config file
2025-12-27 09:08:53.773 [info] > git config --get commit.template [48ms]
2025-12-27 09:08:53.776 [info] > git for-each-ref --format=%(refname)%00%(upstream:short)%00%(objectname)%00%(upstream:track)%00%(upstream:remotename)%00%(upstream:remoteref) --ignore-case refs/heads/main refs/remotes/main [44ms]
2025-12-27 09:08:53.830 [info] > git for-each-ref --sort -committerdate --format %(refname)%00%(objectname)%00%(*objectname) [49ms]
2025-12-27 09:08:53.833 [info] > git status -z -uall [53ms]
2025-12-27 09:08:59.485 [info] [Git][getRemotes] No remotes found in the git config file
2025-12-27 09:08:59.556 [info] > git config --get commit.template [73ms]
2025-12-27 09:08:59.556 [info] > git for-each-ref --format=%(refname)%00%(upstream:short)%00%(objectname)%00%(upstream:track)%00%(upstream:remotename)%00%(upstream:remoteref) --ignore-case refs/heads/main refs/remotes/main [71ms]
2025-12-27 09:08:59.621 [info] > git status -z -uall [62ms]
2025-12-27 09:08:59.622 [info] > git for-each-ref --sort -committerdate --format %(refname)%00%(objectname)%00%(*objectname) [59ms]
2025-12-27 09:09:04.637 [info] [Git][getRemotes] No remotes found in the git config file
2025-12-27 09:09:04.683 [info] > git config --get commit.template [48ms]
2025-12-27 09:09:04.686 [info] > git for-each-ref --format=%(refname)%00%(upstream:short)%00%(objectname)%00%(upstream:track)%00%(upstream:remotename)%00%(upstream:remoteref) --ignore-case refs/heads/main refs/remotes/main [47ms]
2025-12-27 09:09:04.736 [info] > git status -z -uall [49ms]
2025-12-27 09:09:04.737 [info] > git for-each-ref --sort -committerdate --format %(refname)%00%(objectname)%00%(*objectname) [49ms]
2025-12-27 09:09:09.750 [info] [Git][getRemotes] No remotes found in the git config file
2025-12-27 09:09:09.866 [info] > git config --get commit.template [120ms]
2025-12-27 09:09:09.872 [info] > git for-each-ref --format=%(refname)%00%(upstream:short)%00%(objectname)%00%(upstream:track)%00%(upstream:remotename)%00%(upstream:remoteref) --ignore-case refs/heads/main refs/remotes/main [122ms]
2025-12-27 09:09:09.952 [info] > git status -z -uall [77ms]
2025-12-27 09:09:09.953 [info] > git for-each-ref --sort -committerdate --format %(refname)%00%(objectname)%00%(*objectname) [74ms]
2025-12-27 09:09:14.967 [info] [Git][getRemotes] No remotes found in the git config file
2025-12-27 09:09:15.008 [info] > git config --get commit.template [43ms]
2025-12-27 09:09:15.010 [info] > git for-each-ref --format=%(refname)%00%(upstream:short)%00%(objectname)%00%(upstream:track)%00%(upstream:remotename)%00%(upstream:remoteref) --ignore-case refs/heads/main refs/remotes/main [43ms]
2025-12-27 09:09:15.054 [info] > git for-each-ref --sort -committerdate --format %(refname)%00%(objectname)%00%(*objectname) [38ms]
2025-12-27 09:09:15.055 [info] > git status -z -uall [43ms]
2025-12-27 09:09:20.066 [info] [Git][getRemotes] No remotes found in the git config file
2025-12-27 09:09:20.109 [info] > git config --get commit.template [46ms]
2025-12-27 09:09:20.110 [info] > git for-each-ref --format=%(refname)%00%(upstream:short)%00%(objectname)%00%(upstream:track)%00%(upstream:remotename)%00%(upstream:remoteref) --ignore-case refs/heads/main refs/remotes/main [44ms]
2025-12-27 09:09:20.151 [info] > git for-each-ref --sort -committerdate --format %(refname)%00%(objectname)%00%(*objectname) [39ms]
2025-12-27 09:09:20.152 [info] > git status -z -uall [41ms]
2025-12-27 09:09:27.704 [info] [Git][getRemotes] No remotes found in the git config file
2025-12-27 09:09:27.760 [info] > git config --get commit.template [59ms]
2025-12-27 09:09:27.767 [info] > git for-each-ref --format=%(refname)%00%(upstream:short)%00%(objectname)%00%(upstream:track)%00%(upstream:remotename)%00%(upstream:remoteref) --ignore-case refs/heads/main refs/remotes/main [60ms]
2025-12-27 09:09:27.864 [info] > git for-each-ref --sort -committerdate --format %(refname)%00%(objectname)%00%(*objectname) [91ms]
2025-12-27 09:09:27.867 [info] > git status -z -uall [98ms]
2025-12-27 09:09:32.882 [info] [Git][getRemotes] No remotes found in the git config file
2025-12-27 09:09:32.935 [info] > git config --get commit.template [60ms]
2025-12-27 09:09:32.937 [info] > git for-each-ref --format=%(refname)%00%(upstream:short)%00%(objectname)%00%(upstream:track)%00%(upstream:remotename)%00%(upstream:remoteref) --ignore-case refs/heads/main refs/remotes/main [55ms]
2025-12-27 09:09:33.008 [info] > git for-each-ref --sort -committerdate --format %(refname)%00%(objectname)%00%(*objectname) [68ms]
2025-12-27 09:09:33.017 [info] > git status -z -uall [79ms]
2025-12-27 09:09:38.027 [info] [Git][getRemotes] No remotes found in the git config file
2025-12-27 09:09:38.065 [info] > git config --get commit.template [40ms]
2025-12-27 09:09:38.068 [info] > git for-each-ref --format=%(refname)%00%(upstream:short)%00%(objectname)%00%(upstream:track)%00%(upstream:remotename)%00%(upstream:remoteref) --ignore-case refs/heads/main refs/remotes/main [41ms]
2025-12-27 09:09:38.106 [info] > git for-each-ref --sort -committerdate --format %(refname)%00%(objectname)%00%(*objectname) [36ms]
2025-12-27 09:09:38.107 [info] > git status -z -uall [38ms]
2025-12-27 09:09:43.116 [info] [Git][getRemotes] No remotes found in the git config file
2025-12-27 09:09:43.159 [info] > git config --get commit.template [43ms]
2025-12-27 09:09:43.166 [info] > git for-each-ref --format=%(refname)%00%(upstream:short)%00%(objectname)%00%(upstream:track)%00%(upstream:remotename)%00%(upstream:remoteref) --ignore-case refs/heads/main refs/remotes/main [49ms]
2025-12-27 09:09:43.215 [info] > git for-each-ref --sort -committerdate --format %(refname)%00%(objectname)%00%(*objectname) [47ms]
2025-12-27 09:09:43.218 [info] > git status -z -uall [51ms]
2025-12-27 09:10:01.582 [info] [Git][getRemotes] No remotes found in the git config file
2025-12-27 09:10:01.622 [info] > git config --get commit.template [41ms]
2025-12-27 09:10:01.629 [info] > git for-each-ref --format=%(refname)%00%(upstream:short)%00%(objectname)%00%(upstream:track)%00%(upstream:remotename)%00%(upstream:remoteref) --ignore-case refs/heads/main refs/remotes/main [45ms]
2025-12-27 09:10:01.670 [info] > git for-each-ref --sort -committerdate --format %(refname)%00%(objectname)%00%(*objectname) [38ms]
2025-12-27 09:10:01.676 [info] > git status -z -uall [46ms]
2025-12-27 09:10:06.698 [info] [Git][getRemotes] No remotes found in the git config file
2025-12-27 09:10:06.747 [info] > git config --get commit.template [52ms]
2025-12-27 09:10:06.749 [info] > git for-each-ref --format=%(refname)%00%(upstream:short)%00%(objectname)%00%(upstream:track)%00%(upstream:remotename)%00%(upstream:remoteref) --ignore-case refs/heads/main refs/remotes/main [50ms]
2025-12-27 09:10:06.793 [info] > git for-each-ref --sort -committerdate --format %(refname)%00%(objectname)%00%(*objectname) [41ms]
2025-12-27 09:10:06.794 [info] > git status -z -uall [43ms]
2025-12-27 09:10:12.535 [info] [Git][getRemotes] No remotes found in the git config file
2025-12-27 09:10:12.605 [info] > git config --get commit.template [74ms]
2025-12-27 09:10:12.607 [info] > git for-each-ref --format=%(refname)%00%(upstream:short)%00%(objectname)%00%(upstream:track)%00%(upstream:remotename)%00%(upstream:remoteref) --ignore-case refs/heads/main refs/remotes/main [73ms]
2025-12-27 09:10:12.664 [info] > git for-each-ref --sort -committerdate --format %(refname)%00%(objectname)%00%(*objectname) [53ms]
2025-12-27 09:10:12.666 [info] > git status -z -uall [58ms]
2025-12-27 09:10:17.675 [info] [Git][getRemotes] No remotes found in the git config file
2025-12-27 09:10:17.732 [info] > git config --get commit.template [59ms]
2025-12-27 09:10:17.735 [info] > git for-each-ref --format=%(refname)%00%(upstream:short)%00%(objectname)%00%(upstream:track)%00%(upstream:remotename)%00%(upstream:remoteref) --ignore-case refs/heads/main refs/remotes/main [60ms]
2025-12-27 09:10:17.791 [info] > git for-each-ref --sort -committerdate --format %(refname)%00%(objectname)%00%(*objectname) [53ms]
2025-12-27 09:10:17.793 [info] > git status -z -uall [57ms]
2025-12-27 09:10:22.808 [info] [Git][getRemotes] No remotes found in the git config file
2025-12-27 09:10:22.853 [info] > git config --get commit.template [47ms]
2025-12-27 09:10:22.855 [info] > git for-each-ref --format=%(refname)%00%(upstream:short)%00%(objectname)%00%(upstream:track)%00%(upstream:remotename)%00%(upstream:remoteref) --ignore-case refs/heads/main refs/remotes/main [48ms]
2025-12-27 09:10:22.908 [info] > git for-each-ref --sort -committerdate --format %(refname)%00%(objectname)%00%(*objectname) [50ms]
2025-12-27 09:10:22.911 [info] > git status -z -uall [54ms]
2025-12-27 09:10:27.920 [info] [Git][getRemotes] No remotes found in the git config file
2025-12-27 09:10:27.981 [info] > git for-each-ref --format=%(refname)%00%(upstream:short)%00%(objectname)%00%(upstream:track)%00%(upstream:remotename)%00%(upstream:remoteref) --ignore-case refs/heads/main refs/remotes/main [61ms]
2025-12-27 09:10:27.988 [info] > git config --get commit.template [71ms]
2025-12-27 09:10:28.073 [info] > git for-each-ref --sort -committerdate --format %(refname)%00%(objectname)%00%(*objectname) [81ms]
2025-12-27 09:10:28.077 [info] > git status -z -uall [87ms]
2025-12-27 09:10:33.086 [info] [Git][getRemotes] No remotes found in the git config file
2025-12-27 09:10:33.139 [info] > git config --get commit.template [55ms]
2025-12-27 09:10:33.143 [info] > git for-each-ref --format=%(refname)%00%(upstream:short)%00%(objectname)%00%(upstream:track)%00%(upstream:remotename)%00%(upstream:remoteref) --ignore-case refs/heads/main refs/remotes/main [57ms]
2025-12-27 09:10:33.205 [info] > git for-each-ref --sort -committerdate --format %(refname)%00%(objectname)%00%(*objectname) [56ms]
2025-12-27 09:10:33.207 [info] > git status -z -uall [60ms]
2025-12-27 09:10:36.472 [info] > git fetch [102ms]
2025-12-27 09:10:36.476 [info] [Git][getRemotes] No remotes found in the git config file
2025-12-27 09:10:36.540 [info] > git config --get commit.template [65ms]
2025-12-27 09:10:36.542 [info] > git for-each-ref --format=%(refname)%00%(upstream:short)%00%(objectname)%00%(upstream:track)%00%(upstream:remotename)%00%(upstream:remoteref) --ignore-case refs/heads/main refs/remotes/main [63ms]
2025-12-27 09:10:36.734 [info] > git status -z -uall [190ms]
2025-12-27 09:10:36.739 [info] > git for-each-ref --sort -committerdate --format %(refname)%00%(objectname)%00%(*objectname) [192ms]
2025-12-27 09:10:38.217 [info] [Git][getRemotes] No remotes found in the git config file
2025-12-27 09:10:38.263 [info] > git config --get commit.template [46ms]
2025-12-27 09:10:38.266 [info] > git for-each-ref --format=%(refname)%00%(upstream:short)%00%(objectname)%00%(upstream:track)%00%(upstream:remotename)%00%(upstream:remoteref) --ignore-case refs/heads/main refs/remotes/main [48ms]
2025-12-27 09:10:38.316 [info] > git for-each-ref --sort -committerdate --format %(refname)%00%(objectname)%00%(*objectname) [47ms]
2025-12-27 09:10:38.319 [info] > git status -z -uall [52ms]
2025-12-27 09:10:43.327 [info] [Git][getRemotes] No remotes found in the git config file
2025-12-27 09:10:43.383 [info] > git config --get commit.template [59ms]
2025-12-27 09:10:43.386 [info] > git for-each-ref --format=%(refname)%00%(upstream:short)%00%(objectname)%00%(upstream:track)%00%(upstream:remotename)%00%(upstream:remoteref) --ignore-case refs/heads/main refs/remotes/main [59ms]
2025-12-27 09:10:43.442 [info] > git for-each-ref --sort -committerdate --format %(refname)%00%(objectname)%00%(*objectname) [54ms]
2025-12-27 09:10:43.447 [info] > git status -z -uall [60ms]
2025-12-27 09:10:48.455 [info] [Git][getRemotes] No remotes found in the git config file
2025-12-27 09:10:48.496 [info] > git config --get commit.template [43ms]
2025-12-27 09:10:48.501 [info] > git for-each-ref --format=%(refname)%00%(upstream:short)%00%(objectname)%00%(upstream:track)%00%(upstream:remotename)%00%(upstream:remoteref) --ignore-case refs/heads/main refs/remotes/main [46ms]
2025-12-27 09:10:48.552 [info] > git for-each-ref --sort -committerdate --format %(refname)%00%(objectname)%00%(*objectname) [47ms]
2025-12-27 09:10:48.554 [info] > git status -z -uall [51ms]
2025-12-27 09:10:53.567 [info] [Git][getRemotes] No remotes found in the git config file
2025-12-27 09:10:53.633 [info] > git config --get commit.template [69ms]
2025-12-27 09:10:53.636 [info] > git for-each-ref --format=%(refname)%00%(upstream:short)%00%(objectname)%00%(upstream:track)%00%(upstream:remotename)%00%(upstream:remoteref) --ignore-case refs/heads/main refs/remotes/main [69ms]
2025-12-27 09:10:53.703 [info] > git status -z -uall [64ms]
2025-12-27 09:10:53.705 [info] > git for-each-ref --sort -committerdate --format %(refname)%00%(objectname)%00%(*objectname) [64ms]
2025-12-27 09:10:58.725 [info] [Git][getRemotes] No remotes found in the git config file
2025-12-27 09:10:58.860 [info] > git config --get commit.template [138ms]
2025-12-27 09:10:58.876 [info] > git for-each-ref --format=%(refname)%00%(upstream:short)%00%(objectname)%00%(upstream:track)%00%(upstream:remotename)%00%(upstream:remoteref) --ignore-case refs/heads/main refs/remotes/main [150ms]
2025-12-27 09:10:58.964 [info] > git for-each-ref --sort -committerdate --format %(refname)%00%(objectname)%00%(*objectname) [79ms]
2025-12-27 09:10:58.968 [info] > git status -z -uall [86ms]
2025-12-27 09:11:03.983 [info] [Git][getRemotes] No remotes found in the git config file
2025-12-27 09:11:04.036 [info] > git config --get commit.template [58ms]
2025-12-27 09:11:04.038 [info] > git for-each-ref --format=%(refname)%00%(upstream:short)%00%(objectname)%00%(upstream:track)%00%(upstream:remotename)%00%(upstream:remoteref) --ignore-case refs/heads/main refs/remotes/main [54ms]
2025-12-27 09:11:04.091 [info] > git for-each-ref --sort -committerdate --format %(refname)%00%(objectname)%00%(*objectname) [51ms]
2025-12-27 09:11:04.094 [info] > git status -z -uall [55ms]
2025-12-27 09:11:09.106 [info] [Git][getRemotes] No remotes found in the git config file
2025-12-27 09:11:09.144 [info] > git config --get commit.template [40ms]
2025-12-27 09:11:09.147 [info] > git for-each-ref --format=%(refname)%00%(upstream:short)%00%(objectname)%00%(upstream:track)%00%(upstream:remotename)%00%(upstream:remoteref) --ignore-case refs/heads/main refs/remotes/main [41ms]
2025-12-27 09:11:09.199 [info] > git for-each-ref --sort -committerdate --format %(refname)%00%(objectname)%00%(*objectname) [49ms]
2025-12-27 09:11:09.201 [info] > git status -z -uall [52ms]
2025-12-27 09:11:11.188 [info] > git rev-parse --show-toplevel [168ms]
2025-12-27 09:11:14.209 [info] [Git][getRemotes] No remotes found in the git config file
2025-12-27 09:11:14.299 [info] > git for-each-ref --format=%(refname)%00%(upstream:short)%00%(objectname)%00%(upstream:track)%00%(upstream:remotename)%00%(upstream:remoteref) --ignore-case refs/heads/main refs/remotes/main [87ms]
2025-12-27 09:11:14.313 [info] > git config --get commit.template [105ms]
2025-12-27 09:11:14.382 [info] > git status -z -uall [67ms]
2025-12-27 09:11:14.387 [info] > git for-each-ref --sort -committerdate --format %(refname)%00%(objectname)%00%(*objectname) [69ms]
2025-12-27 09:11:19.400 [info] [Git][getRemotes] No remotes found in the git config file
2025-12-27 09:11:19.436 [info] > git config --get commit.template [38ms]
2025-12-27 09:11:19.439 [info] > git for-each-ref --format=%(refname)%00%(upstream:short)%00%(objectname)%00%(upstream:track)%00%(upstream:remotename)%00%(upstream:remoteref) --ignore-case refs/heads/main refs/remotes/main [38ms]
2025-12-27 09:11:19.488 [info] > git for-each-ref --sort -committerdate --format %(refname)%00%(objectname)%00%(*objectname) [47ms]
2025-12-27 09:11:19.489 [info] > git status -z -uall [49ms]
2025-12-27 09:11:25.720 [info] [Git][getRemotes] No remotes found in the git config file
2025-12-27 09:11:25.757 [info] > git config --get commit.template [39ms]
2025-12-27 09:11:25.759 [info] > git for-each-ref --format=%(refname)%00%(upstream:short)%00%(objectname)%00%(upstream:track)%00%(upstream:remotename)%00%(upstream:remoteref) --ignore-case refs/heads/main refs/remotes/main [39ms]
2025-12-27 09:11:25.807 [info] > git for-each-ref --sort -committerdate --format %(refname)%00%(objectname)%00%(*objectname) [44ms]
2025-12-27 09:11:25.808 [info] > git status -z -uall [47ms]
2025-12-27 09:11:42.789 [info] [Git][getRemotes] No remotes found in the git config file
2025-12-27 09:11:42.837 [info] > git config --get commit.template [48ms]
2025-12-27 09:11:42.839 [info] > git for-each-ref --format=%(refname)%00%(upstream:short)%00%(objectname)%00%(upstream:track)%00%(upstream:remotename)%00%(upstream:remoteref) --ignore-case refs/heads/main refs/remotes/main [50ms]
2025-12-27 09:11:42.891 [info] > git for-each-ref --sort -committerdate --format %(refname)%00%(objectname)%00%(*objectname) [49ms]
2025-12-27 09:11:42.892 [info] > git status -z -uall [52ms]
2025-12-27 09:11:47.993 [info] [Git][getRemotes] No remotes found in the git config file
2025-12-27 09:11:48.082 [info] > git config --get commit.template [93ms]
2025-12-27 09:11:48.095 [info] > git for-each-ref --format=%(refname)%00%(upstream:short)%00%(objectname)%00%(upstream:track)%00%(upstream:remotename)%00%(upstream:remoteref) --ignore-case refs/heads/main refs/remotes/main [102ms]
2025-12-27 09:11:48.185 [info] > git status -z -uall [81ms]
2025-12-27 09:11:48.191 [info] > git for-each-ref --sort -committerdate --format %(refname)%00%(objectname)%00%(*objectname) [84ms]
2025-12-27 09:11:53.238 [info] [Git][getRemotes] No remotes found in the git config file
2025-12-27 09:11:53.345 [info] > git config --get commit.template [133ms]
2025-12-27 09:11:53.356 [info] > git for-each-ref --format=%(refname)%00%(upstream:short)%00%(objectname)%00%(upstream:track)%00%(upstream:remotename)%00%(upstream:remoteref) --ignore-case refs/heads/main refs/remotes/main [112ms]
2025-12-27 09:11:53.486 [info] > git status -z -uall [127ms]
2025-12-27 09:11:53.491 [info] > git for-each-ref --sort -committerdate --format %(refname)%00%(objectname)%00%(*objectname) [130ms]
2025-12-27 09:11:58.589 [info] [Git][getRemotes] No remotes found in the git config file
2025-12-27 09:11:58.744 [info] > git config --get commit.template [205ms]
2025-12-27 09:11:58.753 [info] > git for-each-ref --format=%(refname)%00%(upstream:short)%00%(objectname)%00%(upstream:track)%00%(upstream:remotename)%00%(upstream:remoteref) --ignore-case refs/heads/main refs/remotes/main [162ms]
2025-12-27 09:11:58.855 [info] > git status -z -uall [100ms]
2025-12-27 09:11:58.860 [info] > git for-each-ref --sort -committerdate --format %(refname)%00%(objectname)%00%(*objectname) [104ms]
2025-12-27 09:12:03.875 [info] [Git][getRemotes] No remotes found in the git config file
2025-12-27 09:12:03.938 [info] > git config --get commit.template [66ms]
2025-12-27 09:12:03.941 [info] > git for-each-ref --format=%(refname)%00%(upstream:short)%00%(objectname)%00%(upstream:track)%00%(upstream:remotename)%00%(upstream:remoteref) --ignore-case refs/heads/main refs/remotes/main [66ms]
2025-12-27 09:12:04.067 [info] > git for-each-ref --sort -committerdate --format %(refname)%00%(objectname)%00%(*objectname) [122ms]
2025-12-27 09:12:04.073 [info] > git status -z -uall [131ms]
2025-12-27 09:12:09.082 [info] [Git][getRemotes] No remotes found in the git config file
2025-12-27 09:12:09.126 [info] > git config --get commit.template [43ms]
2025-12-27 09:12:09.128 [info] > git for-each-ref --format=%(refname)%00%(upstream:short)%00%(objectname)%00%(upstream:track)%00%(upstream:remotename)%00%(upstream:remoteref) --ignore-case refs/heads/main refs/remotes/main [44ms]
2025-12-27 09:12:09.166 [info] > git for-each-ref --sort -committerdate --format %(refname)%00%(objectname)%00%(*objectname) [35ms]
2025-12-27 09:12:09.167 [info] > git status -z -uall [38ms]
2025-12-27 09:12:14.555 [info] [Git][getRemotes] No remotes found in the git config file
2025-12-27 09:12:14.646 [info] > git config --get commit.template [124ms]
2025-12-27 09:12:14.657 [info] > git for-each-ref --format=%(refname)%00%(upstream:short)%00%(objectname)%00%(upstream:track)%00%(upstream:remotename)%00%(upstream:remoteref) --ignore-case refs/heads/main refs/remotes/main [99ms]
2025-12-27 09:12:14.756 [info] > git for-each-ref --sort -committerdate --format %(refname)%00%(objectname)%00%(*objectname) [93ms]
2025-12-27 09:12:14.821 [info] > git status -z -uall [162ms]
2025-12-27 09:12:19.842 [info] [Git][getRemotes] No remotes found in the git config file
2025-12-27 09:12:19.894 [info] > git config --get commit.template [56ms]
2025-12-27 09:12:19.896 [info] > git for-each-ref --format=%(refname)%00%(upstream:short)%00%(objectname)%00%(upstream:track)%00%(upstream:remotename)%00%(upstream:remoteref) --ignore-case refs/heads/main refs/remotes/main [52ms]
2025-12-27 09:12:19.936 [info] > git for-each-ref --sort -committerdate --format %(refname)%00%(objectname)%00%(*objectname) [38ms]
2025-12-27 09:12:19.938 [info] > git status -z -uall [41ms]
2025-12-27 09:12:24.955 [info] [Git][getRemotes] No remotes found in the git config file
2025-12-27 09:12:25.024 [info] > git for-each-ref --format=%(refname)%00%(upstream:short)%00%(objectname)%00%(upstream:track)%00%(upstream:remotename)%00%(upstream:remoteref) --ignore-case refs/heads/main refs/remotes/main [69ms]
2025-12-27 09:12:25.034 [info] > git config --get commit.template [81ms]
2025-12-27 09:12:25.110 [info] > git for-each-ref --sort -committerdate --format %(refname)%00%(objectname)%00%(*objectname) [71ms]
2025-12-27 09:12:25.116 [info] > git status -z -uall [80ms]
2025-12-27 09:12:30.124 [info] [Git][getRemotes] No remotes found in the git config file
2025-12-27 09:12:30.174 [info] > git config --get commit.template [51ms]
2025-12-27 09:12:30.176 [info] > git for-each-ref --format=%(refname)%00%(upstream:short)%00%(objectname)%00%(upstream:track)%00%(upstream:remotename)%00%(upstream:remoteref) --ignore-case refs/heads/main refs/remotes/main [50ms]
2025-12-27 09:12:30.225 [info] > git for-each-ref --sort -committerdate --format %(refname)%00%(objectname)%00%(*objectname) [47ms]
2025-12-27 09:12:30.227 [info] > git status -z -uall [50ms]
2025-12-27 09:12:35.237 [info] [Git][getRemotes] No remotes found in the git config file
2025-12-27 09:12:35.293 [info] > git config --get commit.template [56ms]
2025-12-27 09:12:35.293 [info] > git for-each-ref --format=%(refname)%00%(upstream:short)%00%(objectname)%00%(upstream:track)%00%(upstream:remotename)%00%(upstream:remoteref) --ignore-case refs/heads/main refs/remotes/main [56ms]
2025-12-27 09:12:35.360 [info] > git status -z -uall [66ms]
2025-12-27 09:12:35.439 [info] > git for-each-ref --sort -committerdate --format %(refname)%00%(objectname)%00%(*objectname) [144ms]
2025-12-27 09:12:40.449 [info] [Git][getRemotes] No remotes found in the git config file
2025-12-27 09:12:40.604 [info] > git config --get commit.template [155ms]
2025-12-27 09:12:40.611 [info] > git for-each-ref --format=%(refname)%00%(upstream:short)%00%(objectname)%00%(upstream:track)%00%(upstream:remotename)%00%(upstream:remoteref) --ignore-case refs/heads/main refs/remotes/main [159ms]
2025-12-27 09:12:40.708 [info] > git for-each-ref --sort -committerdate --format %(refname)%00%(objectname)%00%(*objectname) [92ms]
2025-12-27 09:12:40.713 [info] > git status -z -uall [99ms]
2025-12-27 09:12:45.722 [info] [Git][getRemotes] No remotes found in the git config file
2025-12-27 09:12:45.763 [info] > git config --get commit.template [41ms]
2025-12-27 09:12:45.766 [info] > git for-each-ref --format=%(refname)%00%(upstream:short)%00%(objectname)%00%(upstream:track)%00%(upstream:remotename)%00%(upstream:remoteref) --ignore-case refs/heads/main refs/remotes/main [43ms]
2025-12-27 09:12:45.820 [info] > git status -z -uall [53ms]
2025-12-27 09:12:45.826 [info] > git for-each-ref --sort -committerdate --format %(refname)%00%(objectname)%00%(*objectname) [57ms]
2025-12-27 09:12:50.841 [info] [Git][getRemotes] No remotes found in the git config file
2025-12-27 09:12:50.939 [info] > git config --get commit.template [103ms]
2025-12-27 09:12:50.942 [info] > git for-each-ref --format=%(refname)%00%(upstream:short)%00%(objectname)%00%(upstream:track)%00%(upstream:remotename)%00%(upstream:remoteref) --ignore-case refs/heads/main refs/remotes/main [103ms]
2025-12-27 09:12:51.008 [info] > git status -z -uall [65ms]
2025-12-27 09:12:51.010 [info] > git for-each-ref --sort -committerdate --format %(refname)%00%(objectname)%00%(*objectname) [65ms]
2025-12-27 09:12:56.018 [info] [Git][getRemotes] No remotes found in the git config file
2025-12-27 09:12:56.080 [info] > git config --get commit.template [63ms]
2025-12-27 09:12:56.084 [info] > git for-each-ref --format=%(refname)%00%(upstream:short)%00%(objectname)%00%(upstream:track)%00%(upstream:remotename)%00%(upstream:remoteref) --ignore-case refs/heads/main refs/remotes/main [64ms]
2025-12-27 09:12:56.200 [info] > git for-each-ref --sort -committerdate --format %(refname)%00%(objectname)%00%(*objectname) [109ms]
2025-12-27 09:12:56.205 [info] > git status -z -uall [118ms]
2025-12-27 09:13:01.221 [info] [Git][getRemotes] No remotes found in the git config file
2025-12-27 09:13:01.285 [info] > git for-each-ref --format=%(refname)%00%(upstream:short)%00%(objectname)%00%(upstream:track)%00%(upstream:remotename)%00%(upstream:remoteref) --ignore-case refs/heads/main refs/remotes/main [65ms]
2025-12-27 09:13:01.290 [info] > git config --get commit.template [72ms]
2025-12-27 09:13:01.356 [info] > git for-each-ref --sort -committerdate --format %(refname)%00%(objectname)%00%(*objectname) [61ms]
2025-12-27 09:13:01.359 [info] > git status -z -uall [67ms]
2025-12-27 09:13:06.373 [info] [Git][getRemotes] No remotes found in the git config file
2025-12-27 09:13:06.527 [info] > git for-each-ref --format=%(refname)%00%(upstream:short)%00%(objectname)%00%(upstream:track)%00%(upstream:remotename)%00%(upstream:remoteref) --ignore-case refs/heads/main refs/remotes/main [154ms]
2025-12-27 09:13:06.541 [info] > git config --get commit.template [172ms]
2025-12-27 09:13:06.609 [info] > git for-each-ref --sort -committerdate --format %(refname)%00%(objectname)%00%(*objectname) [65ms]
2025-12-27 09:13:06.620 [info] > git status -z -uall [78ms]
2025-12-27 09:13:11.636 [info] [Git][getRemotes] No remotes found in the git config file
2025-12-27 09:13:11.703 [info] > git config --get commit.template [74ms]
2025-12-27 09:13:11.706 [info] > git for-each-ref --format=%(refname)%00%(upstream:short)%00%(objectname)%00%(upstream:track)%00%(upstream:remotename)%00%(upstream:remoteref) --ignore-case refs/heads/main refs/remotes/main [67ms]
2025-12-27 09:13:11.768 [info] > git for-each-ref --sort -committerdate --format %(refname)%00%(objectname)%00%(*objectname) [58ms]
2025-12-27 09:13:11.770 [info] > git status -z -uall [63ms]
2025-12-27 09:13:16.777 [info] [Git][getRemotes] No remotes found in the git config file
2025-12-27 09:13:16.828 [info] > git config --get commit.template [52ms]
2025-12-27 09:13:16.835 [info] > git for-each-ref --format=%(refname)%00%(upstream:short)%00%(objectname)%00%(upstream:track)%00%(upstream:remotename)%00%(upstream:remoteref) --ignore-case refs/heads/main refs/remotes/main [55ms]
2025-12-27 09:13:16.877 [info] > git status -z -uall [40ms]
2025-12-27 09:13:16.880 [info] > git for-each-ref --sort -committerdate --format %(refname)%00%(objectname)%00%(*objectname) [40ms]
2025-12-27 09:13:21.893 [info] [Git][getRemotes] No remotes found in the git config file
2025-12-27 09:13:21.930 [info] > git config --get commit.template [39ms]
2025-12-27 09:13:21.932 [info] > git for-each-ref --format=%(refname)%00%(upstream:short)%00%(objectname)%00%(upstream:track)%00%(upstream:remotename)%00%(upstream:remoteref) --ignore-case refs/heads/main refs/remotes/main [39ms]
2025-12-27 09:13:21.973 [info] > git for-each-ref --sort -committerdate --format %(refname)%00%(objectname)%00%(*objectname) [38ms]
2025-12-27 09:13:21.973 [info] > git status -z -uall [40ms]
2025-12-27 09:13:26.987 [info] [Git][getRemotes] No remotes found in the git config file
2025-12-27 09:13:27.035 [info] > git config --get commit.template [48ms]
2025-12-27 09:13:27.040 [info] > git for-each-ref --format=%(refname)%00%(upstream:short)%00%(objectname)%00%(upstream:track)%00%(upstream:remotename)%00%(upstream:remoteref) --ignore-case refs/heads/main refs/remotes/main [51ms]
2025-12-27 09:13:27.091 [info] > git status -z -uall [50ms]
2025-12-27 09:13:27.093 [info] > git for-each-ref --sort -committerdate --format %(refname)%00%(objectname)%00%(*objectname) [50ms]
2025-12-27 09:13:32.107 [info] [Git][getRemotes] No remotes found in the git config file
2025-12-27 09:13:32.183 [info] > git config --get commit.template [78ms]
2025-12-27 09:13:32.190 [info] > git for-each-ref --format=%(refname)%00%(upstream:short)%00%(objectname)%00%(upstream:track)%00%(upstream:remotename)%00%(upstream:remoteref) --ignore-case refs/heads/main refs/remotes/main [81ms]
2025-12-27 09:13:32.262 [info] > git for-each-ref --sort -committerdate --format %(refname)%00%(objectname)%00%(*objectname) [68ms]
2025-12-27 09:13:32.263 [info] > git status -z -uall [70ms]
2025-12-27 09:13:36.876 [info] > git fetch [126ms]
2025-12-27 09:13:36.886 [info] [Git][getRemotes] No remotes found in the git config file
2025-12-27 09:13:36.996 [info] > git config --get commit.template [114ms]
2025-12-27 09:13:37.008 [info] > git for-each-ref --format=%(refname)%00%(upstream:short)%00%(objectname)%00%(upstream:track)%00%(upstream:remotename)%00%(upstream:remoteref) --ignore-case refs/heads/main refs/remotes/main [120ms]
2025-12-27 09:13:37.066 [info] > git for-each-ref --sort -committerdate --format %(refname)%00%(objectname)%00%(*objectname) [54ms]
2025-12-27 09:13:37.069 [info] > git status -z -uall [60ms]
2025-12-27 09:13:37.276 [info] [Git][getRemotes] No remotes found in the git config file
2025-12-27 09:13:37.323 [info] > git config --get commit.template [50ms]
2025-12-27 09:13:37.329 [info] > git for-each-ref --format=%(refname)%00%(upstream:short)%00%(objectname)%00%(upstream:track)%00%(upstream:remotename)%00%(upstream:remoteref) --ignore-case refs/heads/main refs/remotes/main [53ms]
2025-12-27 09:13:37.382 [info] > git status -z -uall [51ms]
2025-12-27 09:13:37.385 [info] > git for-each-ref --sort -committerdate --format %(refname)%00%(objectname)%00%(*objectname) [52ms]
2025-12-27 09:13:42.401 [info] [Git][getRemotes] No remotes found in the git config file
2025-12-27 09:13:42.496 [info] > git config --get commit.template [105ms]
2025-12-27 09:13:42.500 [info] > git for-each-ref --format=%(refname)%00%(upstream:short)%00%(objectname)%00%(upstream:track)%00%(upstream:remotename)%00%(upstream:remoteref) --ignore-case refs/heads/main refs/remotes/main [99ms]
2025-12-27 09:13:42.593 [info] > git status -z -uall [91ms]
2025-12-27 09:13:42.596 [info] > git for-each-ref --sort -committerdate --format %(refname)%00%(objectname)%00%(*objectname) [92ms]
2025-12-27 09:13:47.610 [info] [Git][getRemotes] No remotes found in the git config file
2025-12-27 09:13:47.664 [info] > git config --get commit.template [56ms]
2025-12-27 09:13:47.665 [info] > git for-each-ref --format=%(refname)%00%(upstream:short)%00%(objectname)%00%(upstream:track)%00%(upstream:remotename)%00%(upstream:remoteref) --ignore-case refs/heads/main refs/remotes/main [55ms]
2025-12-27 09:13:47.721 [info] > git for-each-ref --sort -committerdate --format %(refname)%00%(objectname)%00%(*objectname) [52ms]
2025-12-27 09:13:47.726 [info] > git status -z -uall [59ms]
2025-12-27 09:13:52.746 [info] [Git][getRemotes] No remotes found in the git config file
2025-12-27 09:13:52.858 [info] > git config --get commit.template [119ms]
2025-12-27 09:13:52.868 [info] > git for-each-ref --format=%(refname)%00%(upstream:short)%00%(objectname)%00%(upstream:track)%00%(upstream:remotename)%00%(upstream:remoteref) --ignore-case refs/heads/main refs/remotes/main [112ms]
2025-12-27 09:13:52.941 [info] > git for-each-ref --sort -committerdate --format %(refname)%00%(objectname)%00%(*objectname) [69ms]
2025-12-27 09:13:52.944 [info] > git status -z -uall [74ms]
2025-12-27 09:13:57.957 [info] [Git][getRemotes] No remotes found in the git config file
2025-12-27 09:13:58.321 [info] > git config --get commit.template [367ms]
2025-12-27 09:13:58.326 [info] > git for-each-ref --format=%(refname)%00%(upstream:short)%00%(objectname)%00%(upstream:track)%00%(upstream:remotename)%00%(upstream:remoteref) --ignore-case refs/heads/main refs/remotes/main [370ms]
2025-12-27 09:13:58.518 [info] > git status -z -uall [189ms]
2025-12-27 09:13:58.519 [info] > git for-each-ref --sort -committerdate --format %(refname)%00%(objectname)%00%(*objectname) [187ms]
2025-12-27 09:14:03.570 [info] [Git][getRemotes] No remotes found in the git config file
2025-12-27 09:14:03.662 [info] > git config --get commit.template [112ms]
2025-12-27 09:14:03.669 [info] > git for-each-ref --format=%(refname)%00%(upstream:short)%00%(objectname)%00%(upstream:track)%00%(upstream:remotename)%00%(upstream:remoteref) --ignore-case refs/heads/main refs/remotes/main [87ms]
2025-12-27 09:14:03.777 [info] > git status -z -uall [105ms]
2025-12-27 09:14:03.893 [info] > git for-each-ref --sort -committerdate --format %(refname)%00%(objectname)%00%(*objectname) [218ms]
2025-12-27 09:14:08.905 [info] [Git][getRemotes] No remotes found in the git config file
2025-12-27 09:14:08.958 [info] > git config --get commit.template [56ms]
2025-12-27 09:14:08.961 [info] > git for-each-ref --format=%(refname)%00%(upstream:short)%00%(objectname)%00%(upstream:track)%00%(upstream:remotename)%00%(upstream:remoteref) --ignore-case refs/heads/main refs/remotes/main [57ms]
2025-12-27 09:14:09.024 [info] > git status -z -uall [62ms]
2025-12-27 09:14:09.026 [info] > git for-each-ref --sort -committerdate --format %(refname)%00%(objectname)%00%(*objectname) [60ms]
2025-12-27 09:14:14.048 [info] [Git][getRemotes] No remotes found in the git config file
2025-12-27 09:14:14.185 [info] > git config --get commit.template [141ms]
2025-12-27 09:14:14.192 [info] > git for-each-ref --format=%(refname)%00%(upstream:short)%00%(objectname)%00%(upstream:track)%00%(upstream:remotename)%00%(upstream:remoteref) --ignore-case refs/heads/main refs/remotes/main [144ms]
2025-12-27 09:14:14.274 [info] > git for-each-ref --sort -committerdate --format %(refname)%00%(objectname)%00%(*objectname) [76ms]
2025-12-27 09:14:14.278 [info] > git status -z -uall [84ms]
2025-12-27 09:14:19.290 [info] [Git][getRemotes] No remotes found in the git config file
2025-12-27 09:14:19.345 [info] > git config --get commit.template [55ms]
2025-12-27 09:14:19.351 [info] > git for-each-ref --format=%(refname)%00%(upstream:short)%00%(objectname)%00%(upstream:track)%00%(upstream:remotename)%00%(upstream:remoteref) --ignore-case refs/heads/main refs/remotes/main [60ms]
2025-12-27 09:14:19.405 [info] > git for-each-ref --sort -committerdate --format %(refname)%00%(objectname)%00%(*objectname) [51ms]
2025-12-27 09:14:19.409 [info] > git status -z -uall [57ms]
2025-12-27 09:14:24.427 [info] [Git][getRemotes] No remotes found in the git config file
2025-12-27 09:14:24.475 [info] > git config --get commit.template [52ms]
2025-12-27 09:14:24.478 [info] > git for-each-ref --format=%(refname)%00%(upstream:short)%00%(objectname)%00%(upstream:track)%00%(upstream:remotename)%00%(upstream:remoteref) --ignore-case refs/heads/main refs/remotes/main [50ms]
2025-12-27 09:14:24.525 [info] > git for-each-ref --sort -committerdate --format %(refname)%00%(objectname)%00%(*objectname) [44ms]
2025-12-27 09:14:24.526 [info] > git status -z -uall [47ms]
2025-12-27 09:14:29.539 [info] [Git][getRemotes] No remotes found in the git config file
2025-12-27 09:14:29.594 [info] > git config --get commit.template [57ms]
2025-12-27 09:14:29.597 [info] > git for-each-ref --format=%(refname)%00%(upstream:short)%00%(objectname)%00%(upstream:track)%00%(upstream:remotename)%00%(upstream:remoteref) --ignore-case refs/heads/main refs/remotes/main [58ms]
2025-12-27 09:14:29.645 [info] > git for-each-ref --sort -committerdate --format %(refname)%00%(objectname)%00%(*objectname) [45ms]
2025-12-27 09:14:29.647 [info] > git status -z -uall [49ms]
2025-12-27 09:14:34.654 [info] [Git][getRemotes] No remotes found in the git config file
2025-12-27 09:14:34.722 [info] > git config --get commit.template [69ms]
2025-12-27 09:14:34.722 [info] > git for-each-ref --format=%(refname)%00%(upstream:short)%00%(objectname)%00%(upstream:track)%00%(upstream:remotename)%00%(upstream:remoteref) --ignore-case refs/heads/main refs/remotes/main [66ms]
2025-12-27 09:14:34.890 [info] > git status -z -uall [166ms]
2025-12-27 09:14:34.891 [info] > git for-each-ref --sort -committerdate --format %(refname)%00%(objectname)%00%(*objectname) [165ms]
2025-12-27 09:14:39.902 [info] [Git][getRemotes] No remotes found in the git config file
2025-12-27 09:14:39.941 [info] > git config --get commit.template [40ms]
2025-12-27 09:14:39.944 [info] > git for-each-ref --format=%(refname)%00%(upstream:short)%00%(objectname)%00%(upstream:track)%00%(upstream:remotename)%00%(upstream:remoteref) --ignore-case refs/heads/main refs/remotes/main [41ms]
2025-12-27 09:14:40.016 [info] > git for-each-ref --sort -committerdate --format %(refname)%00%(objectname)%00%(*objectname) [68ms]
2025-12-27 09:14:40.017 [info] > git status -z -uall [71ms]
2025-12-27 09:14:45.027 [info] [Git][getRemotes] No remotes found in the git config file
2025-12-27 09:14:45.085 [info] > git config --get commit.template [60ms]
2025-12-27 09:14:45.089 [info] > git for-each-ref --format=%(refname)%00%(upstream:short)%00%(objectname)%00%(upstream:track)%00%(upstream:remotename)%00%(upstream:remoteref) --ignore-case refs/heads/main refs/remotes/main [62ms]
2025-12-27 09:14:45.142 [info] > git status -z -uall [52ms]
2025-12-27 09:14:45.144 [info] > git for-each-ref --sort -committerdate --format %(refname)%00%(objectname)%00%(*objectname) [52ms]
2025-12-27 09:14:50.155 [info] [Git][getRemotes] No remotes found in the git config file
2025-12-27 09:14:50.230 [info] > git config --get commit.template [79ms]
2025-12-27 09:14:50.241 [info] > git for-each-ref --format=%(refname)%00%(upstream:short)%00%(objectname)%00%(upstream:track)%00%(upstream:remotename)%00%(upstream:remoteref) --ignore-case refs/heads/main refs/remotes/main [86ms]
2025-12-27 09:14:50.313 [info] > git status -z -uall [70ms]
2025-12-27 09:14:50.325 [info] > git for-each-ref --sort -committerdate --format %(refname)%00%(objectname)%00%(*objectname) [80ms]
2025-12-27 09:14:55.339 [info] [Git][getRemotes] No remotes found in the git config file
2025-12-27 09:14:55.380 [info] > git config --get commit.template [44ms]
2025-12-27 09:14:55.389 [info] > git for-each-ref --format=%(refname)%00%(upstream:short)%00%(objectname)%00%(upstream:track)%00%(upstream:remotename)%00%(upstream:remoteref) --ignore-case refs/heads/main refs/remotes/main [50ms]
2025-12-27 09:14:55.468 [info] > git status -z -uall [76ms]
2025-12-27 09:14:55.469 [info] > git for-each-ref --sort -committerdate --format %(refname)%00%(objectname)%00%(*objectname) [74ms]
2025-12-27 09:15:00.481 [info] [Git][getRemotes] No remotes found in the git config file
2025-12-27 09:15:00.522 [info] > git config --get commit.template [43ms]
2025-12-27 09:15:00.525 [info] > git for-each-ref --format=%(refname)%00%(upstream:short)%00%(objectname)%00%(upstream:track)%00%(upstream:remotename)%00%(upstream:remoteref) --ignore-case refs/heads/main refs/remotes/main [44ms]
2025-12-27 09:15:00.572 [info] > git for-each-ref --sort -committerdate --format %(refname)%00%(objectname)%00%(*objectname) [44ms]
2025-12-27 09:15:00.575 [info] > git status -z -uall [49ms]
2025-12-27 09:15:05.584 [info] [Git][getRemotes] No remotes found in the git config file
2025-12-27 09:15:05.681 [info] > git config --get commit.template [98ms]
2025-12-27 09:15:05.698 [info] > git for-each-ref --format=%(refname)%00%(upstream:short)%00%(objectname)%00%(upstream:track)%00%(upstream:remotename)%00%(upstream:remoteref) --ignore-case refs/heads/main refs/remotes/main [111ms]
2025-12-27 09:15:05.780 [info] > git status -z -uall [79ms]
2025-12-27 09:15:05.785 [info] > git for-each-ref --sort -committerdate --format %(refname)%00%(objectname)%00%(*objectname) [81ms]
2025-12-27 09:15:12.474 [info] [Git][getRemotes] No remotes found in the git config file
2025-12-27 09:15:12.525 [info] > git config --get commit.template [53ms]
2025-12-27 09:15:12.528 [info] > git for-each-ref --format=%(refname)%00%(upstream:short)%00%(objectname)%00%(upstream:track)%00%(upstream:remotename)%00%(upstream:remoteref) --ignore-case refs/heads/main refs/remotes/main [52ms]
2025-12-27 09:15:12.605 [info] > git for-each-ref --sort -committerdate --format %(refname)%00%(objectname)%00%(*objectname) [73ms]
2025-12-27 09:15:12.609 [info] > git status -z -uall [79ms]
2025-12-27 09:15:17.626 [info] [Git][getRemotes] No remotes found in the git config file
2025-12-27 09:15:17.675 [info] > git config --get commit.template [51ms]
2025-12-27 09:15:17.677 [info] > git for-each-ref --format=%(refname)%00%(upstream:short)%00%(objectname)%00%(upstream:track)%00%(upstream:remotename)%00%(upstream:remoteref) --ignore-case refs/heads/main refs/remotes/main [51ms]
2025-12-27 09:15:17.739 [info] > git for-each-ref --sort -committerdate --format %(refname)%00%(objectname)%00%(*objectname) [60ms]
2025-12-27 09:15:17.742 [info] > git status -z -uall [64ms]
2025-12-27 09:15:22.752 [info] [Git][getRemotes] No remotes found in the git config file
2025-12-27 09:15:22.796 [info] > git config --get commit.template [46ms]
2025-12-27 09:15:22.799 [info] > git for-each-ref --format=%(refname)%00%(upstream:short)%00%(objectname)%00%(upstream:track)%00%(upstream:remotename)%00%(upstream:remoteref) --ignore-case refs/heads/main refs/remotes/main [47ms]
2025-12-27 09:15:22.858 [info] > git for-each-ref --sort -committerdate --format %(refname)%00%(objectname)%00%(*objectname) [56ms]
2025-12-27 09:15:22.861 [info] > git status -z -uall [60ms]
2025-12-27 09:15:28.017 [info] [Git][getRemotes] No remotes found in the git config file
2025-12-27 09:15:28.113 [info] > git for-each-ref --format=%(refname)%00%(upstream:short)%00%(objectname)%00%(upstream:track)%00%(upstream:remotename)%00%(upstream:remoteref) --ignore-case refs/heads/main refs/remotes/main [96ms]
2025-12-27 09:15:28.121 [info] > git config --get commit.template [110ms]
2025-12-27 09:15:28.389 [info] > git status -z -uall [264ms]
2025-12-27 09:15:28.396 [info] > git for-each-ref --sort -committerdate --format %(refname)%00%(objectname)%00%(*objectname) [256ms]
2025-12-27 09:15:33.431 [info] [Git][getRemotes] No remotes found in the git config file
2025-12-27 09:15:33.547 [info] > git config --get commit.template [128ms]
2025-12-27 09:15:33.563 [info] > git for-each-ref --format=%(refname)%00%(upstream:short)%00%(objectname)%00%(upstream:track)%00%(upstream:remotename)%00%(upstream:remoteref) --ignore-case refs/heads/main refs/remotes/main [134ms]
2025-12-27 09:15:33.686 [info] > git status -z -uall [122ms]
2025-12-27 09:15:33.689 [info] > git for-each-ref --sort -committerdate --format %(refname)%00%(objectname)%00%(*objectname) [123ms]
2025-12-27 09:15:38.760 [info] [Git][getRemotes] No remotes found in the git config file
2025-12-27 09:15:38.813 [info] > git config --get commit.template [62ms]
2025-12-27 09:15:38.816 [info] > git for-each-ref --format=%(refname)%00%(upstream:short)%00%(objectname)%00%(upstream:track)%00%(upstream:remotename)%00%(upstream:remoteref) --ignore-case refs/heads/main refs/remotes/main [56ms]
2025-12-27 09:15:38.878 [info] > git for-each-ref --sort -committerdate --format %(refname)%00%(objectname)%00%(*objectname) [58ms]
2025-12-27 09:15:38.882 [info] > git status -z -uall [64ms]
2025-12-27 09:15:43.896 [info] [Git][getRemotes] No remotes found in the git config file
2025-12-27 09:15:43.964 [info] > git config --get commit.template [71ms]
2025-12-27 09:15:43.975 [info] > git for-each-ref --format=%(refname)%00%(upstream:short)%00%(objectname)%00%(upstream:track)%00%(upstream:remotename)%00%(upstream:remoteref) --ignore-case refs/heads/main refs/remotes/main [80ms]
2025-12-27 09:15:44.064 [info] > git for-each-ref --sort -committerdate --format %(refname)%00%(objectname)%00%(*objectname) [85ms]
2025-12-27 09:15:44.073 [info] > git status -z -uall [96ms]
2025-12-27 09:15:49.122 [info] [Git][getRemotes] No remotes found in the git config file
2025-12-27 09:15:49.232 [info] > git config --get commit.template [144ms]
2025-12-27 09:15:49.236 [info] > git for-each-ref --format=%(refname)%00%(upstream:short)%00%(objectname)%00%(upstream:track)%00%(upstream:remotename)%00%(upstream:remoteref) --ignore-case refs/heads/main refs/remotes/main [114ms]
2025-12-27 09:15:49.429 [info] > git status -z -uall [190ms]
2025-12-27 09:15:49.436 [info] > git for-each-ref --sort -committerdate --format %(refname)%00%(objectname)%00%(*objectname) [195ms]
2025-12-27 09:15:54.444 [info] [Git][getRemotes] No remotes found in the git config file
2025-12-27 09:15:54.482 [info] > git config --get commit.template [39ms]
2025-12-27 09:15:54.484 [info] > git for-each-ref --format=%(refname)%00%(upstream:short)%00%(objectname)%00%(upstream:track)%00%(upstream:remotename)%00%(upstream:remoteref) --ignore-case refs/heads/main refs/remotes/main [38ms]
2025-12-27 09:15:54.524 [info] > git for-each-ref --sort -committerdate --format %(refname)%00%(objectname)%00%(*objectname) [37ms]
2025-12-27 09:15:54.527 [info] > git status -z -uall [42ms]
2025-12-27 09:16:00.871 [info] [Git][getRemotes] No remotes found in the git config file
2025-12-27 09:16:00.920 [info] > git config --get commit.template [54ms]
2025-12-27 09:16:00.925 [info] > git for-each-ref --format=%(refname)%00%(upstream:short)%00%(objectname)%00%(upstream:track)%00%(upstream:remotename)%00%(upstream:remoteref) --ignore-case refs/heads/main refs/remotes/main [55ms]
2025-12-27 09:16:01.004 [info] > git for-each-ref --sort -committerdate --format %(refname)%00%(objectname)%00%(*objectname) [75ms]
2025-12-27 09:16:01.007 [info] > git status -z -uall [80ms]
2025-12-27 09:16:06.079 [info] [Git][getRemotes] No remotes found in the git config file
2025-12-27 09:16:06.133 [info] > git config --get commit.template [64ms]
2025-12-27 09:16:06.138 [info] > git for-each-ref --format=%(refname)%00%(upstream:short)%00%(objectname)%00%(upstream:track)%00%(upstream:remotename)%00%(upstream:remoteref) --ignore-case refs/heads/main refs/remotes/main [56ms]
2025-12-27 09:16:06.313 [info] > git for-each-ref --sort -committerdate --format %(refname)%00%(objectname)%00%(*objectname) [170ms]
2025-12-27 09:16:06.328 [info] > git status -z -uall [188ms]
2025-12-27 09:16:11.342 [info] [Git][getRemotes] No remotes found in the git config file
2025-12-27 09:16:11.384 [info] > git config --get commit.template [44ms]
2025-12-27 09:16:11.388 [info] > git for-each-ref --format=%(refname)%00%(upstream:short)%00%(objectname)%00%(upstream:track)%00%(upstream:remotename)%00%(upstream:remoteref) --ignore-case refs/heads/main refs/remotes/main [46ms]
2025-12-27 09:16:11.428 [info] > git for-each-ref --sort -committerdate --format %(refname)%00%(objectname)%00%(*objectname) [37ms]
2025-12-27 09:16:11.429 [info] > git status -z -uall [40ms]
2025-12-27 09:16:16.494 [info] [Git][getRemotes] No remotes found in the git config file
2025-12-27 09:16:16.575 [info] > git for-each-ref --format=%(refname)%00%(upstream:short)%00%(objectname)%00%(upstream:track)%00%(upstream:remotename)%00%(upstream:remoteref) --ignore-case refs/heads/main refs/remotes/main [81ms]
2025-12-27 09:16:16.599 [info] > git config --get commit.template [126ms]
2025-12-27 09:16:16.695 [info] > git for-each-ref --sort -committerdate --format %(refname)%00%(objectname)%00%(*objectname) [87ms]
2025-12-27 09:16:16.710 [info] > git status -z -uall [107ms]
2025-12-27 09:16:21.747 [info] [Git][getRemotes] No remotes found in the git config file
2025-12-27 09:16:21.823 [info] > git config --get commit.template [103ms]
2025-12-27 09:16:22.034 [info] > git for-each-ref --format=%(refname)%00%(upstream:short)%00%(objectname)%00%(upstream:track)%00%(upstream:remotename)%00%(upstream:remoteref) --ignore-case refs/heads/main refs/remotes/main [288ms]
2025-12-27 09:16:22.128 [info] > git for-each-ref --sort -committerdate --format %(refname)%00%(objectname)%00%(*objectname) [80ms]
2025-12-27 09:16:22.196 [info] > git status -z -uall [153ms]
2025-12-27 09:16:27.348 [info] [Git][getRemotes] No remotes found in the git config file
2025-12-27 09:16:27.458 [info] > git config --get commit.template [113ms]
2025-12-27 09:16:27.460 [info] > git for-each-ref --format=%(refname)%00%(upstream:short)%00%(objectname)%00%(upstream:track)%00%(upstream:remotename)%00%(upstream:remoteref) --ignore-case refs/heads/main refs/remotes/main [112ms]
2025-12-27 09:16:27.532 [info] > git status -z -uall [70ms]
2025-12-27 09:16:27.537 [info] > git for-each-ref --sort -committerdate --format %(refname)%00%(objectname)%00%(*objectname) [71ms]
2025-12-27 09:16:32.555 [info] [Git][getRemotes] No remotes found in the git config file
2025-12-27 09:16:32.593 [info] > git config --get commit.template [42ms]
2025-12-27 09:16:32.595 [info] > git for-each-ref --format=%(refname)%00%(upstream:short)%00%(objectname)%00%(upstream:track)%00%(upstream:remotename)%00%(upstream:remoteref) --ignore-case refs/heads/main refs/remotes/main [40ms]
2025-12-27 09:16:32.633 [info] > git for-each-ref --sort -committerdate --format %(refname)%00%(objectname)%00%(*objectname) [36ms]
2025-12-27 09:16:32.635 [info] > git status -z -uall [39ms]
2025-12-27 09:16:37.187 [info] > git fetch [103ms]
2025-12-27 09:16:37.194 [info] [Git][getRemotes] No remotes found in the git config file
2025-12-27 09:16:37.248 [info] > git config --get commit.template [58ms]
2025-12-27 09:16:37.255 [info] > git for-each-ref --format=%(refname)%00%(upstream:short)%00%(objectname)%00%(upstream:track)%00%(upstream:remotename)%00%(upstream:remoteref) --ignore-case refs/heads/main refs/remotes/main [61ms]
2025-12-27 09:16:37.307 [info] > git for-each-ref --sort -committerdate --format %(refname)%00%(objectname)%00%(*objectname) [50ms]
2025-12-27 09:16:37.311 [info] > git status -z -uall [55ms]
2025-12-27 09:16:40.413 [info] [Git][getRemotes] No remotes found in the git config file
2025-12-27 09:16:40.487 [info] > git config --get commit.template [76ms]
2025-12-27 09:16:40.504 [info] > git for-each-ref --format=%(refname)%00%(upstream:short)%00%(objectname)%00%(upstream:track)%00%(upstream:remotename)%00%(upstream:remoteref) --ignore-case refs/heads/main refs/remotes/main [91ms]
2025-12-27 09:16:40.564 [info] > git for-each-ref --sort -committerdate --format %(refname)%00%(objectname)%00%(*objectname) [57ms]
2025-12-27 09:16:40.565 [info] > git status -z -uall [59ms]
2025-12-27 09:16:45.582 [info] [Git][getRemotes] No remotes found in the git config file
2025-12-27 09:16:45.628 [info] > git config --get commit.template [46ms]
2025-12-27 09:16:45.630 [info] > git for-each-ref --format=%(refname)%00%(upstream:short)%00%(objectname)%00%(upstream:track)%00%(upstream:remotename)%00%(upstream:remoteref) --ignore-case refs/heads/main refs/remotes/main [46ms]
2025-12-27 09:16:45.671 [info] > git for-each-ref --sort -committerdate --format %(refname)%00%(objectname)%00%(*objectname) [37ms]
2025-12-27 09:16:45.673 [info] > git status -z -uall [41ms]
2025-12-27 09:16:50.682 [info] [Git][getRemotes] No remotes found in the git config file
2025-12-27 09:16:50.755 [info] > git config --get commit.template [74ms]
2025-12-27 09:16:50.758 [info] > git for-each-ref --format=%(refname)%00%(upstream:short)%00%(objectname)%00%(upstream:track)%00%(upstream:remotename)%00%(upstream:remoteref) --ignore-case refs/heads/main refs/remotes/main [74ms]
2025-12-27 09:16:50.838 [info] > git status -z -uall [77ms]
2025-12-27 09:16:50.862 [info] > git for-each-ref --sort -committerdate --format %(refname)%00%(objectname)%00%(*objectname) [100ms]
2025-12-27 09:16:55.915 [info] [Git][getRemotes] No remotes found in the git config file
2025-12-27 09:16:56.074 [info] > git config --get commit.template [173ms]
2025-12-27 09:16:56.088 [info] > git for-each-ref --format=%(refname)%00%(upstream:short)%00%(objectname)%00%(upstream:track)%00%(upstream:remotename)%00%(upstream:remoteref) --ignore-case refs/heads/main refs/remotes/main [176ms]
2025-12-27 09:16:56.233 [info] > git status -z -uall [134ms]
2025-12-27 09:16:56.234 [info] > git for-each-ref --sort -committerdate --format %(refname)%00%(objectname)%00%(*objectname) [132ms]
2025-12-27 09:17:01.255 [info] [Git][getRemotes] No remotes found in the git config file
2025-12-27 09:17:01.307 [info] > git config --get commit.template [57ms]
2025-12-27 09:17:01.309 [info] > git for-each-ref --format=%(refname)%00%(upstream:short)%00%(objectname)%00%(upstream:track)%00%(upstream:remotename)%00%(upstream:remoteref) --ignore-case refs/heads/main refs/remotes/main [56ms]
2025-12-27 09:17:01.349 [info] > git for-each-ref --sort -committerdate --format %(refname)%00%(objectname)%00%(*objectname) [38ms]
2025-12-27 09:17:01.350 [info] > git status -z -uall [40ms]
2025-12-27 09:17:10.276 [info] [Git][getRemotes] No remotes found in the git config file
2025-12-27 09:17:10.360 [info] > git config --get commit.template [94ms]
2025-12-27 09:17:10.364 [info] > git for-each-ref --format=%(refname)%00%(upstream:short)%00%(objectname)%00%(upstream:track)%00%(upstream:remotename)%00%(upstream:remoteref) --ignore-case refs/heads/main refs/remotes/main [88ms]
2025-12-27 09:17:10.420 [info] > git for-each-ref --sort -committerdate --format %(refname)%00%(objectname)%00%(*objectname) [54ms]
2025-12-27 09:17:10.421 [info] > git status -z -uall [56ms]
2025-12-27 09:17:15.517 [info] [Git][getRemotes] No remotes found in the git config file
2025-12-27 09:17:15.588 [info] > git for-each-ref --format=%(refname)%00%(upstream:short)%00%(objectname)%00%(upstream:track)%00%(upstream:remotename)%00%(upstream:remoteref) --ignore-case refs/heads/main refs/remotes/main [67ms]
2025-12-27 09:17:15.590 [info] > git config --get commit.template [101ms]
2025-12-27 09:17:15.650 [info] > git status -z -uall [58ms]
2025-12-27 09:17:15.663 [info] > git for-each-ref --sort -committerdate --format %(refname)%00%(objectname)%00%(*objectname) [68ms]
2025-12-27 09:17:20.680 [info] [Git][getRemotes] No remotes found in the git config file
2025-12-27 09:17:20.749 [info] > git config --get commit.template [73ms]
2025-12-27 09:17:20.761 [info] > git for-each-ref --format=%(refname)%00%(upstream:short)%00%(objectname)%00%(upstream:track)%00%(upstream:remotename)%00%(upstream:remoteref) --ignore-case refs/heads/main refs/remotes/main [79ms]
2025-12-27 09:17:20.865 [info] > git for-each-ref --sort -committerdate --format %(refname)%00%(objectname)%00%(*objectname) [101ms]
2025-12-27 09:17:20.868 [info] > git status -z -uall [106ms]
2025-12-27 09:17:25.877 [info] [Git][getRemotes] No remotes found in the git config file
2025-12-27 09:17:25.920 [info] > git config --get commit.template [43ms]
2025-12-27 09:17:25.925 [info] > git for-each-ref --format=%(refname)%00%(upstream:short)%00%(objectname)%00%(upstream:track)%00%(upstream:remotename)%00%(upstream:remoteref) --ignore-case refs/heads/main refs/remotes/main [47ms]
2025-12-27 09:17:25.973 [info] > git for-each-ref --sort -committerdate --format %(refname)%00%(objectname)%00%(*objectname) [44ms]
2025-12-27 09:17:25.975 [info] > git status -z -uall [49ms]
2025-12-27 09:17:30.986 [info] [Git][getRemotes] No remotes found in the git config file
2025-12-27 09:17:31.049 [info] > git config --get commit.template [64ms]
2025-12-27 09:17:31.050 [info] > git for-each-ref --format=%(refname)%00%(upstream:short)%00%(objectname)%00%(upstream:track)%00%(upstream:remotename)%00%(upstream:remoteref) --ignore-case refs/heads/main refs/remotes/main [62ms]
2025-12-27 09:17:31.103 [info] > git for-each-ref --sort -committerdate --format %(refname)%00%(objectname)%00%(*objectname) [50ms]
2025-12-27 09:17:31.106 [info] > git status -z -uall [55ms]
2025-12-27 09:17:36.119 [info] [Git][getRemotes] No remotes found in the git config file
2025-12-27 09:17:36.172 [info] > git config --get commit.template [54ms]
2025-12-27 09:17:36.172 [info] > git for-each-ref --format=%(refname)%00%(upstream:short)%00%(objectname)%00%(upstream:track)%00%(upstream:remotename)%00%(upstream:remoteref) --ignore-case refs/heads/main refs/remotes/main [51ms]
2025-12-27 09:17:36.258 [info] > git for-each-ref --sort -committerdate --format %(refname)%00%(objectname)%00%(*objectname) [82ms]
2025-12-27 09:17:36.262 [info] > git status -z -uall [88ms]
2025-12-27 09:17:41.278 [info] [Git][getRemotes] No remotes found in the git config file
2025-12-27 09:17:41.321 [info] > git config --get commit.template [44ms]
2025-12-27 09:17:41.326 [info] > git for-each-ref --format=%(refname)%00%(upstream:short)%00%(objectname)%00%(upstream:track)%00%(upstream:remotename)%00%(upstream:remoteref) --ignore-case refs/heads/main refs/remotes/main [47ms]
2025-12-27 09:17:41.374 [info] > git for-each-ref --sort -committerdate --format %(refname)%00%(objectname)%00%(*objectname) [45ms]
2025-12-27 09:17:41.377 [info] > git status -z -uall [50ms]
2025-12-27 09:17:46.388 [info] [Git][getRemotes] No remotes found in the git config file
2025-12-27 09:17:46.450 [info] > git config --get commit.template [66ms]
2025-12-27 09:17:46.454 [info] > git for-each-ref --format=%(refname)%00%(upstream:short)%00%(objectname)%00%(upstream:track)%00%(upstream:remotename)%00%(upstream:remoteref) --ignore-case refs/heads/main refs/remotes/main [68ms]
2025-12-27 09:17:46.508 [info] > git for-each-ref --sort -committerdate --format %(refname)%00%(objectname)%00%(*objectname) [51ms]
2025-12-27 09:17:46.509 [info] > git status -z -uall [54ms]
2025-12-27 09:17:51.523 [info] [Git][getRemotes] No remotes found in the git config file
2025-12-27 09:17:51.569 [info] > git config --get commit.template [48ms]
2025-12-27 09:17:51.572 [info] > git for-each-ref --format=%(refname)%00%(upstream:short)%00%(objectname)%00%(upstream:track)%00%(upstream:remotename)%00%(upstream:remoteref) --ignore-case refs/heads/main refs/remotes/main [49ms]
2025-12-27 09:17:51.624 [info] > git for-each-ref --sort -committerdate --format %(refname)%00%(objectname)%00%(*objectname) [47ms]
2025-12-27 09:17:51.626 [info] > git status -z -uall [51ms]
2025-12-27 09:17:56.647 [info] [Git][getRemotes] No remotes found in the git config file
2025-12-27 09:17:56.726 [info] > git config --get commit.template [89ms]
2025-12-27 09:17:56.732 [info] > git for-each-ref --format=%(refname)%00%(upstream:short)%00%(objectname)%00%(upstream:track)%00%(upstream:remotename)%00%(upstream:remoteref) --ignore-case refs/heads/main refs/remotes/main [86ms]
2025-12-27 09:17:56.812 [info] > git for-each-ref --sort -committerdate --format %(refname)%00%(objectname)%00%(*objectname) [75ms]
2025-12-27 09:17:56.813 [info] > git status -z -uall [79ms]
2025-12-27 09:18:01.825 [info] [Git][getRemotes] No remotes found in the git config file
2025-12-27 09:18:01.873 [info] > git config --get commit.template [50ms]
2025-12-27 09:18:01.877 [info] > git for-each-ref --format=%(refname)%00%(upstream:short)%00%(objectname)%00%(upstream:track)%00%(upstream:remotename)%00%(upstream:remoteref) --ignore-case refs/heads/main refs/remotes/main [52ms]
2025-12-27 09:18:01.943 [info] > git for-each-ref --sort -committerdate --format %(refname)%00%(objectname)%00%(*objectname) [60ms]
2025-12-27 09:18:01.955 [info] > git status -z -uall [75ms]
2025-12-27 09:18:06.966 [info] [Git][getRemotes] No remotes found in the git config file
2025-12-27 09:18:07.022 [info] > git config --get commit.template [57ms]
2025-12-27 09:18:07.028 [info] > git for-each-ref --format=%(refname)%00%(upstream:short)%00%(objectname)%00%(upstream:track)%00%(upstream:remotename)%00%(upstream:remoteref) --ignore-case refs/heads/main refs/remotes/main [60ms]
2025-12-27 09:18:07.076 [info] > git for-each-ref --sort -committerdate --format %(refname)%00%(objectname)%00%(*objectname) [46ms]
2025-12-27 09:18:07.077 [info] > git status -z -uall [48ms]
2025-12-27 09:18:19.630 [info] [Git][getRemotes] No remotes found in the git config file
2025-12-27 09:18:19.687 [info] > git config --get commit.template [58ms]
2025-12-27 09:18:19.693 [info] > git for-each-ref --format=%(refname)%00%(upstream:short)%00%(objectname)%00%(upstream:track)%00%(upstream:remotename)%00%(upstream:remoteref) --ignore-case refs/heads/main refs/remotes/main [61ms]
2025-12-27 09:18:19.750 [info] > git for-each-ref --sort -committerdate --format %(refname)%00%(objectname)%00%(*objectname) [54ms]
2025-12-27 09:18:19.759 [info] > git status -z -uall [65ms]
2025-12-27 09:18:24.772 [info] [Git][getRemotes] No remotes found in the git config file
2025-12-27 09:18:24.818 [info] > git config --get commit.template [47ms]
2025-12-27 09:18:24.821 [info] > git for-each-ref --format=%(refname)%00%(upstream:short)%00%(objectname)%00%(upstream:track)%00%(upstream:remotename)%00%(upstream:remoteref) --ignore-case refs/heads/main refs/remotes/main [47ms]
2025-12-27 09:18:24.859 [info] > git for-each-ref --sort -committerdate --format %(refname)%00%(objectname)%00%(*objectname) [36ms]
2025-12-27 09:18:24.860 [info] > git status -z -uall [38ms]
2025-12-27 09:18:31.544 [info] [Git][getRemotes] No remotes found in the git config file
2025-12-27 09:18:31.607 [info] > git config --get commit.template [65ms]
2025-12-27 09:18:31.612 [info] > git for-each-ref --format=%(refname)%00%(upstream:short)%00%(objectname)%00%(upstream:track)%00%(upstream:remotename)%00%(upstream:remoteref) --ignore-case refs/heads/main refs/remotes/main [67ms]
2025-12-27 09:18:31.680 [info] > git for-each-ref --sort -committerdate --format %(refname)%00%(objectname)%00%(*objectname) [66ms]
2025-12-27 09:18:31.685 [info] > git status -z -uall [72ms]
2025-12-27 09:18:36.694 [info] [Git][getRemotes] No remotes found in the git config file
2025-12-27 09:18:36.776 [info] > git config --get commit.template [85ms]
2025-12-27 09:18:36.780 [info] > git for-each-ref --format=%(refname)%00%(upstream:short)%00%(objectname)%00%(upstream:track)%00%(upstream:remotename)%00%(upstream:remoteref) --ignore-case refs/heads/main refs/remotes/main [84ms]
2025-12-27 09:18:36.846 [info] > git status -z -uall [63ms]
2025-12-27 09:18:36.848 [info] > git for-each-ref --sort -committerdate --format %(refname)%00%(objectname)%00%(*objectname) [63ms]
2025-12-27 09:18:41.859 [info] [Git][getRemotes] No remotes found in the git config file
2025-12-27 09:18:41.979 [info] > git config --get commit.template [124ms]
2025-12-27 09:18:41.982 [info] > git for-each-ref --format=%(refname)%00%(upstream:short)%00%(objectname)%00%(upstream:track)%00%(upstream:remotename)%00%(upstream:remoteref) --ignore-case refs/heads/main refs/remotes/main [120ms]
2025-12-27 09:18:42.027 [info] > git status -z -uall [44ms]
2025-12-27 09:18:42.028 [info] > git for-each-ref --sort -committerdate --format %(refname)%00%(objectname)%00%(*objectname) [42ms]
2025-12-27 09:18:47.042 [info] [Git][getRemotes] No remotes found in the git config file
2025-12-27 09:18:47.097 [info] > git config --get commit.template [57ms]
2025-12-27 09:18:47.102 [info] > git for-each-ref --format=%(refname)%00%(upstream:short)%00%(objectname)%00%(upstream:track)%00%(upstream:remotename)%00%(upstream:remoteref) --ignore-case refs/heads/main refs/remotes/main [60ms]
2025-12-27 09:18:47.167 [info] > git status -z -uall [63ms]
2025-12-27 09:18:47.177 [info] > git for-each-ref --sort -committerdate --format %(refname)%00%(objectname)%00%(*objectname) [70ms]
2025-12-27 09:18:52.191 [info] [Git][getRemotes] No remotes found in the git config file
2025-12-27 09:18:52.248 [info] > git config --get commit.template [61ms]
2025-12-27 09:18:52.256 [info] > git for-each-ref --format=%(refname)%00%(upstream:short)%00%(objectname)%00%(upstream:track)%00%(upstream:remotename)%00%(upstream:remoteref) --ignore-case refs/heads/main refs/remotes/main [65ms]
2025-12-27 09:18:52.320 [info] > git status -z -uall [62ms]
2025-12-27 09:18:52.322 [info] > git for-each-ref --sort -committerdate --format %(refname)%00%(objectname)%00%(*objectname) [62ms]
2025-12-27 09:18:57.347 [info] [Git][getRemotes] No remotes found in the git config file
2025-12-27 09:18:57.444 [info] > git config --get commit.template [100ms]
2025-12-27 09:18:57.448 [info] > git for-each-ref --format=%(refname)%00%(upstream:short)%00%(objectname)%00%(upstream:track)%00%(upstream:remotename)%00%(upstream:remoteref) --ignore-case refs/heads/main refs/remotes/main [101ms]
2025-12-27 09:18:57.510 [info] > git for-each-ref --sort -committerdate --format %(refname)%00%(objectname)%00%(*objectname) [57ms]
2025-12-27 09:18:57.512 [info] > git status -z -uall [62ms]
2025-12-27 09:19:02.532 [info] [Git][getRemotes] No remotes found in the git config file
2025-12-27 09:19:02.630 [info] > git config --get commit.template [99ms]
2025-12-27 09:19:02.637 [info] > git for-each-ref --format=%(refname)%00%(upstream:short)%00%(objectname)%00%(upstream:track)%00%(upstream:remotename)%00%(upstream:remoteref) --ignore-case refs/heads/main refs/remotes/main [104ms]
2025-12-27 09:19:02.710 [info] > git status -z -uall [70ms]
2025-12-27 09:19:02.710 [info] > git for-each-ref --sort -committerdate --format %(refname)%00%(objectname)%00%(*objectname) [68ms]
2025-12-27 09:19:08.796 [info] [Git][getRemotes] No remotes found in the git config file
2025-12-27 09:19:08.861 [info] > git config --get commit.template [66ms]
2025-12-27 09:19:08.866 [info] > git for-each-ref --format=%(refname)%00%(upstream:short)%00%(objectname)%00%(upstream:track)%00%(upstream:remotename)%00%(upstream:remoteref) --ignore-case refs/heads/main refs/remotes/main [69ms]
2025-12-27 09:19:08.947 [info] > git for-each-ref --sort -committerdate --format %(refname)%00%(objectname)%00%(*objectname) [78ms]
2025-12-27 09:19:08.949 [info] > git status -z -uall [82ms]
2025-12-27 09:19:13.959 [info] [Git][getRemotes] No remotes found in the git config file
2025-12-27 09:19:14.059 [info] > git config --get commit.template [101ms]
2025-12-27 09:19:14.060 [info] > git for-each-ref --format=%(refname)%00%(upstream:short)%00%(objectname)%00%(upstream:track)%00%(upstream:remotename)%00%(upstream:remoteref) --ignore-case refs/heads/main refs/remotes/main [98ms]
2025-12-27 09:19:14.132 [info] > git status -z -uall [71ms]
2025-12-27 09:19:14.147 [info] > git for-each-ref --sort -committerdate --format %(refname)%00%(objectname)%00%(*objectname) [84ms]
2025-12-27 09:19:19.168 [info] [Git][getRemotes] No remotes found in the git config file
2025-12-27 09:19:19.239 [info] > git config --get commit.template [71ms]
2025-12-27 09:19:19.244 [info] > git for-each-ref --format=%(refname)%00%(upstream:short)%00%(objectname)%00%(upstream:track)%00%(upstream:remotename)%00%(upstream:remoteref) --ignore-case refs/heads/main refs/remotes/main [70ms]
2025-12-27 09:19:19.308 [info] > git status -z -uall [62ms]
2025-12-27 09:19:19.309 [info] > git for-each-ref --sort -committerdate --format %(refname)%00%(objectname)%00%(*objectname) [61ms]
2025-12-27 09:19:24.329 [info] [Git][getRemotes] No remotes found in the git config file
2025-12-27 09:19:24.378 [info] > git config --get commit.template [51ms]
2025-12-27 09:19:24.382 [info] > git for-each-ref --format=%(refname)%00%(upstream:short)%00%(objectname)%00%(upstream:track)%00%(upstream:remotename)%00%(upstream:remoteref) --ignore-case refs/heads/main refs/remotes/main [53ms]
2025-12-27 09:19:24.458 [info] > git status -z -uall [74ms]
2025-12-27 09:19:24.460 [info] > git for-each-ref --sort -committerdate --format %(refname)%00%(objectname)%00%(*objectname) [74ms]
2025-12-27 09:19:29.474 [info] [Git][getRemotes] No remotes found in the git config file
2025-12-27 09:19:29.534 [info] > git config --get commit.template [64ms]
2025-12-27 09:19:29.546 [info] > git for-each-ref --format=%(refname)%00%(upstream:short)%00%(objectname)%00%(upstream:track)%00%(upstream:remotename)%00%(upstream:remoteref) --ignore-case refs/heads/main refs/remotes/main [71ms]
2025-12-27 09:19:29.597 [info] > git for-each-ref --sort -committerdate --format %(refname)%00%(objectname)%00%(*objectname) [49ms]
2025-12-27 09:19:29.597 [info] > git status -z -uall [50ms]
2025-12-27 09:19:34.610 [info] [Git][getRemotes] No remotes found in the git config file
2025-12-27 09:19:34.643 [info] > git config --get commit.template [35ms]
2025-12-27 09:19:34.647 [info] > git for-each-ref --format=%(refname)%00%(upstream:short)%00%(objectname)%00%(upstream:track)%00%(upstream:remotename)%00%(upstream:remoteref) --ignore-case refs/heads/main refs/remotes/main [38ms]
2025-12-27 09:19:34.686 [info] > git for-each-ref --sort -committerdate --format %(refname)%00%(objectname)%00%(*objectname) [36ms]
2025-12-27 09:19:34.689 [info] > git status -z -uall [41ms]
2025-12-27 09:19:37.433 [info] > git fetch [109ms]
2025-12-27 09:19:37.554 [info] [Git][getRemotes] No remotes found in the git config file
2025-12-27 09:19:37.666 [info] > git config --get commit.template [230ms]
2025-12-27 09:19:37.687 [info] > git for-each-ref --format=%(refname)%00%(upstream:short)%00%(objectname)%00%(upstream:track)%00%(upstream:remotename)%00%(upstream:remoteref) --ignore-case refs/heads/main refs/remotes/main [247ms]
2025-12-27 09:19:37.761 [info] > git status -z -uall [70ms]
2025-12-27 09:19:37.763 [info] > git for-each-ref --sort -committerdate --format %(refname)%00%(objectname)%00%(*objectname) [71ms]
2025-12-27 09:19:39.698 [info] [Git][getRemotes] No remotes found in the git config file
2025-12-27 09:19:39.755 [info] > git config --get commit.template [57ms]
2025-12-27 09:19:39.758 [info] > git for-each-ref --format=%(refname)%00%(upstream:short)%00%(objectname)%00%(upstream:track)%00%(upstream:remotename)%00%(upstream:remoteref) --ignore-case refs/heads/main refs/remotes/main [59ms]
2025-12-27 09:19:39.809 [info] > git for-each-ref --sort -committerdate --format %(refname)%00%(objectname)%00%(*objectname) [48ms]
2025-12-27 09:19:39.812 [info] > git status -z -uall [53ms]
2025-12-27 09:19:44.824 [info] [Git][getRemotes] No remotes found in the git config file
2025-12-27 09:19:44.873 [info] > git config --get commit.template [52ms]
2025-12-27 09:19:44.875 [info] > git for-each-ref --format=%(refname)%00%(upstream:short)%00%(objectname)%00%(upstream:track)%00%(upstream:remotename)%00%(upstream:remoteref) --ignore-case refs/heads/main refs/remotes/main [50ms]
2025-12-27 09:19:44.927 [info] > git for-each-ref --sort -committerdate --format %(refname)%00%(objectname)%00%(*objectname) [49ms]
2025-12-27 09:19:44.930 [info] > git status -z -uall [54ms]
2025-12-27 09:19:50.744 [info] [Git][getRemotes] No remotes found in the git config file
2025-12-27 09:19:50.783 [info] > git config --get commit.template [41ms]
2025-12-27 09:19:50.787 [info] > git for-each-ref --format=%(refname)%00%(upstream:short)%00%(objectname)%00%(upstream:track)%00%(upstream:remotename)%00%(upstream:remoteref) --ignore-case refs/heads/main refs/remotes/main [43ms]
2025-12-27 09:19:50.842 [info] > git for-each-ref --sort -committerdate --format %(refname)%00%(objectname)%00%(*objectname) [52ms]
2025-12-27 09:19:50.843 [info] > git status -z -uall [54ms]
2025-12-27 09:19:55.858 [info] [Git][getRemotes] No remotes found in the git config file
2025-12-27 09:19:55.912 [info] > git config --get commit.template [57ms]
2025-12-27 09:19:55.916 [info] > git for-each-ref --format=%(refname)%00%(upstream:short)%00%(objectname)%00%(upstream:track)%00%(upstream:remotename)%00%(upstream:remoteref) --ignore-case refs/heads/main refs/remotes/main [58ms]
2025-12-27 09:19:55.974 [info] > git status -z -uall [57ms]
2025-12-27 09:19:55.974 [info] > git for-each-ref --sort -committerdate --format %(refname)%00%(objectname)%00%(*objectname) [53ms]
2025-12-27 09:20:01.031 [info] [Git][getRemotes] No remotes found in the git config file
2025-12-27 09:20:01.086 [info] > git config --get commit.template [91ms]
2025-12-27 09:20:01.093 [info] > git for-each-ref --format=%(refname)%00%(upstream:short)%00%(objectname)%00%(upstream:track)%00%(upstream:remotename)%00%(upstream:remoteref) --ignore-case refs/heads/main refs/remotes/main [61ms]
2025-12-27 09:20:01.163 [info] > git for-each-ref --sort -committerdate --format %(refname)%00%(objectname)%00%(*objectname) [66ms]
2025-12-27 09:20:01.168 [info] > git status -z -uall [73ms]
2025-12-27 09:20:06.177 [info] [Git][getRemotes] No remotes found in the git config file
2025-12-27 09:20:06.226 [info] > git config --get commit.template [50ms]
2025-12-27 09:20:06.231 [info] > git for-each-ref --format=%(refname)%00%(upstream:short)%00%(objectname)%00%(upstream:track)%00%(upstream:remotename)%00%(upstream:remoteref) --ignore-case refs/heads/main refs/remotes/main [53ms]
2025-12-27 09:20:06.272 [info] > git status -z -uall [39ms]
2025-12-27 09:20:06.272 [info] > git for-each-ref --sort -committerdate --format %(refname)%00%(objectname)%00%(*objectname) [38ms]
2025-12-27 09:20:11.280 [info] [Git][getRemotes] No remotes found in the git config file
2025-12-27 09:20:11.325 [info] > git config --get commit.template [45ms]
2025-12-27 09:20:11.328 [info] > git for-each-ref --format=%(refname)%00%(upstream:short)%00%(objectname)%00%(upstream:track)%00%(upstream:remotename)%00%(upstream:remoteref) --ignore-case refs/heads/main refs/remotes/main [46ms]
2025-12-27 09:20:11.383 [info] > git status -z -uall [54ms]
2025-12-27 09:20:11.386 [info] > git for-each-ref --sort -committerdate --format %(refname)%00%(objectname)%00%(*objectname) [56ms]
2025-12-27 09:20:22.926 [info] [Git][getRemotes] No remotes found in the git config file
2025-12-27 09:20:22.984 [info] > git config --get commit.template [58ms]
2025-12-27 09:20:22.997 [info] > git for-each-ref --format=%(refname)%00%(upstream:short)%00%(objectname)%00%(upstream:track)%00%(upstream:remotename)%00%(upstream:remoteref) --ignore-case refs/heads/main refs/remotes/main [68ms]
2025-12-27 09:20:23.073 [info] > git status -z -uall [74ms]
2025-12-27 09:20:23.079 [info] > git for-each-ref --sort -committerdate --format %(refname)%00%(objectname)%00%(*objectname) [77ms]
2025-12-27 09:20:28.086 [info] [Git][getRemotes] No remotes found in the git config file
2025-12-27 09:20:28.140 [info] > git config --get commit.template [55ms]
2025-12-27 09:20:28.144 [info] > git for-each-ref --format=%(refname)%00%(upstream:short)%00%(objectname)%00%(upstream:track)%00%(upstream:remotename)%00%(upstream:remoteref) --ignore-case refs/heads/main refs/remotes/main [58ms]
2025-12-27 09:20:28.260 [info] > git for-each-ref --sort -committerdate --format %(refname)%00%(objectname)%00%(*objectname) [111ms]
2025-12-27 09:20:28.264 [info] > git status -z -uall [118ms]
2025-12-27 09:20:33.295 [info] [Git][getRemotes] No remotes found in the git config file
2025-12-27 09:20:33.432 [info] > git config --get commit.template [141ms]
2025-12-27 09:20:33.435 [info] > git for-each-ref --format=%(refname)%00%(upstream:short)%00%(objectname)%00%(upstream:track)%00%(upstream:remotename)%00%(upstream:remoteref) --ignore-case refs/heads/main refs/remotes/main [140ms]
2025-12-27 09:20:33.490 [info] > git status -z -uall [54ms]
2025-12-27 09:20:33.492 [info] > git for-each-ref --sort -committerdate --format %(refname)%00%(objectname)%00%(*objectname) [53ms]
2025-12-27 09:20:38.522 [info] [Git][getRemotes] No remotes found in the git config file
2025-12-27 09:20:38.570 [info] > git config --get commit.template [56ms]
2025-12-27 09:20:38.574 [info] > git for-each-ref --format=%(refname)%00%(upstream:short)%00%(objectname)%00%(upstream:track)%00%(upstream:remotename)%00%(upstream:remoteref) --ignore-case refs/heads/main refs/remotes/main [53ms]
2025-12-27 09:20:38.629 [info] > git for-each-ref --sort -committerdate --format %(refname)%00%(objectname)%00%(*objectname) [52ms]
2025-12-27 09:20:38.634 [info] > git status -z -uall [58ms]
2025-12-27 09:20:43.650 [info] [Git][getRemotes] No remotes found in the git config file
2025-12-27 09:20:43.687 [info] > git config --get commit.template [38ms]
2025-12-27 09:20:43.689 [info] > git for-each-ref --format=%(refname)%00%(upstream:short)%00%(objectname)%00%(upstream:track)%00%(upstream:remotename)%00%(upstream:remoteref) --ignore-case refs/heads/main refs/remotes/main [39ms]
2025-12-27 09:20:43.737 [info] > git status -z -uall [46ms]
2025-12-27 09:20:43.739 [info] > git for-each-ref --sort -committerdate --format %(refname)%00%(objectname)%00%(*objectname) [47ms]
2025-12-27 09:20:48.749 [info] [Git][getRemotes] No remotes found in the git config file
2025-12-27 09:20:48.802 [info] > git config --get commit.template [54ms]
2025-12-27 09:20:48.809 [info] > git for-each-ref --format=%(refname)%00%(upstream:short)%00%(objectname)%00%(upstream:track)%00%(upstream:remotename)%00%(upstream:remoteref) --ignore-case refs/heads/main refs/remotes/main [60ms]
2025-12-27 09:20:48.864 [info] > git for-each-ref --sort -committerdate --format %(refname)%00%(objectname)%00%(*objectname) [52ms]
2025-12-27 09:20:48.865 [info] > git status -z -uall [55ms]
2025-12-27 09:20:53.880 [info] [Git][getRemotes] No remotes found in the git config file
2025-12-27 09:20:53.964 [info] > git config --get commit.template [87ms]
2025-12-27 09:20:53.982 [info] > git for-each-ref --format=%(refname)%00%(upstream:short)%00%(objectname)%00%(upstream:track)%00%(upstream:remotename)%00%(upstream:remoteref) --ignore-case refs/heads/main refs/remotes/main [101ms]
2025-12-27 09:20:54.051 [info] > git status -z -uall [67ms]
2025-12-27 09:20:54.084 [info] > git for-each-ref --sort -committerdate --format %(refname)%00%(objectname)%00%(*objectname) [98ms]
2025-12-27 09:20:59.098 [info] [Git][getRemotes] No remotes found in the git config file
2025-12-27 09:20:59.170 [info] > git config --get commit.template [76ms]
2025-12-27 09:20:59.175 [info] > git for-each-ref --format=%(refname)%00%(upstream:short)%00%(objectname)%00%(upstream:track)%00%(upstream:remotename)%00%(upstream:remoteref) --ignore-case refs/heads/main refs/remotes/main [78ms]
2025-12-27 09:20:59.239 [info] > git status -z -uall [63ms]
2025-12-27 09:20:59.239 [info] > git for-each-ref --sort -committerdate --format %(refname)%00%(objectname)%00%(*objectname) [61ms]
2025-12-27 09:21:04.251 [info] [Git][getRemotes] No remotes found in the git config file
2025-12-27 09:21:04.325 [info] > git config --get commit.template [79ms]
2025-12-27 09:21:04.326 [info] > git for-each-ref --format=%(refname)%00%(upstream:short)%00%(objectname)%00%(upstream:track)%00%(upstream:remotename)%00%(upstream:remoteref) --ignore-case refs/heads/main refs/remotes/main [73ms]
2025-12-27 09:21:04.515 [info] > git status -z -uall [187ms]
2025-12-27 09:21:04.524 [info] > git for-each-ref --sort -committerdate --format %(refname)%00%(objectname)%00%(*objectname) [193ms]
2025-12-27 09:21:09.532 [info] [Git][getRemotes] No remotes found in the git config file
2025-12-27 09:21:09.578 [info] > git config --get commit.template [47ms]
2025-12-27 09:21:09.581 [info] > git for-each-ref --format=%(refname)%00%(upstream:short)%00%(objectname)%00%(upstream:track)%00%(upstream:remotename)%00%(upstream:remoteref) --ignore-case refs/heads/main refs/remotes/main [49ms]
2025-12-27 09:21:09.668 [info] > git status -z -uall [86ms]
2025-12-27 09:21:09.670 [info] > git for-each-ref --sort -committerdate --format %(refname)%00%(objectname)%00%(*objectname) [87ms]
2025-12-27 09:21:15.195 [info] [Git][getRemotes] No remotes found in the git config file
2025-12-27 09:21:15.252 [info] > git config --get commit.template [59ms]
2025-12-27 09:21:15.257 [info] > git for-each-ref --format=%(refname)%00%(upstream:short)%00%(objectname)%00%(upstream:track)%00%(upstream:remotename)%00%(upstream:remoteref) --ignore-case refs/heads/main refs/remotes/main [63ms]
2025-12-27 09:21:15.331 [info] > git for-each-ref --sort -committerdate --format %(refname)%00%(objectname)%00%(*objectname) [70ms]
2025-12-27 09:21:15.334 [info] > git status -z -uall [76ms]
2025-12-27 09:21:20.391 [info] [Git][getRemotes] No remotes found in the git config file
2025-12-27 09:21:20.484 [info] > git for-each-ref --format=%(refname)%00%(upstream:short)%00%(objectname)%00%(upstream:track)%00%(upstream:remotename)%00%(upstream:remoteref) --ignore-case refs/heads/main refs/remotes/main [90ms]
2025-12-27 09:21:20.485 [info] > git config --get commit.template [107ms]
2025-12-27 09:21:20.569 [info] > git for-each-ref --sort -committerdate --format %(refname)%00%(objectname)%00%(*objectname) [78ms]
2025-12-27 09:21:20.573 [info] > git status -z -uall [85ms]
2025-12-27 09:21:26.863 [info] [Git][getRemotes] No remotes found in the git config file
2025-12-27 09:21:26.956 [info] > git config --get commit.template [109ms]
2025-12-27 09:21:26.959 [info] > git for-each-ref --format=%(refname)%00%(upstream:short)%00%(objectname)%00%(upstream:track)%00%(upstream:remotename)%00%(upstream:remoteref) --ignore-case refs/heads/main refs/remotes/main [94ms]
2025-12-27 09:21:27.056 [info] > git status -z -uall [94ms]
2025-12-27 09:21:27.067 [info] > git for-each-ref --sort -committerdate --format %(refname)%00%(objectname)%00%(*objectname) [103ms]
2025-12-27 09:21:32.084 [info] [Git][getRemotes] No remotes found in the git config file
2025-12-27 09:21:32.133 [info] > git config --get commit.template [50ms]
2025-12-27 09:21:32.139 [info] > git for-each-ref --format=%(refname)%00%(upstream:short)%00%(objectname)%00%(upstream:track)%00%(upstream:remotename)%00%(upstream:remoteref) --ignore-case refs/heads/main refs/remotes/main [53ms]
2025-12-27 09:21:32.178 [info] > git for-each-ref --sort -committerdate --format %(refname)%00%(objectname)%00%(*objectname) [37ms]
2025-12-27 09:21:32.179 [info] > git status -z -uall [39ms]
2025-12-27 09:21:37.191 [info] [Git][getRemotes] No remotes found in the git config file
2025-12-27 09:21:37.254 [info] > git config --get commit.template [64ms]
2025-12-27 09:21:37.260 [info] > git for-each-ref --format=%(refname)%00%(upstream:short)%00%(objectname)%00%(upstream:track)%00%(upstream:remotename)%00%(upstream:remoteref) --ignore-case refs/heads/main refs/remotes/main [68ms]
2025-12-27 09:21:37.304 [info] > git for-each-ref --sort -committerdate --format %(refname)%00%(objectname)%00%(*objectname) [40ms]
2025-12-27 09:21:37.305 [info] > git status -z -uall [44ms]
2025-12-27 09:21:42.321 [info] [Git][getRemotes] No remotes found in the git config file
2025-12-27 09:21:42.428 [info] > git config --get commit.template [109ms]
2025-12-27 09:21:42.430 [info] > git for-each-ref --format=%(refname)%00%(upstream:short)%00%(objectname)%00%(upstream:track)%00%(upstream:remotename)%00%(upstream:remoteref) --ignore-case refs/heads/main refs/remotes/main [110ms]
2025-12-27 09:21:42.516 [info] > git for-each-ref --sort -committerdate --format %(refname)%00%(objectname)%00%(*objectname) [81ms]
2025-12-27 09:21:42.534 [info] > git status -z -uall [102ms]
2025-12-27 09:21:47.546 [info] [Git][getRemotes] No remotes found in the git config file
2025-12-27 09:21:47.587 [info] > git config --get commit.template [42ms]
2025-12-27 09:21:47.593 [info] > git for-each-ref --format=%(refname)%00%(upstream:short)%00%(objectname)%00%(upstream:track)%00%(upstream:remotename)%00%(upstream:remoteref) --ignore-case refs/heads/main refs/remotes/main [44ms]
2025-12-27 09:21:47.637 [info] > git status -z -uall [42ms]
2025-12-27 09:21:47.638 [info] > git for-each-ref --sort -committerdate --format %(refname)%00%(objectname)%00%(*objectname) [41ms]
2025-12-27 09:21:52.651 [info] [Git][getRemotes] No remotes found in the git config file
2025-12-27 09:21:52.693 [info] > git config --get commit.template [45ms]
2025-12-27 09:21:52.697 [info] > git for-each-ref --format=%(refname)%00%(upstream:short)%00%(objectname)%00%(upstream:track)%00%(upstream:remotename)%00%(upstream:remoteref) --ignore-case refs/heads/main refs/remotes/main [46ms]
2025-12-27 09:21:52.736 [info] > git for-each-ref --sort -committerdate --format %(refname)%00%(objectname)%00%(*objectname) [37ms]
2025-12-27 09:21:52.738 [info] > git status -z -uall [39ms]
2025-12-27 09:21:57.748 [info] [Git][getRemotes] No remotes found in the git config file
2025-12-27 09:21:57.796 [info] > git config --get commit.template [51ms]
2025-12-27 09:21:57.800 [info] > git for-each-ref --format=%(refname)%00%(upstream:short)%00%(objectname)%00%(upstream:track)%00%(upstream:remotename)%00%(upstream:remoteref) --ignore-case refs/heads/main refs/remotes/main [52ms]
2025-12-27 09:21:57.851 [info] > git for-each-ref --sort -committerdate --format %(refname)%00%(objectname)%00%(*objectname) [48ms]
2025-12-27 09:21:57.852 [info] > git status -z -uall [51ms]
2025-12-27 09:22:02.862 [info] [Git][getRemotes] No remotes found in the git config file
2025-12-27 09:22:02.897 [info] > git config --get commit.template [36ms]
2025-12-27 09:22:02.900 [info] > git for-each-ref --format=%(refname)%00%(upstream:short)%00%(objectname)%00%(upstream:track)%00%(upstream:remotename)%00%(upstream:remoteref) --ignore-case refs/heads/main refs/remotes/main [37ms]
2025-12-27 09:22:02.955 [info] > git for-each-ref --sort -committerdate --format %(refname)%00%(objectname)%00%(*objectname) [53ms]
2025-12-27 09:22:02.956 [info] > git status -z -uall [55ms]
2025-12-27 09:22:07.970 [info] [Git][getRemotes] No remotes found in the git config file
2025-12-27 09:22:08.027 [info] > git config --get commit.template [58ms]
2025-12-27 09:22:08.033 [info] > git for-each-ref --format=%(refname)%00%(upstream:short)%00%(objectname)%00%(upstream:track)%00%(upstream:remotename)%00%(upstream:remoteref) --ignore-case refs/heads/main refs/remotes/main [60ms]
2025-12-27 09:22:08.121 [info] > git for-each-ref --sort -committerdate --format %(refname)%00%(objectname)%00%(*objectname) [83ms]
2025-12-27 09:22:08.143 [info] > git status -z -uall [108ms]
2025-12-27 09:22:13.175 [info] [Git][getRemotes] No remotes found in the git config file
2025-12-27 09:22:13.232 [info] > git config --get commit.template [69ms]
2025-12-27 09:22:13.232 [info] > git for-each-ref --format=%(refname)%00%(upstream:short)%00%(objectname)%00%(upstream:track)%00%(upstream:remotename)%00%(upstream:remoteref) --ignore-case refs/heads/main refs/remotes/main [57ms]
2025-12-27 09:22:13.279 [info] > git for-each-ref --sort -committerdate --format %(refname)%00%(objectname)%00%(*objectname) [44ms]
2025-12-27 09:22:13.284 [info] > git status -z -uall [50ms]
2025-12-27 09:22:18.378 [info] [Git][getRemotes] No remotes found in the git config file
2025-12-27 09:22:18.428 [info] > git config --get commit.template [59ms]
2025-12-27 09:22:18.436 [info] > git for-each-ref --format=%(refname)%00%(upstream:short)%00%(objectname)%00%(upstream:track)%00%(upstream:remotename)%00%(upstream:remoteref) --ignore-case refs/heads/main refs/remotes/main [60ms]
2025-12-27 09:22:18.492 [info] > git for-each-ref --sort -committerdate --format %(refname)%00%(objectname)%00%(*objectname) [52ms]
2025-12-27 09:22:18.510 [info] > git status -z -uall [72ms]
2025-12-27 09:22:23.525 [info] [Git][getRemotes] No remotes found in the git config file
2025-12-27 09:22:23.570 [info] > git config --get commit.template [52ms]
2025-12-27 09:22:23.577 [info] > git for-each-ref --format=%(refname)%00%(upstream:short)%00%(objectname)%00%(upstream:track)%00%(upstream:remotename)%00%(upstream:remoteref) --ignore-case refs/heads/main refs/remotes/main [52ms]
2025-12-27 09:22:23.631 [info] > git for-each-ref --sort -committerdate --format %(refname)%00%(objectname)%00%(*objectname) [50ms]
2025-12-27 09:22:23.633 [info] > git status -z -uall [55ms]
2025-12-27 09:22:28.653 [info] [Git][getRemotes] No remotes found in the git config file
2025-12-27 09:22:28.773 [info] > git for-each-ref --format=%(refname)%00%(upstream:short)%00%(objectname)%00%(upstream:track)%00%(upstream:remotename)%00%(upstream:remoteref) --ignore-case refs/heads/main refs/remotes/main [126ms]
2025-12-27 09:22:28.780 [info] > git config --get commit.template [137ms]
2025-12-27 09:22:28.850 [info] > git for-each-ref --sort -committerdate --format %(refname)%00%(objectname)%00%(*objectname) [67ms]
2025-12-27 09:22:28.852 [info] > git status -z -uall [71ms]
2025-12-27 09:22:33.862 [info] [Git][getRemotes] No remotes found in the git config file
2025-12-27 09:22:33.901 [info] > git config --get commit.template [40ms]
2025-12-27 09:22:33.904 [info] > git for-each-ref --format=%(refname)%00%(upstream:short)%00%(objectname)%00%(upstream:track)%00%(upstream:remotename)%00%(upstream:remoteref) --ignore-case refs/heads/main refs/remotes/main [40ms]
2025-12-27 09:22:33.949 [info] > git for-each-ref --sort -committerdate --format %(refname)%00%(objectname)%00%(*objectname) [42ms]
2025-12-27 09:22:33.951 [info] > git status -z -uall [46ms]
2025-12-27 09:22:37.836 [info] > git fetch [61ms]
2025-12-27 09:22:37.839 [info] [Git][getRemotes] No remotes found in the git config file
2025-12-27 09:22:37.871 [info] > git config --get commit.template [33ms]
2025-12-27 09:22:37.873 [info] > git for-each-ref --format=%(refname)%00%(upstream:short)%00%(objectname)%00%(upstream:track)%00%(upstream:remotename)%00%(upstream:remoteref) --ignore-case refs/heads/main refs/remotes/main [34ms]
2025-12-27 09:22:37.909 [info] > git for-each-ref --sort -committerdate --format %(refname)%00%(objectname)%00%(*objectname) [34ms]
2025-12-27 09:22:37.910 [info] > git status -z -uall [36ms]
2025-12-27 09:22:44.413 [info] [Git][getRemotes] No remotes found in the git config file
2025-12-27 09:22:44.463 [info] > git config --get commit.template [51ms]
2025-12-27 09:22:44.467 [info] > git for-each-ref --format=%(refname)%00%(upstream:short)%00%(objectname)%00%(upstream:track)%00%(upstream:remotename)%00%(upstream:remoteref) --ignore-case refs/heads/main refs/remotes/main [53ms]
2025-12-27 09:22:44.550 [info] > git for-each-ref --sort -committerdate --format %(refname)%00%(objectname)%00%(*objectname) [81ms]
2025-12-27 09:22:44.551 [info] > git status -z -uall [83ms]
2025-12-27 09:22:49.561 [info] [Git][getRemotes] No remotes found in the git config file
2025-12-27 09:22:49.603 [info] > git config --get commit.template [43ms]
2025-12-27 09:22:49.605 [info] > git for-each-ref --format=%(refname)%00%(upstream:short)%00%(objectname)%00%(upstream:track)%00%(upstream:remotename)%00%(upstream:remoteref) --ignore-case refs/heads/main refs/remotes/main [44ms]
2025-12-27 09:22:49.669 [info] > git for-each-ref --sort -committerdate --format %(refname)%00%(objectname)%00%(*objectname) [60ms]
2025-12-27 09:22:49.670 [info] > git status -z -uall [63ms]
2025-12-27 09:22:54.679 [info] [Git][getRemotes] No remotes found in the git config file
2025-12-27 09:22:54.802 [info] > git config --get commit.template [123ms]
2025-12-27 09:22:54.804 [info] > git for-each-ref --format=%(refname)%00%(upstream:short)%00%(objectname)%00%(upstream:track)%00%(upstream:remotename)%00%(upstream:remoteref) --ignore-case refs/heads/main refs/remotes/main [121ms]
2025-12-27 09:22:54.884 [info] > git for-each-ref --sort -committerdate --format %(refname)%00%(objectname)%00%(*objectname) [75ms]
2025-12-27 09:22:54.885 [info] > git status -z -uall [78ms]
2025-12-27 09:22:59.902 [info] [Git][getRemotes] No remotes found in the git config file
2025-12-27 09:22:59.952 [info] > git config --get commit.template [54ms]
2025-12-27 09:22:59.957 [info] > git for-each-ref --format=%(refname)%00%(upstream:short)%00%(objectname)%00%(upstream:track)%00%(upstream:remotename)%00%(upstream:remoteref) --ignore-case refs/heads/main refs/remotes/main [55ms]
2025-12-27 09:23:00.000 [info] > git for-each-ref --sort -committerdate --format %(refname)%00%(objectname)%00%(*objectname) [41ms]
2025-12-27 09:23:00.000 [info] > git status -z -uall [42ms]
2025-12-27 09:23:05.015 [info] [Git][getRemotes] No remotes found in the git config file
2025-12-27 09:23:05.089 [info] > git config --get commit.template [76ms]
2025-12-27 09:23:05.100 [info] > git for-each-ref --format=%(refname)%00%(upstream:short)%00%(objectname)%00%(upstream:track)%00%(upstream:remotename)%00%(upstream:remoteref) --ignore-case refs/heads/main refs/remotes/main [86ms]
2025-12-27 09:23:05.187 [info] > git status -z -uall [84ms]
2025-12-27 09:23:05.193 [info] > git for-each-ref --sort -committerdate --format %(refname)%00%(objectname)%00%(*objectname) [88ms]
2025-12-27 09:23:10.201 [info] [Git][getRemotes] No remotes found in the git config file
2025-12-27 09:23:10.251 [info] > git config --get commit.template [53ms]
2025-12-27 09:23:10.254 [info] > git for-each-ref --format=%(refname)%00%(upstream:short)%00%(objectname)%00%(upstream:track)%00%(upstream:remotename)%00%(upstream:remoteref) --ignore-case refs/heads/main refs/remotes/main [54ms]
2025-12-27 09:23:10.311 [info] > git for-each-ref --sort -committerdate --format %(refname)%00%(objectname)%00%(*objectname) [53ms]
2025-12-27 09:23:10.312 [info] > git status -z -uall [57ms]
2025-12-27 09:23:15.328 [info] [Git][getRemotes] No remotes found in the git config file
2025-12-27 09:23:15.402 [info] > git config --get commit.template [80ms]
2025-12-27 09:23:15.407 [info] > git for-each-ref --format=%(refname)%00%(upstream:short)%00%(objectname)%00%(upstream:track)%00%(upstream:remotename)%00%(upstream:remoteref) --ignore-case refs/heads/main refs/remotes/main [77ms]
2025-12-27 09:23:15.459 [info] > git for-each-ref --sort -committerdate --format %(refname)%00%(objectname)%00%(*objectname) [50ms]
2025-12-27 09:23:15.461 [info] > git status -z -uall [53ms]
2025-12-27 09:23:20.471 [info] [Git][getRemotes] No remotes found in the git config file
2025-12-27 09:23:20.522 [info] > git config --get commit.template [52ms]
2025-12-27 09:23:20.524 [info] > git for-each-ref --format=%(refname)%00%(upstream:short)%00%(objectname)%00%(upstream:track)%00%(upstream:remotename)%00%(upstream:remoteref) --ignore-case refs/heads/main refs/remotes/main [52ms]
2025-12-27 09:23:20.574 [info] > git for-each-ref --sort -committerdate --format %(refname)%00%(objectname)%00%(*objectname) [48ms]
2025-12-27 09:23:20.575 [info] > git status -z -uall [50ms]
2025-12-27 09:23:25.583 [info] [Git][getRemotes] No remotes found in the git config file
2025-12-27 09:23:25.654 [info] > git config --get commit.template [73ms]
2025-12-27 09:23:25.664 [info] > git for-each-ref --format=%(refname)%00%(upstream:short)%00%(objectname)%00%(upstream:track)%00%(upstream:remotename)%00%(upstream:remoteref) --ignore-case refs/heads/main refs/remotes/main [79ms]
2025-12-27 09:23:25.723 [info] > git for-each-ref --sort -committerdate --format %(refname)%00%(objectname)%00%(*objectname) [56ms]
2025-12-27 09:23:25.727 [info] > git status -z -uall [62ms]
2025-12-27 09:23:30.738 [info] [Git][getRemotes] No remotes found in the git config file
2025-12-27 09:23:30.784 [info] > git config --get commit.template [47ms]
2025-12-27 09:23:30.786 [info] > git for-each-ref --format=%(refname)%00%(upstream:short)%00%(objectname)%00%(upstream:track)%00%(upstream:remotename)%00%(upstream:remoteref) --ignore-case refs/heads/main refs/remotes/main [48ms]
2025-12-27 09:23:30.825 [info] > git for-each-ref --sort -committerdate --format %(refname)%00%(objectname)%00%(*objectname) [36ms]
2025-12-27 09:23:30.829 [info] > git status -z -uall [41ms]
2025-12-27 09:23:35.843 [info] [Git][getRemotes] No remotes found in the git config file
2025-12-27 09:23:35.882 [info] > git config --get commit.template [40ms]
2025-12-27 09:23:35.885 [info] > git for-each-ref --format=%(refname)%00%(upstream:short)%00%(objectname)%00%(upstream:track)%00%(upstream:remotename)%00%(upstream:remoteref) --ignore-case refs/heads/main refs/remotes/main [40ms]
2025-12-27 09:23:35.924 [info] > git for-each-ref --sort -committerdate --format %(refname)%00%(objectname)%00%(*objectname) [37ms]
2025-12-27 09:23:35.924 [info] > git status -z -uall [38ms]
2025-12-27 09:23:40.942 [info] [Git][getRemotes] No remotes found in the git config file
2025-12-27 09:23:40.993 [info] > git config --get commit.template [53ms]
2025-12-27 09:23:40.999 [info] > git for-each-ref --format=%(refname)%00%(upstream:short)%00%(objectname)%00%(upstream:track)%00%(upstream:remotename)%00%(upstream:remoteref) --ignore-case refs/heads/main refs/remotes/main [57ms]
2025-12-27 09:23:41.049 [info] > git for-each-ref --sort -committerdate --format %(refname)%00%(objectname)%00%(*objectname) [46ms]
2025-12-27 09:23:41.049 [info] > git status -z -uall [48ms]
2025-12-27 09:23:46.059 [info] [Git][getRemotes] No remotes found in the git config file
2025-12-27 09:23:46.099 [info] > git config --get commit.template [41ms]
2025-12-27 09:23:46.102 [info] > git for-each-ref --format=%(refname)%00%(upstream:short)%00%(objectname)%00%(upstream:track)%00%(upstream:remotename)%00%(upstream:remoteref) --ignore-case refs/heads/main refs/remotes/main [41ms]
2025-12-27 09:23:46.144 [info] > git for-each-ref --sort -committerdate --format %(refname)%00%(objectname)%00%(*objectname) [39ms]
2025-12-27 09:23:46.144 [info] > git status -z -uall [41ms]
2025-12-27 09:23:51.164 [info] [Git][getRemotes] No remotes found in the git config file
2025-12-27 09:23:51.274 [info] > git config --get commit.template [117ms]
2025-12-27 09:23:51.294 [info] > git for-each-ref --format=%(refname)%00%(upstream:short)%00%(objectname)%00%(upstream:track)%00%(upstream:remotename)%00%(upstream:remoteref) --ignore-case refs/heads/main refs/remotes/main [125ms]
2025-12-27 09:23:51.354 [info] > git for-each-ref --sort -committerdate --format %(refname)%00%(objectname)%00%(*objectname) [56ms]
2025-12-27 09:23:51.357 [info] > git status -z -uall [61ms]
2025-12-27 09:23:56.381 [info] [Git][getRemotes] No remotes found in the git config file
2025-12-27 09:23:56.444 [info] > git config --get commit.template [73ms]
2025-12-27 09:23:56.449 [info] > git for-each-ref --format=%(refname)%00%(upstream:short)%00%(objectname)%00%(upstream:track)%00%(upstream:remotename)%00%(upstream:remoteref) --ignore-case refs/heads/main refs/remotes/main [69ms]
2025-12-27 09:23:56.569 [info] > git status -z -uall [116ms]
2025-12-27 09:23:56.569 [info] > git for-each-ref --sort -committerdate --format %(refname)%00%(objectname)%00%(*objectname) [113ms]
2025-12-27 09:24:01.580 [info] [Git][getRemotes] No remotes found in the git config file
2025-12-27 09:24:01.640 [info] > git config --get commit.template [61ms]
2025-12-27 09:24:01.657 [info] > git for-each-ref --format=%(refname)%00%(upstream:short)%00%(objectname)%00%(upstream:track)%00%(upstream:remotename)%00%(upstream:remoteref) --ignore-case refs/heads/main refs/remotes/main [73ms]
2025-12-27 09:24:01.732 [info] > git status -z -uall [72ms]
2025-12-27 09:24:01.736 [info] > git for-each-ref --sort -committerdate --format %(refname)%00%(objectname)%00%(*objectname) [72ms]
2025-12-27 09:24:06.745 [info] [Git][getRemotes] No remotes found in the git config file
2025-12-27 09:24:06.788 [info] > git config --get commit.template [43ms]
2025-12-27 09:24:06.793 [info] > git for-each-ref --format=%(refname)%00%(upstream:short)%00%(objectname)%00%(upstream:track)%00%(upstream:remotename)%00%(upstream:remoteref) --ignore-case refs/heads/main refs/remotes/main [46ms]
2025-12-27 09:24:06.844 [info] > git status -z -uall [50ms]
2025-12-27 09:24:06.846 [info] > git for-each-ref --sort -committerdate --format %(refname)%00%(objectname)%00%(*objectname) [50ms]
2025-12-27 09:24:11.951 [info] [Git][getRemotes] No remotes found in the git config file
2025-12-27 09:24:12.065 [info] > git config --get commit.template [116ms]
2025-12-27 09:24:12.068 [info] > git for-each-ref --format=%(refname)%00%(upstream:short)%00%(objectname)%00%(upstream:track)%00%(upstream:remotename)%00%(upstream:remoteref) --ignore-case refs/heads/main refs/remotes/main [117ms]
2025-12-27 09:24:12.141 [info] > git status -z -uall [72ms]
2025-12-27 09:24:12.149 [info] > git for-each-ref --sort -committerdate --format %(refname)%00%(objectname)%00%(*objectname) [78ms]
2025-12-27 09:24:17.160 [info] [Git][getRemotes] No remotes found in the git config file
2025-12-27 09:24:17.197 [info] > git config --get commit.template [37ms]
2025-12-27 09:24:17.199 [info] > git for-each-ref --format=%(refname)%00%(upstream:short)%00%(objectname)%00%(upstream:track)%00%(upstream:remotename)%00%(upstream:remoteref) --ignore-case refs/heads/main refs/remotes/main [38ms]
2025-12-27 09:24:17.239 [info] > git for-each-ref --sort -committerdate --format %(refname)%00%(objectname)%00%(*objectname) [37ms]
2025-12-27 09:24:17.241 [info] > git status -z -uall [40ms]
2025-12-27 09:24:22.251 [info] [Git][getRemotes] No remotes found in the git config file
2025-12-27 09:24:22.291 [info] > git config --get commit.template [41ms]
2025-12-27 09:24:22.296 [info] > git for-each-ref --format=%(refname)%00%(upstream:short)%00%(objectname)%00%(upstream:track)%00%(upstream:remotename)%00%(upstream:remoteref) --ignore-case refs/heads/main refs/remotes/main [43ms]
2025-12-27 09:24:22.339 [info] > git for-each-ref --sort -committerdate --format %(refname)%00%(objectname)%00%(*objectname) [40ms]
2025-12-27 09:24:22.340 [info] > git status -z -uall [42ms]
2025-12-27 09:24:27.433 [info] [Git][getRemotes] No remotes found in the git config file
2025-12-27 09:24:27.490 [info] > git config --get commit.template [68ms]
2025-12-27 09:24:27.553 [info] > git for-each-ref --format=%(refname)%00%(upstream:short)%00%(objectname)%00%(upstream:track)%00%(upstream:remotename)%00%(upstream:remoteref) --ignore-case refs/heads/main refs/remotes/main [120ms]
2025-12-27 09:24:27.615 [info] > git for-each-ref --sort -committerdate --format %(refname)%00%(objectname)%00%(*objectname) [57ms]
2025-12-27 09:24:27.619 [info] > git status -z -uall [64ms]
2025-12-27 09:24:32.916 [info] [Git][getRemotes] No remotes found in the git config file
2025-12-27 09:24:32.978 [info] > git config --get commit.template [62ms]
2025-12-27 09:24:33.000 [info] > git for-each-ref --format=%(refname)%00%(upstream:short)%00%(objectname)%00%(upstream:track)%00%(upstream:remotename)%00%(upstream:remoteref) --ignore-case refs/heads/main refs/remotes/main [81ms]
2025-12-27 09:24:33.058 [info] > git for-each-ref --sort -committerdate --format %(refname)%00%(objectname)%00%(*objectname) [54ms]
2025-12-27 09:24:33.061 [info] > git status -z -uall [59ms]
2025-12-27 09:24:38.608 [info] [Git][getRemotes] No remotes found in the git config file
2025-12-27 09:24:38.661 [info] > git config --get commit.template [59ms]
2025-12-27 09:24:38.666 [info] > git for-each-ref --format=%(refname)%00%(upstream:short)%00%(objectname)%00%(upstream:track)%00%(upstream:remotename)%00%(upstream:remoteref) --ignore-case refs/heads/main refs/remotes/main [56ms]
2025-12-27 09:24:38.810 [info] > git for-each-ref --sort -committerdate --format %(refname)%00%(objectname)%00%(*objectname) [139ms]
2025-12-27 09:24:38.810 [info] > git status -z -uall [142ms]
2025-12-27 09:24:43.819 [info] [Git][getRemotes] No remotes found in the git config file
2025-12-27 09:24:43.865 [info] > git config --get commit.template [48ms]
2025-12-27 09:24:43.868 [info] > git for-each-ref --format=%(refname)%00%(upstream:short)%00%(objectname)%00%(upstream:track)%00%(upstream:remotename)%00%(upstream:remoteref) --ignore-case refs/heads/main refs/remotes/main [49ms]
2025-12-27 09:24:43.931 [info] > git status -z -uall [62ms]
2025-12-27 09:24:43.934 [info] > git for-each-ref --sort -committerdate --format %(refname)%00%(objectname)%00%(*objectname) [63ms]
2025-12-27 09:24:48.956 [info] [Git][getRemotes] No remotes found in the git config file
2025-12-27 09:24:49.035 [info] > git config --get commit.template [81ms]
2025-12-27 09:24:49.035 [info] > git for-each-ref --format=%(refname)%00%(upstream:short)%00%(objectname)%00%(upstream:track)%00%(upstream:remotename)%00%(upstream:remoteref) --ignore-case refs/heads/main refs/remotes/main [79ms]
2025-12-27 09:24:49.105 [info] > git status -z -uall [68ms]
2025-12-27 09:24:49.105 [info] > git for-each-ref --sort -committerdate --format %(refname)%00%(objectname)%00%(*objectname) [66ms]
2025-12-27 09:24:54.117 [info] [Git][getRemotes] No remotes found in the git config file
2025-12-27 09:24:54.155 [info] > git config --get commit.template [40ms]
2025-12-27 09:24:54.162 [info] > git for-each-ref --format=%(refname)%00%(upstream:short)%00%(objectname)%00%(upstream:track)%00%(upstream:remotename)%00%(upstream:remoteref) --ignore-case refs/heads/main refs/remotes/main [45ms]
2025-12-27 09:24:54.206 [info] > git for-each-ref --sort -committerdate --format %(refname)%00%(objectname)%00%(*objectname) [41ms]
2025-12-27 09:24:54.213 [info] > git status -z -uall [50ms]
2025-12-27 09:25:05.023 [info] [Git][getRemotes] No remotes found in the git config file
2025-12-27 09:25:05.070 [info] > git config --get commit.template [48ms]
2025-12-27 09:25:05.073 [info] > git for-each-ref --format=%(refname)%00%(upstream:short)%00%(objectname)%00%(upstream:track)%00%(upstream:remotename)%00%(upstream:remoteref) --ignore-case refs/heads/main refs/remotes/main [49ms]
2025-12-27 09:25:05.123 [info] > git for-each-ref --sort -committerdate --format %(refname)%00%(objectname)%00%(*objectname) [46ms]
2025-12-27 09:25:05.127 [info] > git status -z -uall [52ms]
2025-12-27 09:25:10.136 [info] [Git][getRemotes] No remotes found in the git config file
2025-12-27 09:25:10.189 [info] > git for-each-ref --format=%(refname)%00%(upstream:short)%00%(objectname)%00%(upstream:track)%00%(upstream:remotename)%00%(upstream:remoteref) --ignore-case refs/heads/main refs/remotes/main [55ms]
2025-12-27 09:25:10.196 [info] > git config --get commit.template [65ms]
2025-12-27 09:25:10.260 [info] > git for-each-ref --sort -committerdate --format %(refname)%00%(objectname)%00%(*objectname) [59ms]
2025-12-27 09:25:10.262 [info] > git status -z -uall [63ms]
2025-12-27 09:25:15.271 [info] [Git][getRemotes] No remotes found in the git config file
2025-12-27 09:25:15.321 [info] > git config --get commit.template [51ms]
2025-12-27 09:25:15.329 [info] > git for-each-ref --format=%(refname)%00%(upstream:short)%00%(objectname)%00%(upstream:track)%00%(upstream:remotename)%00%(upstream:remoteref) --ignore-case refs/heads/main refs/remotes/main [58ms]
2025-12-27 09:25:15.379 [info] > git for-each-ref --sort -committerdate --format %(refname)%00%(objectname)%00%(*objectname) [47ms]
2025-12-27 09:25:15.379 [info] > git status -z -uall [49ms]
2025-12-27 09:25:20.507 [info] [Git][getRemotes] No remotes found in the git config file
2025-12-27 09:25:20.572 [info] > git config --get commit.template [73ms]
2025-12-27 09:25:20.595 [info] > git for-each-ref --format=%(refname)%00%(upstream:short)%00%(objectname)%00%(upstream:track)%00%(upstream:remotename)%00%(upstream:remoteref) --ignore-case refs/heads/main refs/remotes/main [88ms]
2025-12-27 09:25:20.683 [info] > git for-each-ref --sort -committerdate --format %(refname)%00%(objectname)%00%(*objectname) [84ms]
2025-12-27 09:25:20.687 [info] > git status -z -uall [90ms]
2025-12-27 09:25:25.698 [info] [Git][getRemotes] No remotes found in the git config file
2025-12-27 09:25:25.758 [info] > git config --get commit.template [61ms]
2025-12-27 09:25:25.761 [info] > git for-each-ref --format=%(refname)%00%(upstream:short)%00%(objectname)%00%(upstream:track)%00%(upstream:remotename)%00%(upstream:remoteref) --ignore-case refs/heads/main refs/remotes/main [63ms]
2025-12-27 09:25:25.903 [info] > git for-each-ref --sort -committerdate --format %(refname)%00%(objectname)%00%(*objectname) [139ms]
2025-12-27 09:25:25.916 [info] > git status -z -uall [154ms]
2025-12-27 09:25:37.493 [info] [Git][getRemotes] No remotes found in the git config file
2025-12-27 09:25:37.557 [info] > git config --get commit.template [72ms]
2025-12-27 09:25:37.564 [info] > git for-each-ref --format=%(refname)%00%(upstream:short)%00%(objectname)%00%(upstream:track)%00%(upstream:remotename)%00%(upstream:remoteref) --ignore-case refs/heads/main refs/remotes/main [70ms]
2025-12-27 09:25:37.647 [info] > git for-each-ref --sort -committerdate --format %(refname)%00%(objectname)%00%(*objectname) [79ms]
2025-12-27 09:25:37.649 [info] > git status -z -uall [83ms]
2025-12-27 09:25:38.050 [info] > git fetch [127ms]
2025-12-27 09:25:38.060 [info] [Git][getRemotes] No remotes found in the git config file
2025-12-27 09:25:38.138 [info] > git config --get commit.template [80ms]
2025-12-27 09:25:38.195 [info] > git for-each-ref --format=%(refname)%00%(upstream:short)%00%(objectname)%00%(upstream:track)%00%(upstream:remotename)%00%(upstream:remoteref) --ignore-case refs/heads/main refs/remotes/main [133ms]
2025-12-27 09:25:38.305 [info] > git for-each-ref --sort -committerdate --format %(refname)%00%(objectname)%00%(*objectname) [103ms]
2025-12-27 09:25:38.323 [info] > git status -z -uall [125ms]
2025-12-27 09:25:42.662 [info] [Git][getRemotes] No remotes found in the git config file
2025-12-27 09:25:42.705 [info] > git config --get commit.template [45ms]
2025-12-27 09:25:42.707 [info] > git for-each-ref --format=%(refname)%00%(upstream:short)%00%(objectname)%00%(upstream:track)%00%(upstream:remotename)%00%(upstream:remoteref) --ignore-case refs/heads/main refs/remotes/main [46ms]
2025-12-27 09:25:42.762 [info] > git for-each-ref --sort -committerdate --format %(refname)%00%(objectname)%00%(*objectname) [52ms]
2025-12-27 09:25:42.764 [info] > git status -z -uall [56ms]
2025-12-27 09:25:48.019 [info] [Git][getRemotes] No remotes found in the git config file
2025-12-27 09:25:48.119 [info] > git config --get commit.template [102ms]
2025-12-27 09:25:48.128 [info] > git for-each-ref --format=%(refname)%00%(upstream:short)%00%(objectname)%00%(upstream:track)%00%(upstream:remotename)%00%(upstream:remoteref) --ignore-case refs/heads/main refs/remotes/main [109ms]
2025-12-27 09:25:48.269 [info] > git for-each-ref --sort -committerdate --format %(refname)%00%(objectname)%00%(*objectname) [137ms]
2025-12-27 09:25:48.274 [info] > git status -z -uall [144ms]
2025-12-27 09:25:53.281 [info] [Git][getRemotes] No remotes found in the git config file
2025-12-27 09:25:53.329 [info] > git config --get commit.template [49ms]
2025-12-27 09:25:53.333 [info] > git for-each-ref --format=%(refname)%00%(upstream:short)%00%(objectname)%00%(upstream:track)%00%(upstream:remotename)%00%(upstream:remoteref) --ignore-case refs/heads/main refs/remotes/main [52ms]
2025-12-27 09:25:53.377 [info] > git for-each-ref --sort -committerdate --format %(refname)%00%(objectname)%00%(*objectname) [40ms]
2025-12-27 09:25:53.378 [info] > git status -z -uall [43ms]
2025-12-27 09:26:09.649 [info] [Git][getRemotes] No remotes found in the git config file
2025-12-27 09:26:09.701 [info] > git config --get commit.template [59ms]
2025-12-27 09:26:09.705 [info] > git for-each-ref --format=%(refname)%00%(upstream:short)%00%(objectname)%00%(upstream:track)%00%(upstream:remotename)%00%(upstream:remoteref) --ignore-case refs/heads/main refs/remotes/main [57ms]
2025-12-27 09:26:09.770 [info] > git for-each-ref --sort -committerdate --format %(refname)%00%(objectname)%00%(*objectname) [60ms]
2025-12-27 09:26:09.777 [info] > git status -z -uall [71ms]
2025-12-27 09:26:14.792 [info] [Git][getRemotes] No remotes found in the git config file
2025-12-27 09:26:14.834 [info] > git config --get commit.template [44ms]
2025-12-27 09:26:14.836 [info] > git for-each-ref --format=%(refname)%00%(upstream:short)%00%(objectname)%00%(upstream:track)%00%(upstream:remotename)%00%(upstream:remoteref) --ignore-case refs/heads/main refs/remotes/main [44ms]
2025-12-27 09:26:14.880 [info] > git for-each-ref --sort -committerdate --format %(refname)%00%(objectname)%00%(*objectname) [42ms]
2025-12-27 09:26:14.882 [info] > git status -z -uall [45ms]
2025-12-27 09:26:21.588 [info] [Git][getRemotes] No remotes found in the git config file
2025-12-27 09:26:21.640 [info] > git config --get commit.template [57ms]
2025-12-27 09:26:21.654 [info] > git for-each-ref --format=%(refname)%00%(upstream:short)%00%(objectname)%00%(upstream:track)%00%(upstream:remotename)%00%(upstream:remoteref) --ignore-case refs/heads/main refs/remotes/main [65ms]
2025-12-27 09:26:21.702 [info] > git status -z -uall [45ms]
2025-12-27 09:26:21.708 [info] > git for-each-ref --sort -committerdate --format %(refname)%00%(objectname)%00%(*objectname) [49ms]
2025-12-27 09:26:26.728 [info] [Git][getRemotes] No remotes found in the git config file
2025-12-27 09:26:26.774 [info] > git config --get commit.template [56ms]
2025-12-27 09:26:26.780 [info] > git for-each-ref --format=%(refname)%00%(upstream:short)%00%(objectname)%00%(upstream:track)%00%(upstream:remotename)%00%(upstream:remoteref) --ignore-case refs/heads/main refs/remotes/main [50ms]
2025-12-27 09:26:26.829 [info] > git status -z -uall [48ms]
2025-12-27 09:26:26.833 [info] > git for-each-ref --sort -committerdate --format %(refname)%00%(objectname)%00%(*objectname) [49ms]
2025-12-27 09:26:31.843 [info] [Git][getRemotes] No remotes found in the git config file
2025-12-27 09:26:31.899 [info] > git config --get commit.template [56ms]
2025-12-27 09:26:31.904 [info] > git for-each-ref --format=%(refname)%00%(upstream:short)%00%(objectname)%00%(upstream:track)%00%(upstream:remotename)%00%(upstream:remoteref) --ignore-case refs/heads/main refs/remotes/main [59ms]
2025-12-27 09:26:31.971 [info] > git status -z -uall [65ms]
2025-12-27 09:26:31.971 [info] > git for-each-ref --sort -committerdate --format %(refname)%00%(objectname)%00%(*objectname) [63ms]
2025-12-27 09:26:36.993 [info] [Git][getRemotes] No remotes found in the git config file
2025-12-27 09:26:37.040 [info] > git config --get commit.template [49ms]
2025-12-27 09:26:37.048 [info] > git for-each-ref --format=%(refname)%00%(upstream:short)%00%(objectname)%00%(upstream:track)%00%(upstream:remotename)%00%(upstream:remoteref) --ignore-case refs/heads/main refs/remotes/main [55ms]
2025-12-27 09:26:37.087 [info] > git for-each-ref --sort -committerdate --format %(refname)%00%(objectname)%00%(*objectname) [37ms]
2025-12-27 09:26:37.087 [info] > git status -z -uall [38ms]
2025-12-27 09:26:43.264 [info] [Git][getRemotes] No remotes found in the git config file
2025-12-27 09:26:43.301 [info] > git config --get commit.template [41ms]
2025-12-27 09:26:43.305 [info] > git for-each-ref --format=%(refname)%00%(upstream:short)%00%(objectname)%00%(upstream:track)%00%(upstream:remotename)%00%(upstream:remoteref) --ignore-case refs/heads/main refs/remotes/main [42ms]
2025-12-27 09:26:43.367 [info] > git status -z -uall [59ms]
2025-12-27 09:26:43.369 [info] > git for-each-ref --sort -committerdate --format %(refname)%00%(objectname)%00%(*objectname) [59ms]
2025-12-27 09:26:49.109 [info] [Git][getRemotes] No remotes found in the git config file
2025-12-27 09:26:49.146 [info] > git config --get commit.template [37ms]
2025-12-27 09:26:49.148 [info] > git for-each-ref --format=%(refname)%00%(upstream:short)%00%(objectname)%00%(upstream:track)%00%(upstream:remotename)%00%(upstream:remoteref) --ignore-case refs/heads/main refs/remotes/main [37ms]
2025-12-27 09:26:49.188 [info] > git for-each-ref --sort -committerdate --format %(refname)%00%(objectname)%00%(*objectname) [36ms]
2025-12-27 09:26:49.188 [info] > git status -z -uall [38ms]
2025-12-27 09:26:54.201 [info] [Git][getRemotes] No remotes found in the git config file
2025-12-27 09:26:54.238 [info] > git config --get commit.template [40ms]
2025-12-27 09:26:54.240 [info] > git for-each-ref --format=%(refname)%00%(upstream:short)%00%(objectname)%00%(upstream:track)%00%(upstream:remotename)%00%(upstream:remoteref) --ignore-case refs/heads/main refs/remotes/main [39ms]
2025-12-27 09:26:54.280 [info] > git for-each-ref --sort -committerdate --format %(refname)%00%(objectname)%00%(*objectname) [37ms]
2025-12-27 09:26:54.281 [info] > git status -z -uall [39ms]
2025-12-27 09:27:34.821 [info] [Git][getRemotes] No remotes found in the git config file
2025-12-27 09:27:34.866 [info] > git config --get commit.template [46ms]
2025-12-27 09:27:34.872 [info] > git for-each-ref --format=%(refname)%00%(upstream:short)%00%(objectname)%00%(upstream:track)%00%(upstream:remotename)%00%(upstream:remoteref) --ignore-case refs/heads/main refs/remotes/main [51ms]
2025-12-27 09:27:34.920 [info] > git for-each-ref --sort -committerdate --format %(refname)%00%(objectname)%00%(*objectname) [46ms]
2025-12-27 09:27:34.925 [info] > git status -z -uall [52ms]
2025-12-27 09:27:39.934 [info] [Git][getRemotes] No remotes found in the git config file
2025-12-27 09:27:40.002 [info] > git config --get commit.template [68ms]
2025-12-27 09:27:40.011 [info] > git for-each-ref --format=%(refname)%00%(upstream:short)%00%(objectname)%00%(upstream:track)%00%(upstream:remotename)%00%(upstream:remoteref) --ignore-case refs/heads/main refs/remotes/main [76ms]
2025-12-27 09:27:40.054 [info] > git for-each-ref --sort -committerdate --format %(refname)%00%(objectname)%00%(*objectname) [39ms]
2025-12-27 09:27:40.054 [info] > git status -z -uall [42ms]
2025-12-27 09:27:49.700 [info] [Git][getRemotes] No remotes found in the git config file
2025-12-27 09:27:49.748 [info] > git config --get commit.template [50ms]
2025-12-27 09:27:49.755 [info] > git for-each-ref --format=%(refname)%00%(upstream:short)%00%(objectname)%00%(upstream:track)%00%(upstream:remotename)%00%(upstream:remoteref) --ignore-case refs/heads/main refs/remotes/main [55ms]
2025-12-27 09:27:49.798 [info] > git for-each-ref --sort -committerdate --format %(refname)%00%(objectname)%00%(*objectname) [39ms]
2025-12-27 09:27:49.800 [info] > git status -z -uall [44ms]
2025-12-27 09:27:54.816 [info] [Git][getRemotes] No remotes found in the git config file
2025-12-27 09:27:54.858 [info] > git config --get commit.template [45ms]
2025-12-27 09:27:54.860 [info] > git for-each-ref --format=%(refname)%00%(upstream:short)%00%(objectname)%00%(upstream:track)%00%(upstream:remotename)%00%(upstream:remoteref) --ignore-case refs/heads/main refs/remotes/main [44ms]
2025-12-27 09:27:54.898 [info] > git for-each-ref --sort -committerdate --format %(refname)%00%(objectname)%00%(*objectname) [35ms]
2025-12-27 09:27:54.899 [info] > git status -z -uall [38ms]
2025-12-27 09:28:01.737 [info] [Git][getRemotes] No remotes found in the git config file
2025-12-27 09:28:01.817 [info] > git config --get commit.template [81ms]
2025-12-27 09:28:01.817 [info] > git for-each-ref --format=%(refname)%00%(upstream:short)%00%(objectname)%00%(upstream:track)%00%(upstream:remotename)%00%(upstream:remoteref) --ignore-case refs/heads/main refs/remotes/main [78ms]
2025-12-27 09:28:01.896 [info] > git status -z -uall [77ms]
2025-12-27 09:28:01.907 [info] > git for-each-ref --sort -committerdate --format %(refname)%00%(objectname)%00%(*objectname) [85ms]
2025-12-27 09:28:06.918 [info] [Git][getRemotes] No remotes found in the git config file
2025-12-27 09:28:06.973 [info] > git config --get commit.template [57ms]
2025-12-27 09:28:06.979 [info] > git for-each-ref --format=%(refname)%00%(upstream:short)%00%(objectname)%00%(upstream:track)%00%(upstream:remotename)%00%(upstream:remoteref) --ignore-case refs/heads/main refs/remotes/main [61ms]
2025-12-27 09:28:07.035 [info] > git for-each-ref --sort -committerdate --format %(refname)%00%(objectname)%00%(*objectname) [53ms]
2025-12-27 09:28:07.041 [info] > git status -z -uall [61ms]
2025-12-27 09:28:12.153 [info] [Git][getRemotes] No remotes found in the git config file
2025-12-27 09:28:12.206 [info] > git config --get commit.template [57ms]
2025-12-27 09:28:12.216 [info] > git for-each-ref --format=%(refname)%00%(upstream:short)%00%(objectname)%00%(upstream:track)%00%(upstream:remotename)%00%(upstream:remoteref) --ignore-case refs/heads/main refs/remotes/main [64ms]
2025-12-27 09:28:12.292 [info] > git for-each-ref --sort -committerdate --format %(refname)%00%(objectname)%00%(*objectname) [71ms]
2025-12-27 09:28:12.301 [info] > git status -z -uall [83ms]
2025-12-27 09:28:17.330 [info] [Git][getRemotes] No remotes found in the git config file
2025-12-27 09:28:17.448 [info] > git config --get commit.template [140ms]
2025-12-27 09:28:17.472 [info] > git for-each-ref --format=%(refname)%00%(upstream:short)%00%(objectname)%00%(upstream:track)%00%(upstream:remotename)%00%(upstream:remoteref) --ignore-case refs/heads/main refs/remotes/main [145ms]
2025-12-27 09:28:17.543 [info] > git status -z -uall [69ms]
2025-12-27 09:28:17.565 [info] > git for-each-ref --sort -committerdate --format %(refname)%00%(objectname)%00%(*objectname) [88ms]
2025-12-27 09:28:22.651 [info] [Git][getRemotes] No remotes found in the git config file
2025-12-27 09:28:22.743 [info] > git config --get commit.template [152ms]
2025-12-27 09:28:22.753 [info] > git for-each-ref --format=%(refname)%00%(upstream:short)%00%(objectname)%00%(upstream:track)%00%(upstream:remotename)%00%(upstream:remoteref) --ignore-case refs/heads/main refs/remotes/main [98ms]
2025-12-27 09:28:22.857 [info] > git status -z -uall [102ms]
2025-12-27 09:28:22.859 [info] > git for-each-ref --sort -committerdate --format %(refname)%00%(objectname)%00%(*objectname) [101ms]
2025-12-27 09:28:27.876 [info] [Git][getRemotes] No remotes found in the git config file
2025-12-27 09:28:27.969 [info] > git config --get commit.template [95ms]
2025-12-27 09:28:27.973 [info] > git for-each-ref --format=%(refname)%00%(upstream:short)%00%(objectname)%00%(upstream:track)%00%(upstream:remotename)%00%(upstream:remoteref) --ignore-case refs/heads/main refs/remotes/main [94ms]
2025-12-27 09:28:28.068 [info] > git for-each-ref --sort -committerdate --format %(refname)%00%(objectname)%00%(*objectname) [91ms]
2025-12-27 09:28:28.069 [info] > git status -z -uall [94ms]
2025-12-27 09:28:33.079 [info] [Git][getRemotes] No remotes found in the git config file
2025-12-27 09:28:33.158 [info] > git config --get commit.template [81ms]
2025-12-27 09:28:33.162 [info] > git for-each-ref --format=%(refname)%00%(upstream:short)%00%(objectname)%00%(upstream:track)%00%(upstream:remotename)%00%(upstream:remoteref) --ignore-case refs/heads/main refs/remotes/main [83ms]
2025-12-27 09:28:33.230 [info] > git for-each-ref --sort -committerdate --format %(refname)%00%(objectname)%00%(*objectname) [63ms]
2025-12-27 09:28:33.231 [info] > git status -z -uall [66ms]
2025-12-27 09:28:38.243 [info] [Git][getRemotes] No remotes found in the git config file
2025-12-27 09:28:38.318 [info] > git config --get commit.template [78ms]
2025-12-27 09:28:38.324 [info] > git for-each-ref --format=%(refname)%00%(upstream:short)%00%(objectname)%00%(upstream:track)%00%(upstream:remotename)%00%(upstream:remoteref) --ignore-case refs/heads/main refs/remotes/main [78ms]
2025-12-27 09:28:38.399 [info] > git for-each-ref --sort -committerdate --format %(refname)%00%(objectname)%00%(*objectname) [70ms]
2025-12-27 09:28:38.408 [info] > git status -z -uall [82ms]
2025-12-27 09:28:38.511 [info] > git fetch [98ms]
2025-12-27 09:28:38.520 [info] [Git][getRemotes] No remotes found in the git config file
2025-12-27 09:28:38.585 [info] > git config --get commit.template [68ms]
2025-12-27 09:28:38.593 [info] > git for-each-ref --format=%(refname)%00%(upstream:short)%00%(objectname)%00%(upstream:track)%00%(upstream:remotename)%00%(upstream:remoteref) --ignore-case refs/heads/main refs/remotes/main [70ms]
2025-12-27 09:28:38.657 [info] > git status -z -uall [61ms]
2025-12-27 09:28:38.663 [info] > git for-each-ref --sort -committerdate --format %(refname)%00%(objectname)%00%(*objectname) [65ms]
2025-12-27 09:28:43.472 [info] [Git][getRemotes] No remotes found in the git config file
2025-12-27 09:28:43.530 [info] > git config --get commit.template [69ms]
2025-12-27 09:28:43.533 [info] > git for-each-ref --format=%(refname)%00%(upstream:short)%00%(objectname)%00%(upstream:track)%00%(upstream:remotename)%00%(upstream:remoteref) --ignore-case refs/heads/main refs/remotes/main [61ms]
2025-12-27 09:28:43.589 [info] > git for-each-ref --sort -committerdate --format %(refname)%00%(objectname)%00%(*objectname) [51ms]
2025-12-27 09:28:43.591 [info] > git status -z -uall [55ms]
2025-12-27 09:28:48.601 [info] [Git][getRemotes] No remotes found in the git config file
2025-12-27 09:28:48.719 [info] > git for-each-ref --format=%(refname)%00%(upstream:short)%00%(objectname)%00%(upstream:track)%00%(upstream:remotename)%00%(upstream:remoteref) --ignore-case refs/heads/main refs/remotes/main [118ms]
2025-12-27 09:28:48.726 [info] > git config --get commit.template [128ms]
2025-12-27 09:28:48.864 [info] > git status -z -uall [133ms]
2025-12-27 09:28:48.871 [info] > git for-each-ref --sort -committerdate --format %(refname)%00%(objectname)%00%(*objectname) [139ms]
2025-12-27 09:28:53.884 [info] [Git][getRemotes] No remotes found in the git config file
2025-12-27 09:28:53.940 [info] > git config --get commit.template [63ms]
2025-12-27 09:28:53.954 [info] > git for-each-ref --format=%(refname)%00%(upstream:short)%00%(objectname)%00%(upstream:track)%00%(upstream:remotename)%00%(upstream:remoteref) --ignore-case refs/heads/main refs/remotes/main [70ms]
2025-12-27 09:28:54.023 [info] > git for-each-ref --sort -committerdate --format %(refname)%00%(objectname)%00%(*objectname) [66ms]
2025-12-27 09:28:54.027 [info] > git status -z -uall [72ms]
2025-12-27 09:28:59.064 [info] [Git][getRemotes] No remotes found in the git config file
2025-12-27 09:28:59.116 [info] > git config --get commit.template [70ms]
2025-12-27 09:28:59.133 [info] > git for-each-ref --format=%(refname)%00%(upstream:short)%00%(objectname)%00%(upstream:track)%00%(upstream:remotename)%00%(upstream:remoteref) --ignore-case refs/heads/main refs/remotes/main [69ms]
2025-12-27 09:28:59.210 [info] > git for-each-ref --sort -committerdate --format %(refname)%00%(objectname)%00%(*objectname) [67ms]
2025-12-27 09:28:59.215 [info] > git status -z -uall [79ms]
2025-12-27 09:29:04.228 [info] [Git][getRemotes] No remotes found in the git config file
2025-12-27 09:29:04.303 [info] > git config --get commit.template [78ms]
2025-12-27 09:29:04.312 [info] > git for-each-ref --format=%(refname)%00%(upstream:short)%00%(objectname)%00%(upstream:track)%00%(upstream:remotename)%00%(upstream:remoteref) --ignore-case refs/heads/main refs/remotes/main [84ms]
2025-12-27 09:29:04.414 [info] > git status -z -uall [99ms]
2025-12-27 09:29:04.431 [info] > git for-each-ref --sort -committerdate --format %(refname)%00%(objectname)%00%(*objectname) [114ms]
2025-12-27 09:29:09.436 [info] [Git][getRemotes] No remotes found in the git config file
2025-12-27 09:29:09.487 [info] > git config --get commit.template [51ms]
2025-12-27 09:29:09.488 [info] > git for-each-ref --format=%(refname)%00%(upstream:short)%00%(objectname)%00%(upstream:track)%00%(upstream:remotename)%00%(upstream:remoteref) --ignore-case refs/heads/main refs/remotes/main [50ms]
2025-12-27 09:29:09.540 [info] > git for-each-ref --sort -committerdate --format %(refname)%00%(objectname)%00%(*objectname) [50ms]
2025-12-27 09:29:09.542 [info] > git status -z -uall [53ms]
2025-12-27 09:29:14.634 [info] [Git][getRemotes] No remotes found in the git config file
2025-12-27 09:29:14.699 [info] > git config --get commit.template [117ms]
2025-12-27 09:29:14.702 [info] > git for-each-ref --format=%(refname)%00%(upstream:short)%00%(objectname)%00%(upstream:track)%00%(upstream:remotename)%00%(upstream:remoteref) --ignore-case refs/heads/main refs/remotes/main [67ms]
2025-12-27 09:29:14.755 [info] > git for-each-ref --sort -committerdate --format %(refname)%00%(objectname)%00%(*objectname) [48ms]
2025-12-27 09:29:14.757 [info] > git status -z -uall [52ms]
2025-12-27 09:29:19.778 [info] [Git][getRemotes] No remotes found in the git config file
2025-12-27 09:29:19.826 [info] > git config --get commit.template [50ms]
2025-12-27 09:29:19.833 [info] > git for-each-ref --format=%(refname)%00%(upstream:short)%00%(objectname)%00%(upstream:track)%00%(upstream:remotename)%00%(upstream:remoteref) --ignore-case refs/heads/main refs/remotes/main [55ms]
2025-12-27 09:29:19.883 [info] > git for-each-ref --sort -committerdate --format %(refname)%00%(objectname)%00%(*objectname) [46ms]
2025-12-27 09:29:19.886 [info] > git status -z -uall [51ms]
2025-12-27 09:29:24.898 [info] [Git][getRemotes] No remotes found in the git config file
2025-12-27 09:29:25.031 [info] > git config --get commit.template [137ms]
2025-12-27 09:29:25.040 [info] > git for-each-ref --format=%(refname)%00%(upstream:short)%00%(objectname)%00%(upstream:track)%00%(upstream:remotename)%00%(upstream:remoteref) --ignore-case refs/heads/main refs/remotes/main [142ms]
2025-12-27 09:29:25.111 [info] > git status -z -uall [69ms]
2025-12-27 09:29:25.117 [info] > git for-each-ref --sort -committerdate --format %(refname)%00%(objectname)%00%(*objectname) [72ms]
2025-12-27 09:29:30.141 [info] [Git][getRemotes] No remotes found in the git config file
2025-12-27 09:29:30.206 [info] > git config --get commit.template [81ms]
2025-12-27 09:29:30.222 [info] > git for-each-ref --format=%(refname)%00%(upstream:short)%00%(objectname)%00%(upstream:track)%00%(upstream:remotename)%00%(upstream:remoteref) --ignore-case refs/heads/main refs/remotes/main [83ms]
2025-12-27 09:29:30.351 [info] > git for-each-ref --sort -committerdate --format %(refname)%00%(objectname)%00%(*objectname) [125ms]
2025-12-27 09:29:30.356 [info] > git status -z -uall [132ms]
2025-12-27 09:29:35.363 [info] [Git][getRemotes] No remotes found in the git config file
2025-12-27 09:29:35.415 [info] > git config --get commit.template [52ms]
2025-12-27 09:29:35.418 [info] > git for-each-ref --format=%(refname)%00%(upstream:short)%00%(objectname)%00%(upstream:track)%00%(upstream:remotename)%00%(upstream:remoteref) --ignore-case refs/heads/main refs/remotes/main [52ms]
2025-12-27 09:29:35.460 [info] > git for-each-ref --sort -committerdate --format %(refname)%00%(objectname)%00%(*objectname) [39ms]
2025-12-27 09:29:35.462 [info] > git status -z -uall [42ms]
2025-12-27 09:29:40.481 [info] [Git][getRemotes] No remotes found in the git config file
2025-12-27 09:29:40.525 [info] > git config --get commit.template [52ms]
2025-12-27 09:29:40.532 [info] > git for-each-ref --format=%(refname)%00%(upstream:short)%00%(objectname)%00%(upstream:track)%00%(upstream:remotename)%00%(upstream:remoteref) --ignore-case refs/heads/main refs/remotes/main [51ms]
2025-12-27 09:29:40.605 [info] > git for-each-ref --sort -committerdate --format %(refname)%00%(objectname)%00%(*objectname) [70ms]
2025-12-27 09:29:40.611 [info] > git status -z -uall [78ms]
2025-12-27 09:29:45.639 [info] [Git][getRemotes] No remotes found in the git config file
2025-12-27 09:29:45.743 [info] > git for-each-ref --format=%(refname)%00%(upstream:short)%00%(objectname)%00%(upstream:track)%00%(upstream:remotename)%00%(upstream:remoteref) --ignore-case refs/heads/main refs/remotes/main [104ms]
2025-12-27 09:29:45.746 [info] > git config --get commit.template [120ms]
2025-12-27 09:29:45.820 [info] > git status -z -uall [73ms]
2025-12-27 09:29:45.834 [info] > git for-each-ref --sort -committerdate --format %(refname)%00%(objectname)%00%(*objectname) [84ms]
2025-12-27 09:29:50.844 [info] [Git][getRemotes] No remotes found in the git config file
2025-12-27 09:29:50.906 [info] > git config --get commit.template [62ms]
2025-12-27 09:29:50.909 [info] > git for-each-ref --format=%(refname)%00%(upstream:short)%00%(objectname)%00%(upstream:track)%00%(upstream:remotename)%00%(upstream:remoteref) --ignore-case refs/heads/main refs/remotes/main [63ms]
2025-12-27 09:29:50.995 [info] > git for-each-ref --sort -committerdate --format %(refname)%00%(objectname)%00%(*objectname) [83ms]
2025-12-27 09:29:50.998 [info] > git status -z -uall [88ms]
2025-12-27 09:29:56.008 [info] [Git][getRemotes] No remotes found in the git config file
2025-12-27 09:29:56.088 [info] > git config --get commit.template [83ms]
2025-12-27 09:29:56.096 [info] > git for-each-ref --format=%(refname)%00%(upstream:short)%00%(objectname)%00%(upstream:track)%00%(upstream:remotename)%00%(upstream:remoteref) --ignore-case refs/heads/main refs/remotes/main [88ms]
2025-12-27 09:29:56.148 [info] > git status -z -uall [50ms]
2025-12-27 09:29:56.149 [info] > git for-each-ref --sort -committerdate --format %(refname)%00%(objectname)%00%(*objectname) [49ms]
2025-12-27 09:30:01.160 [info] [Git][getRemotes] No remotes found in the git config file
2025-12-27 09:30:01.239 [info] > git config --get commit.template [80ms]
2025-12-27 09:30:01.243 [info] > git for-each-ref --format=%(refname)%00%(upstream:short)%00%(objectname)%00%(upstream:track)%00%(upstream:remotename)%00%(upstream:remoteref) --ignore-case refs/heads/main refs/remotes/main [80ms]
2025-12-27 09:30:01.309 [info] > git for-each-ref --sort -committerdate --format %(refname)%00%(objectname)%00%(*objectname) [61ms]
2025-12-27 09:30:01.312 [info] > git status -z -uall [68ms]
2025-12-27 09:30:06.322 [info] [Git][getRemotes] No remotes found in the git config file
2025-12-27 09:30:06.373 [info] > git config --get commit.template [51ms]
2025-12-27 09:30:06.375 [info] > git for-each-ref --format=%(refname)%00%(upstream:short)%00%(objectname)%00%(upstream:track)%00%(upstream:remotename)%00%(upstream:remoteref) --ignore-case refs/heads/main refs/remotes/main [51ms]
2025-12-27 09:30:06.425 [info] > git for-each-ref --sort -committerdate --format %(refname)%00%(objectname)%00%(*objectname) [47ms]
2025-12-27 09:30:06.427 [info] > git status -z -uall [51ms]
2025-12-27 09:30:11.433 [info] [Git][getRemotes] No remotes found in the git config file
2025-12-27 09:30:11.474 [info] > git config --get commit.template [42ms]
2025-12-27 09:30:11.477 [info] > git for-each-ref --format=%(refname)%00%(upstream:short)%00%(objectname)%00%(upstream:track)%00%(upstream:remotename)%00%(upstream:remoteref) --ignore-case refs/heads/main refs/remotes/main [44ms]
2025-12-27 09:30:11.518 [info] > git for-each-ref --sort -committerdate --format %(refname)%00%(objectname)%00%(*objectname) [38ms]
2025-12-27 09:30:11.519 [info] > git status -z -uall [41ms]
2025-12-27 09:30:16.549 [info] [Git][getRemotes] No remotes found in the git config file
2025-12-27 09:30:16.682 [info] > git config --get commit.template [134ms]
2025-12-27 09:30:16.685 [info] > git for-each-ref --format=%(refname)%00%(upstream:short)%00%(objectname)%00%(upstream:track)%00%(upstream:remotename)%00%(upstream:remoteref) --ignore-case refs/heads/main refs/remotes/main [133ms]
2025-12-27 09:30:16.744 [info] > git for-each-ref --sort -committerdate --format %(refname)%00%(objectname)%00%(*objectname) [55ms]
2025-12-27 09:30:16.754 [info] > git status -z -uall [66ms]
2025-12-27 09:30:21.769 [info] [Git][getRemotes] No remotes found in the git config file
2025-12-27 09:30:21.835 [info] > git config --get commit.template [69ms]
2025-12-27 09:30:21.835 [info] > git for-each-ref --format=%(refname)%00%(upstream:short)%00%(objectname)%00%(upstream:track)%00%(upstream:remotename)%00%(upstream:remoteref) --ignore-case refs/heads/main refs/remotes/main [66ms]
2025-12-27 09:30:21.917 [info] > git for-each-ref --sort -committerdate --format %(refname)%00%(objectname)%00%(*objectname) [77ms]
2025-12-27 09:30:21.918 [info] > git status -z -uall [81ms]
2025-12-27 09:30:26.931 [info] [Git][getRemotes] No remotes found in the git config file
2025-12-27 09:30:26.976 [info] > git config --get commit.template [46ms]
2025-12-27 09:30:26.978 [info] > git for-each-ref --format=%(refname)%00%(upstream:short)%00%(objectname)%00%(upstream:track)%00%(upstream:remotename)%00%(upstream:remoteref) --ignore-case refs/heads/main refs/remotes/main [45ms]
2025-12-27 09:30:27.106 [info] > git for-each-ref --sort -committerdate --format %(refname)%00%(objectname)%00%(*objectname) [125ms]
2025-12-27 09:30:27.110 [info] > git status -z -uall [130ms]
2025-12-27 09:30:32.119 [info] [Git][getRemotes] No remotes found in the git config file
2025-12-27 09:30:32.177 [info] > git config --get commit.template [59ms]
2025-12-27 09:30:32.183 [info] > git for-each-ref --format=%(refname)%00%(upstream:short)%00%(objectname)%00%(upstream:track)%00%(upstream:remotename)%00%(upstream:remoteref) --ignore-case refs/heads/main refs/remotes/main [62ms]
2025-12-27 09:30:32.234 [info] > git for-each-ref --sort -committerdate --format %(refname)%00%(objectname)%00%(*objectname) [48ms]
2025-12-27 09:30:32.247 [info] > git status -z -uall [63ms]
2025-12-27 09:30:37.261 [info] [Git][getRemotes] No remotes found in the git config file
2025-12-27 09:30:37.311 [info] > git config --get commit.template [53ms]
2025-12-27 09:30:37.317 [info] > git for-each-ref --format=%(refname)%00%(upstream:short)%00%(objectname)%00%(upstream:track)%00%(upstream:remotename)%00%(upstream:remoteref) --ignore-case refs/heads/main refs/remotes/main [56ms]
2025-12-27 09:30:37.366 [info] > git for-each-ref --sort -committerdate --format %(refname)%00%(objectname)%00%(*objectname) [47ms]
2025-12-27 09:30:37.369 [info] > git status -z -uall [50ms]
2025-12-27 09:30:42.415 [info] [Git][getRemotes] No remotes found in the git config file
2025-12-27 09:30:42.476 [info] > git config --get commit.template [66ms]
2025-12-27 09:30:42.526 [info] > git for-each-ref --format=%(refname)%00%(upstream:short)%00%(objectname)%00%(upstream:track)%00%(upstream:remotename)%00%(upstream:remoteref) --ignore-case refs/heads/main refs/remotes/main [111ms]
2025-12-27 09:30:42.612 [info] > git status -z -uall [84ms]
2025-12-27 09:30:42.615 [info] > git for-each-ref --sort -committerdate --format %(refname)%00%(objectname)%00%(*objectname) [85ms]
2025-12-27 09:30:47.629 [info] [Git][getRemotes] No remotes found in the git config file
2025-12-27 09:30:47.673 [info] > git config --get commit.template [46ms]
2025-12-27 09:30:47.676 [info] > git for-each-ref --format=%(refname)%00%(upstream:short)%00%(objectname)%00%(upstream:track)%00%(upstream:remotename)%00%(upstream:remoteref) --ignore-case refs/heads/main refs/remotes/main [47ms]
2025-12-27 09:30:47.718 [info] > git for-each-ref --sort -committerdate --format %(refname)%00%(objectname)%00%(*objectname) [40ms]
2025-12-27 09:30:47.720 [info] > git status -z -uall [43ms]
2025-12-27 09:30:52.779 [info] [Git][getRemotes] No remotes found in the git config file
2025-12-27 09:30:52.842 [info] > git config --get commit.template [65ms]
2025-12-27 09:30:52.844 [info] > git for-each-ref --format=%(refname)%00%(upstream:short)%00%(objectname)%00%(upstream:track)%00%(upstream:remotename)%00%(upstream:remoteref) --ignore-case refs/heads/main refs/remotes/main [65ms]
2025-12-27 09:30:52.894 [info] > git status -z -uall [48ms]
2025-12-27 09:30:52.894 [info] > git for-each-ref --sort -committerdate --format %(refname)%00%(objectname)%00%(*objectname) [45ms]
2025-12-27 09:30:58.091 [info] [Git][getRemotes] No remotes found in the git config file
2025-12-27 09:30:58.136 [info] > git config --get commit.template [47ms]
2025-12-27 09:30:58.138 [info] > git for-each-ref --format=%(refname)%00%(upstream:short)%00%(objectname)%00%(upstream:track)%00%(upstream:remotename)%00%(upstream:remoteref) --ignore-case refs/heads/main refs/remotes/main [47ms]
2025-12-27 09:30:58.206 [info] > git status -z -uall [67ms]
2025-12-27 09:30:58.208 [info] > git for-each-ref --sort -committerdate --format %(refname)%00%(objectname)%00%(*objectname) [67ms]
2025-12-27 09:31:03.215 [info] [Git][getRemotes] No remotes found in the git config file
2025-12-27 09:31:03.271 [info] > git config --get commit.template [57ms]
2025-12-27 09:31:03.274 [info] > git for-each-ref --format=%(refname)%00%(upstream:short)%00%(objectname)%00%(upstream:track)%00%(upstream:remotename)%00%(upstream:remoteref) --ignore-case refs/heads/main refs/remotes/main [57ms]
2025-12-27 09:31:03.342 [info] > git status -z -uall [65ms]
2025-12-27 09:31:03.342 [info] > git for-each-ref --sort -committerdate --format %(refname)%00%(objectname)%00%(*objectname) [63ms]
2025-12-27 09:31:08.351 [info] [Git][getRemotes] No remotes found in the git config file
2025-12-27 09:31:08.397 [info] > git config --get commit.template [47ms]
2025-12-27 09:31:08.403 [info] > git for-each-ref --format=%(refname)%00%(upstream:short)%00%(objectname)%00%(upstream:track)%00%(upstream:remotename)%00%(upstream:remoteref) --ignore-case refs/heads/main refs/remotes/main [50ms]
2025-12-27 09:31:08.460 [info] > git status -z -uall [55ms]
2025-12-27 09:31:08.462 [info] > git for-each-ref --sort -committerdate --format %(refname)%00%(objectname)%00%(*objectname) [54ms]
2025-12-27 09:31:13.469 [info] [Git][getRemotes] No remotes found in the git config file
2025-12-27 09:31:13.573 [info] > git config --get commit.template [104ms]
2025-12-27 09:31:13.576 [info] > git for-each-ref --format=%(refname)%00%(upstream:short)%00%(objectname)%00%(upstream:track)%00%(upstream:remotename)%00%(upstream:remoteref) --ignore-case refs/heads/main refs/remotes/main [106ms]
2025-12-27 09:31:13.653 [info] > git status -z -uall [76ms]
2025-12-27 09:31:13.661 [info] > git for-each-ref --sort -committerdate --format %(refname)%00%(objectname)%00%(*objectname) [82ms]
2025-12-27 09:31:18.676 [info] [Git][getRemotes] No remotes found in the git config file
2025-12-27 09:31:18.757 [info] > git config --get commit.template [83ms]
2025-12-27 09:31:18.760 [info] > git for-each-ref --format=%(refname)%00%(upstream:short)%00%(objectname)%00%(upstream:track)%00%(upstream:remotename)%00%(upstream:remoteref) --ignore-case refs/heads/main refs/remotes/main [83ms]
2025-12-27 09:31:18.866 [info] > git status -z -uall [103ms]
2025-12-27 09:31:18.870 [info] > git for-each-ref --sort -committerdate --format %(refname)%00%(objectname)%00%(*objectname) [105ms]
2025-12-27 09:31:23.886 [info] [Git][getRemotes] No remotes found in the git config file
2025-12-27 09:31:23.930 [info] > git config --get commit.template [45ms]
2025-12-27 09:31:23.933 [info] > git for-each-ref --format=%(refname)%00%(upstream:short)%00%(objectname)%00%(upstream:track)%00%(upstream:remotename)%00%(upstream:remoteref) --ignore-case refs/heads/main refs/remotes/main [45ms]
2025-12-27 09:31:23.977 [info] > git for-each-ref --sort -committerdate --format %(refname)%00%(objectname)%00%(*objectname) [40ms]
2025-12-27 09:31:23.979 [info] > git status -z -uall [45ms]
2025-12-27 09:31:28.990 [info] [Git][getRemotes] No remotes found in the git config file
2025-12-27 09:31:29.043 [info] > git config --get commit.template [55ms]
2025-12-27 09:31:29.044 [info] > git for-each-ref --format=%(refname)%00%(upstream:short)%00%(objectname)%00%(upstream:track)%00%(upstream:remotename)%00%(upstream:remoteref) --ignore-case refs/heads/main refs/remotes/main [54ms]
2025-12-27 09:31:29.096 [info] > git for-each-ref --sort -committerdate --format %(refname)%00%(objectname)%00%(*objectname) [48ms]
2025-12-27 09:31:29.097 [info] > git status -z -uall [52ms]
2025-12-27 09:31:34.103 [info] [Git][getRemotes] No remotes found in the git config file
2025-12-27 09:31:34.188 [info] > git config --get commit.template [84ms]
2025-12-27 09:31:34.190 [info] > git for-each-ref --format=%(refname)%00%(upstream:short)%00%(objectname)%00%(upstream:track)%00%(upstream:remotename)%00%(upstream:remoteref) --ignore-case refs/heads/main refs/remotes/main [85ms]
2025-12-27 09:31:34.245 [info] > git for-each-ref --sort -committerdate --format %(refname)%00%(objectname)%00%(*objectname) [52ms]
2025-12-27 09:31:34.246 [info] > git status -z -uall [54ms]
2025-12-27 09:31:38.747 [info] > git fetch [71ms]
2025-12-27 09:31:38.750 [info] [Git][getRemotes] No remotes found in the git config file
2025-12-27 09:31:38.813 [info] > git config --get commit.template [64ms]
2025-12-27 09:31:38.820 [info] > git for-each-ref --format=%(refname)%00%(upstream:short)%00%(objectname)%00%(upstream:track)%00%(upstream:remotename)%00%(upstream:remoteref) --ignore-case refs/heads/main refs/remotes/main [68ms]
2025-12-27 09:31:38.880 [info] > git for-each-ref --sort -committerdate --format %(refname)%00%(objectname)%00%(*objectname) [55ms]
2025-12-27 09:31:38.884 [info] > git status -z -uall [62ms]
2025-12-27 09:31:39.256 [info] [Git][getRemotes] No remotes found in the git config file
2025-12-27 09:31:39.310 [info] > git config --get commit.template [57ms]
2025-12-27 09:31:39.317 [info] > git for-each-ref --format=%(refname)%00%(upstream:short)%00%(objectname)%00%(upstream:track)%00%(upstream:remotename)%00%(upstream:remoteref) --ignore-case refs/heads/main refs/remotes/main [61ms]
2025-12-27 09:31:39.385 [info] > git for-each-ref --sort -committerdate --format %(refname)%00%(objectname)%00%(*objectname) [64ms]
2025-12-27 09:31:39.390 [info] > git status -z -uall [71ms]
2025-12-27 09:31:44.436 [info] [Git][getRemotes] No remotes found in the git config file
2025-12-27 09:31:44.510 [info] > git config --get commit.template [103ms]
2025-12-27 09:31:44.528 [info] > git for-each-ref --format=%(refname)%00%(upstream:short)%00%(objectname)%00%(upstream:track)%00%(upstream:remotename)%00%(upstream:remoteref) --ignore-case refs/heads/main refs/remotes/main [97ms]
2025-12-27 09:31:44.591 [info] > git for-each-ref --sort -committerdate --format %(refname)%00%(objectname)%00%(*objectname) [59ms]
2025-12-27 09:31:44.593 [info] > git status -z -uall [63ms]
2025-12-27 09:31:49.623 [info] [Git][getRemotes] No remotes found in the git config file
2025-12-27 09:31:49.688 [info] > git config --get commit.template [65ms]
2025-12-27 09:31:49.690 [info] > git for-each-ref --format=%(refname)%00%(upstream:short)%00%(objectname)%00%(upstream:track)%00%(upstream:remotename)%00%(upstream:remoteref) --ignore-case refs/heads/main refs/remotes/main [65ms]
2025-12-27 09:31:49.729 [info] > git for-each-ref --sort -committerdate --format %(refname)%00%(objectname)%00%(*objectname) [37ms]
2025-12-27 09:31:49.730 [info] > git status -z -uall [39ms]
2025-12-27 09:31:54.744 [info] [Git][getRemotes] No remotes found in the git config file
2025-12-27 09:31:54.795 [info] > git config --get commit.template [53ms]
2025-12-27 09:31:54.797 [info] > git for-each-ref --format=%(refname)%00%(upstream:short)%00%(objectname)%00%(upstream:track)%00%(upstream:remotename)%00%(upstream:remoteref) --ignore-case refs/heads/main refs/remotes/main [53ms]
2025-12-27 09:31:54.852 [info] > git for-each-ref --sort -committerdate --format %(refname)%00%(objectname)%00%(*objectname) [50ms]
2025-12-27 09:31:54.853 [info] > git status -z -uall [55ms]
2025-12-27 09:32:00.228 [info] [Git][getRemotes] No remotes found in the git config file
2025-12-27 09:32:00.294 [info] > git config --get commit.template [66ms]
2025-12-27 09:32:00.300 [info] > git for-each-ref --format=%(refname)%00%(upstream:short)%00%(objectname)%00%(upstream:track)%00%(upstream:remotename)%00%(upstream:remoteref) --ignore-case refs/heads/main refs/remotes/main [66ms]
2025-12-27 09:32:00.377 [info] > git status -z -uall [74ms]
2025-12-27 09:32:00.380 [info] > git for-each-ref --sort -committerdate --format %(refname)%00%(objectname)%00%(*objectname) [75ms]
2025-12-27 09:32:05.489 [info] [Git][getRemotes] No remotes found in the git config file
2025-12-27 09:32:05.535 [info] > git config --get commit.template [48ms]
2025-12-27 09:32:05.538 [info] > git for-each-ref --format=%(refname)%00%(upstream:short)%00%(objectname)%00%(upstream:track)%00%(upstream:remotename)%00%(upstream:remoteref) --ignore-case refs/heads/main refs/remotes/main [49ms]
2025-12-27 09:32:05.592 [info] > git for-each-ref --sort -committerdate --format %(refname)%00%(objectname)%00%(*objectname) [50ms]
2025-12-27 09:32:05.594 [info] > git status -z -uall [54ms]
2025-12-27 09:32:10.606 [info] [Git][getRemotes] No remotes found in the git config file
2025-12-27 09:32:10.685 [info] > git config --get commit.template [81ms]
2025-12-27 09:32:10.687 [info] > git for-each-ref --format=%(refname)%00%(upstream:short)%00%(objectname)%00%(upstream:track)%00%(upstream:remotename)%00%(upstream:remoteref) --ignore-case refs/heads/main refs/remotes/main [81ms]
2025-12-27 09:32:10.729 [info] > git for-each-ref --sort -committerdate --format %(refname)%00%(objectname)%00%(*objectname) [40ms]
2025-12-27 09:32:10.733 [info] > git status -z -uall [45ms]
2025-12-27 09:32:15.745 [info] [Git][getRemotes] No remotes found in the git config file
2025-12-27 09:32:15.839 [info] > git config --get commit.template [99ms]
2025-12-27 09:32:15.851 [info] > git for-each-ref --format=%(refname)%00%(upstream:short)%00%(objectname)%00%(upstream:track)%00%(upstream:remotename)%00%(upstream:remoteref) --ignore-case refs/heads/main refs/remotes/main [106ms]
2025-12-27 09:32:15.897 [info] > git status -z -uall [45ms]
2025-12-27 09:32:15.900 [info] > git for-each-ref --sort -committerdate --format %(refname)%00%(objectname)%00%(*objectname) [45ms]
2025-12-27 09:32:20.913 [info] [Git][getRemotes] No remotes found in the git config file
2025-12-27 09:32:21.000 [info] > git config --get commit.template [87ms]
2025-12-27 09:32:21.015 [info] > git for-each-ref --format=%(refname)%00%(upstream:short)%00%(objectname)%00%(upstream:track)%00%(upstream:remotename)%00%(upstream:remoteref) --ignore-case refs/heads/main refs/remotes/main [97ms]
2025-12-27 09:32:21.099 [info] > git for-each-ref --sort -committerdate --format %(refname)%00%(objectname)%00%(*objectname) [75ms]
2025-12-27 09:32:21.102 [info] > git status -z -uall [85ms]
2025-12-27 09:32:26.128 [info] [Git][getRemotes] No remotes found in the git config file
2025-12-27 09:32:26.275 [info] > git for-each-ref --format=%(refname)%00%(upstream:short)%00%(objectname)%00%(upstream:track)%00%(upstream:remotename)%00%(upstream:remoteref) --ignore-case refs/heads/main refs/remotes/main [147ms]
2025-12-27 09:32:26.288 [info] > git config --get commit.template [167ms]
2025-12-27 09:32:26.406 [info] > git for-each-ref --sort -committerdate --format %(refname)%00%(objectname)%00%(*objectname) [113ms]
2025-12-27 09:32:26.414 [info] > git status -z -uall [124ms]
2025-12-27 09:32:31.433 [info] [Git][getRemotes] No remotes found in the git config file
2025-12-27 09:32:31.475 [info] > git config --get commit.template [43ms]
2025-12-27 09:32:31.478 [info] > git for-each-ref --format=%(refname)%00%(upstream:short)%00%(objectname)%00%(upstream:track)%00%(upstream:remotename)%00%(upstream:remoteref) --ignore-case refs/heads/main refs/remotes/main [42ms]
2025-12-27 09:32:31.517 [info] > git for-each-ref --sort -committerdate --format %(refname)%00%(objectname)%00%(*objectname) [37ms]
2025-12-27 09:32:31.519 [info] > git status -z -uall [40ms]
2025-12-27 09:32:37.951 [info] [Git][getRemotes] No remotes found in the git config file
2025-12-27 09:32:38.002 [info] > git config --get commit.template [52ms]
2025-12-27 09:32:38.010 [info] > git for-each-ref --format=%(refname)%00%(upstream:short)%00%(objectname)%00%(upstream:track)%00%(upstream:remotename)%00%(upstream:remoteref) --ignore-case refs/heads/main refs/remotes/main [57ms]
2025-12-27 09:32:38.063 [info] > git status -z -uall [51ms]
2025-12-27 09:32:38.064 [info] > git for-each-ref --sort -committerdate --format %(refname)%00%(objectname)%00%(*objectname) [49ms]
2025-12-27 09:32:43.074 [info] [Git][getRemotes] No remotes found in the git config file
2025-12-27 09:32:43.123 [info] > git config --get commit.template [50ms]
2025-12-27 09:32:43.126 [info] > git for-each-ref --format=%(refname)%00%(upstream:short)%00%(objectname)%00%(upstream:track)%00%(upstream:remotename)%00%(upstream:remoteref) --ignore-case refs/heads/main refs/remotes/main [52ms]
2025-12-27 09:32:43.176 [info] > git for-each-ref --sort -committerdate --format %(refname)%00%(objectname)%00%(*objectname) [47ms]
2025-12-27 09:32:43.178 [info] > git status -z -uall [51ms]
2025-12-27 09:32:48.196 [info] [Git][getRemotes] No remotes found in the git config file
2025-12-27 09:32:48.246 [info] > git config --get commit.template [52ms]
2025-12-27 09:32:48.254 [info] > git for-each-ref --format=%(refname)%00%(upstream:short)%00%(objectname)%00%(upstream:track)%00%(upstream:remotename)%00%(upstream:remoteref) --ignore-case refs/heads/main refs/remotes/main [58ms]
2025-12-27 09:32:48.305 [info] > git for-each-ref --sort -committerdate --format %(refname)%00%(objectname)%00%(*objectname) [48ms]
2025-12-27 09:32:48.306 [info] > git status -z -uall [50ms]
2025-12-27 09:32:53.324 [info] [Git][getRemotes] No remotes found in the git config file
2025-12-27 09:32:53.363 [info] > git config --get commit.template [48ms]
2025-12-27 09:32:53.372 [info] > git for-each-ref --format=%(refname)%00%(upstream:short)%00%(objectname)%00%(upstream:track)%00%(upstream:remotename)%00%(upstream:remoteref) --ignore-case refs/heads/main refs/remotes/main [48ms]
2025-12-27 09:32:53.431 [info] > git for-each-ref --sort -committerdate --format %(refname)%00%(objectname)%00%(*objectname) [57ms]
2025-12-27 09:32:53.434 [info] > git status -z -uall [61ms]
2025-12-27 09:33:00.151 [info] [Git][getRemotes] No remotes found in the git config file
2025-12-27 09:33:00.223 [info] > git config --get commit.template [73ms]
2025-12-27 09:33:00.228 [info] > git for-each-ref --format=%(refname)%00%(upstream:short)%00%(objectname)%00%(upstream:track)%00%(upstream:remotename)%00%(upstream:remoteref) --ignore-case refs/heads/main refs/remotes/main [75ms]
2025-12-27 09:33:00.314 [info] > git for-each-ref --sort -committerdate --format %(refname)%00%(objectname)%00%(*objectname) [83ms]
2025-12-27 09:33:00.320 [info] > git status -z -uall [91ms]
2025-12-27 09:33:05.331 [info] [Git][getRemotes] No remotes found in the git config file
2025-12-27 09:33:05.377 [info] > git config --get commit.template [47ms]
2025-12-27 09:33:05.386 [info] > git for-each-ref --format=%(refname)%00%(upstream:short)%00%(objectname)%00%(upstream:track)%00%(upstream:remotename)%00%(upstream:remoteref) --ignore-case refs/heads/main refs/remotes/main [43ms]
2025-12-27 09:33:05.520 [info] > git status -z -uall [131ms]
2025-12-27 09:33:05.537 [info] > git for-each-ref --sort -committerdate --format %(refname)%00%(objectname)%00%(*objectname) [146ms]
2025-12-27 09:33:10.548 [info] [Git][getRemotes] No remotes found in the git config file
2025-12-27 09:33:10.606 [info] > git config --get commit.template [59ms]
2025-12-27 09:33:10.610 [info] > git for-each-ref --format=%(refname)%00%(upstream:short)%00%(objectname)%00%(upstream:track)%00%(upstream:remotename)%00%(upstream:remoteref) --ignore-case refs/heads/main refs/remotes/main [61ms]
2025-12-27 09:33:10.667 [info] > git for-each-ref --sort -committerdate --format %(refname)%00%(objectname)%00%(*objectname) [54ms]
2025-12-27 09:33:10.678 [info] > git status -z -uall [67ms]
2025-12-27 09:33:15.686 [info] [Git][getRemotes] No remotes found in the git config file
2025-12-27 09:33:15.753 [info] > git for-each-ref --format=%(refname)%00%(upstream:short)%00%(objectname)%00%(upstream:track)%00%(upstream:remotename)%00%(upstream:remoteref) --ignore-case refs/heads/main refs/remotes/main [65ms]
2025-12-27 09:33:15.754 [info] > git config --get commit.template [68ms]
2025-12-27 09:33:15.815 [info] > git for-each-ref --sort -committerdate --format %(refname)%00%(objectname)%00%(*objectname) [56ms]
2025-12-27 09:33:15.821 [info] > git status -z -uall [64ms]
2025-12-27 09:33:20.831 [info] [Git][getRemotes] No remotes found in the git config file
2025-12-27 09:33:20.882 [info] > git config --get commit.template [52ms]
2025-12-27 09:33:20.896 [info] > git for-each-ref --format=%(refname)%00%(upstream:short)%00%(objectname)%00%(upstream:track)%00%(upstream:remotename)%00%(upstream:remoteref) --ignore-case refs/heads/main refs/remotes/main [64ms]
2025-12-27 09:33:21.007 [info] > git for-each-ref --sort -committerdate --format %(refname)%00%(objectname)%00%(*objectname) [108ms]
2025-12-27 09:33:21.011 [info] > git status -z -uall [114ms]
2025-12-27 09:33:26.028 [info] [Git][getRemotes] No remotes found in the git config file
2025-12-27 09:33:26.063 [info] > git config --get commit.template [40ms]
2025-12-27 09:33:26.066 [info] > git for-each-ref --format=%(refname)%00%(upstream:short)%00%(objectname)%00%(upstream:track)%00%(upstream:remotename)%00%(upstream:remoteref) --ignore-case refs/heads/main refs/remotes/main [39ms]
2025-12-27 09:33:26.129 [info] > git for-each-ref --sort -committerdate --format %(refname)%00%(objectname)%00%(*objectname) [61ms]
2025-12-27 09:33:26.132 [info] > git status -z -uall [65ms]
2025-12-27 09:33:31.177 [info] [Git][getRemotes] No remotes found in the git config file
2025-12-27 09:33:31.240 [info] > git config --get commit.template [67ms]
2025-12-27 09:33:31.243 [info] > git for-each-ref --format=%(refname)%00%(upstream:short)%00%(objectname)%00%(upstream:track)%00%(upstream:remotename)%00%(upstream:remoteref) --ignore-case refs/heads/main refs/remotes/main [64ms]
2025-12-27 09:33:31.319 [info] > git status -z -uall [75ms]
2025-12-27 09:33:31.319 [info] > git for-each-ref --sort -committerdate --format %(refname)%00%(objectname)%00%(*objectname) [73ms]
2025-12-27 09:33:36.326 [info] [Git][getRemotes] No remotes found in the git config file
2025-12-27 09:33:36.365 [info] > git config --get commit.template [40ms]
2025-12-27 09:33:36.369 [info] > git for-each-ref --format=%(refname)%00%(upstream:short)%00%(objectname)%00%(upstream:track)%00%(upstream:remotename)%00%(upstream:remoteref) --ignore-case refs/heads/main refs/remotes/main [43ms]
2025-12-27 09:33:36.413 [info] > git for-each-ref --sort -committerdate --format %(refname)%00%(objectname)%00%(*objectname) [40ms]
2025-12-27 09:33:36.416 [info] > git status -z -uall [45ms]
2025-12-27 09:33:41.428 [info] [Git][getRemotes] No remotes found in the git config file
2025-12-27 09:33:41.463 [info] > git config --get commit.template [36ms]
2025-12-27 09:33:41.466 [info] > git for-each-ref --format=%(refname)%00%(upstream:short)%00%(objectname)%00%(upstream:track)%00%(upstream:remotename)%00%(upstream:remoteref) --ignore-case refs/heads/main refs/remotes/main [36ms]
2025-12-27 09:33:41.504 [info] > git for-each-ref --sort -committerdate --format %(refname)%00%(objectname)%00%(*objectname) [35ms]
2025-12-27 09:33:41.504 [info] > git status -z -uall [37ms]
2025-12-27 09:33:46.515 [info] [Git][getRemotes] No remotes found in the git config file
2025-12-27 09:33:46.559 [info] > git config --get commit.template [44ms]
2025-12-27 09:33:46.565 [info] > git for-each-ref --format=%(refname)%00%(upstream:short)%00%(objectname)%00%(upstream:track)%00%(upstream:remotename)%00%(upstream:remoteref) --ignore-case refs/heads/main refs/remotes/main [48ms]
2025-12-27 09:33:46.621 [info] > git for-each-ref --sort -committerdate --format %(refname)%00%(objectname)%00%(*objectname) [52ms]
2025-12-27 09:33:46.627 [info] > git status -z -uall [60ms]
2025-12-27 09:35:40.940 [info] > git config --get commit.template [785ms]
2025-12-27 09:35:40.952 [info] > git for-each-ref --format=%(refname)%00%(upstream:short)%00%(objectname)%00%(upstream:track)%00%(upstream:remotename)%00%(upstream:remoteref) --ignore-case refs/heads/main refs/remotes/main [545ms]
2025-12-27 09:35:41.053 [info] > git for-each-ref --sort -committerdate --format %(refname)%00%(objectname)%00%(*objectname) [95ms]
2025-12-27 09:35:41.066 [info] > git status -z -uall [111ms]
2025-12-27 09:35:41.255 [info] > git merge-base refs/heads/main refs/remotes/origin/main [165ms]
2025-12-27 09:35:41.393 [info] > git diff --name-status -z --diff-filter=ADMR --find-renames=50% 364a671cbbf7a838c35bb3b9f9f1577c071a4118...refs/remotes/origin/main -- [62ms]
2025-12-27 09:35:41.761 [info] > git show --textconv :simulate_lambda.py [182ms]
2025-12-27 09:35:41.774 [info] > git config --local -l [135ms]
2025-12-27 09:35:41.830 [info] > git ls-files --stage -- simulate_lambda.py [248ms]
2025-12-27 09:35:41.879 [info] > git cat-file -s 10792a7315b7308ae8f03a5cc5d69f356fd9147e [44ms]
2025-12-27 09:35:41.981 [info] > git blame --root --incremental 364a671cbbf7a838c35bb3b9f9f1577c071a4118 -- simulate_lambda.py [56ms]
2025-12-27 09:35:42.079 [info] > git fetch [2270ms]
2025-12-27 09:35:42.132 [info] > git config --get commit.template [52ms]
2025-12-27 09:35:42.139 [info] > git for-each-ref --format=%(refname)%00%(upstream:short)%00%(objectname)%00%(upstream:track)%00%(upstream:remotename)%00%(upstream:remoteref) --ignore-case refs/heads/main refs/remotes/main [56ms]
2025-12-27 09:35:42.192 [info] > git status -z -uall [52ms]
2025-12-27 09:35:42.193 [info] > git for-each-ref --sort -committerdate --format %(refname)%00%(objectname)%00%(*objectname) [51ms]
2025-12-27 09:35:43.279 [info] > git ls-files --stage -- simulate_lambda.py [36ms]
2025-12-27 09:35:43.318 [info] > git cat-file -s 10792a7315b7308ae8f03a5cc5d69f356fd9147e [38ms]
2025-12-27 09:35:43.352 [info] > git show --textconv :simulate_lambda.py [31ms]
2025-12-27 09:35:46.139 [info] > git config --get commit.template [38ms]
2025-12-27 09:35:46.141 [info] > git for-each-ref --format=%(refname)%00%(upstream:short)%00%(objectname)%00%(upstream:track)%00%(upstream:remotename)%00%(upstream:remoteref) --ignore-case refs/heads/main refs/remotes/main [38ms]
2025-12-27 09:35:46.181 [info] > git status -z -uall [38ms]
2025-12-27 09:35:46.183 [info] > git for-each-ref --sort -committerdate --format %(refname)%00%(objectname)%00%(*objectname) [39ms]
2025-12-27 09:35:51.242 [info] > git config --get commit.template [51ms]
2025-12-27 09:35:51.244 [info] > git for-each-ref --format=%(refname)%00%(upstream:short)%00%(objectname)%00%(upstream:track)%00%(upstream:remotename)%00%(upstream:remoteref) --ignore-case refs/heads/main refs/remotes/main [49ms]
2025-12-27 09:35:51.286 [info] > git status -z -uall [40ms]
2025-12-27 09:35:51.292 [info] > git for-each-ref --sort -committerdate --format %(refname)%00%(objectname)%00%(*objectname) [45ms]
2025-12-27 09:37:36.460 [info] > git config --get commit.template [40ms]
2025-12-27 09:37:36.464 [info] > git for-each-ref --format=%(refname)%00%(upstream:short)%00%(objectname)%00%(upstream:track)%00%(upstream:remotename)%00%(upstream:remoteref) --ignore-case refs/heads/main refs/remotes/main [41ms]
2025-12-27 09:37:36.509 [info] > git for-each-ref --sort -committerdate --format %(refname)%00%(objectname)%00%(*objectname) [41ms]
2025-12-27 09:37:36.519 [info] > git status -z -uall [53ms]
2025-12-27 09:37:36.581 [info] > git ls-files --stage -- simulate_lambda.py [68ms]
2025-12-27 09:37:36.650 [info] > git cat-file -s 10792a7315b7308ae8f03a5cc5d69f356fd9147e [68ms]
2025-12-27 09:37:37.014 [info] > git show --textconv :simulate_lambda.py [349ms]
2025-12-27 09:37:38.756 [info] > git check-ignore -v -z --stdin [68ms]
2025-12-27 09:37:38.918 [info] > git ls-files --stage -- simulate_lambda.py [73ms]
2025-12-27 09:37:39.032 [info] > git cat-file -s 10792a7315b7308ae8f03a5cc5d69f356fd9147e [111ms]
2025-12-27 09:37:39.122 [info] > git show --textconv :CONTRIBUTING.md [72ms]
2025-12-27 09:37:39.124 [warning] [GitFileSystemProvider][readFile] File not found - git:/Users/leifwsogge/Library/Mobile%20Documents/com~apple~CloudDocs/Space%20LEAF%20Corp.global.secure.net/simulate_lambda_prototype/CONTRIBUTING.md.git?%7B%22path%22%3A%22%2FUsers%2Fleifwsogge%2FLibrary%2FMobile%20Documents%2Fcom~apple~CloudDocs%2FSpace%20LEAF%20Corp.global.secure.net%2Fsimulate_lambda_prototype%2FCONTRIBUTING.md%22%2C%22ref%22%3A%22%22%7D
2025-12-27 09:37:39.130 [info] > git ls-files --stage -- CONTRIBUTING.md [76ms]
2025-12-27 09:37:39.130 [warning] [GitFileSystemProvider][stat] File not found - git:/Users/leifwsogge/Library/Mobile%20Documents/com~apple~CloudDocs/Space%20LEAF%20Corp.global.secure.net/simulate_lambda_prototype/CONTRIBUTING.md.git?%7B%22path%22%3A%22%2FUsers%2Fleifwsogge%2FLibrary%2FMobile%20Documents%2Fcom~apple~CloudDocs%2FSpace%20LEAF%20Corp.global.secure.net%2Fsimulate_lambda_prototype%2FCONTRIBUTING.md%22%2C%22ref%22%3A%22%22%7D
2025-12-27 09:37:39.140 [info] > git show --textconv :simulate_lambda.py [75ms]
2025-12-27 09:37:44.634 [info] > git config --get commit.template [878ms]
2025-12-27 09:37:44.694 [info] > git for-each-ref --format=%(refname)%00%(upstream:short)%00%(objectname)%00%(upstream:track)%00%(upstream:remotename)%00%(upstream:remoteref) --ignore-case refs/heads/main refs/remotes/main [781ms]
2025-12-27 09:37:44.752 [info] > git status -z -uall [54ms]
2025-12-27 09:37:44.757 [info] > git for-each-ref --sort -committerdate --format %(refname)%00%(objectname)%00%(*objectname) [57ms]
2025-12-27 09:37:49.824 [info] > git config --get commit.template [52ms]
2025-12-27 09:37:49.829 [info] > git for-each-ref --format=%(refname)%00%(upstream:short)%00%(objectname)%00%(upstream:track)%00%(upstream:remotename)%00%(upstream:remoteref) --ignore-case refs/heads/main refs/remotes/main [53ms]
2025-12-27 09:37:49.880 [info] > git status -z -uall [50ms]
2025-12-27 09:37:49.881 [info] > git for-each-ref --sort -committerdate --format %(refname)%00%(objectname)%00%(*objectname) [49ms]
2025-12-27 09:38:06.362 [info] > git for-each-ref --format=%(refname)%00%(upstream:short)%00%(objectname)%00%(upstream:track)%00%(upstream:remotename)%00%(upstream:remoteref) --ignore-case refs/heads/main refs/remotes/main [838ms]
2025-12-27 09:38:06.364 [info] > git config --get commit.template [851ms]
2025-12-27 09:38:06.570 [info] > git for-each-ref --sort -committerdate --format %(refname)%00%(objectname)%00%(*objectname) [191ms]
2025-12-27 09:38:06.574 [info] > git status -z -uall [202ms]
2025-12-27 09:38:13.938 [info] > git check-ignore -v -z --stdin [725ms]
2025-12-27 09:38:14.177 [info] > git config --get commit.template [670ms]
2025-12-27 09:38:14.180 [info] > git for-each-ref --format=%(refname)%00%(upstream:short)%00%(objectname)%00%(upstream:track)%00%(upstream:remotename)%00%(upstream:remoteref) --ignore-case refs/heads/main refs/remotes/main [190ms]
2025-12-27 09:38:14.404 [info] > git status -z -uall [207ms]
2025-12-27 09:38:14.420 [info] > git for-each-ref --sort -committerdate --format %(refname)%00%(objectname)%00%(*objectname) [218ms]
2025-12-27 09:38:14.660 [info] > git show --textconv :.github/workflows/ci.yml [244ms]
2025-12-27 09:38:14.660 [info] > git ls-files --stage -- .github/workflows/ci.yml [241ms]
2025-12-27 09:38:14.666 [warning] [GitFileSystemProvider][stat] File not found - git:/Users/leifwsogge/Library/Mobile%20Documents/com~apple~CloudDocs/Space%20LEAF%20Corp.global.secure.net/simulate_lambda_prototype/.github/workflows/ci.yml.git?%7B%22path%22%3A%22%2FUsers%2Fleifwsogge%2FLibrary%2FMobile%20Documents%2Fcom~apple~CloudDocs%2FSpace%20LEAF%20Corp.global.secure.net%2Fsimulate_lambda_prototype%2F.github%2Fworkflows%2Fci.yml%22%2C%22ref%22%3A%22%22%7D
2025-12-27 09:38:14.669 [warning] [GitFileSystemProvider][readFile] File not found - git:/Users/leifwsogge/Library/Mobile%20Documents/com~apple~CloudDocs/Space%20LEAF%20Corp.global.secure.net/simulate_lambda_prototype/.github/workflows/ci.yml.git?%7B%22path%22%3A%22%2FUsers%2Fleifwsogge%2FLibrary%2FMobile%20Documents%2Fcom~apple~CloudDocs%2FSpace%20LEAF%20Corp.global.secure.net%2Fsimulate_lambda_prototype%2F.github%2Fworkflows%2Fci.yml%22%2C%22ref%22%3A%22%22%7D
2025-12-27 09:38:15.206 [info] > git config --get commit.template [83ms]
2025-12-27 09:38:15.209 [info] > git for-each-ref --format=%(refname)%00%(upstream:short)%00%(objectname)%00%(upstream:track)%00%(upstream:remotename)%00%(upstream:remoteref) --ignore-case refs/heads/main refs/remotes/main [77ms]
2025-12-27 09:38:15.398 [info] > git status -z -uall [106ms]
2025-12-27 09:38:15.459 [info] > git for-each-ref --sort -committerdate --format %(refname)%00%(objectname)%00%(*objectname) [144ms]
2025-12-27 09:38:22.703 [info] > git config --get commit.template [44ms]
2025-12-27 09:38:22.706 [info] > git for-each-ref --format=%(refname)%00%(upstream:short)%00%(objectname)%00%(upstream:track)%00%(upstream:remotename)%00%(upstream:remoteref) --ignore-case refs/heads/main refs/remotes/main [44ms]
2025-12-27 09:38:22.748 [info] > git status -z -uall [41ms]
2025-12-27 09:38:22.749 [info] > git for-each-ref --sort -committerdate --format %(refname)%00%(objectname)%00%(*objectname) [40ms]
2025-12-27 09:38:27.805 [info] > git config --get commit.template [40ms]
2025-12-27 09:38:27.808 [info] > git for-each-ref --format=%(refname)%00%(upstream:short)%00%(objectname)%00%(upstream:track)%00%(upstream:remotename)%00%(upstream:remoteref) --ignore-case refs/heads/main refs/remotes/main [41ms]
2025-12-27 09:38:27.866 [info] > git for-each-ref --sort -committerdate --format %(refname)%00%(objectname)%00%(*objectname) [53ms]
2025-12-27 09:38:27.869 [info] > git status -z -uall [59ms]
2025-12-27 09:38:56.027 [info] > git config --get commit.template [1054ms]
2025-12-27 09:38:56.038 [info] > git for-each-ref --format=%(refname)%00%(upstream:short)%00%(objectname)%00%(upstream:track)%00%(upstream:remotename)%00%(upstream:remoteref) --ignore-case refs/heads/main refs/remotes/main [1056ms]
2025-12-27 09:38:56.201 [info] > git for-each-ref --sort -committerdate --format %(refname)%00%(objectname)%00%(*objectname) [156ms]
2025-12-27 09:38:56.235 [info] > git status -z -uall [193ms]
2025-12-27 09:38:56.906 [info] > git fetch [1940ms]
2025-12-27 09:38:57.000 [info] > git config --get commit.template [89ms]
2025-12-27 09:38:57.009 [info] > git for-each-ref --format=%(refname)%00%(upstream:short)%00%(objectname)%00%(upstream:track)%00%(upstream:remotename)%00%(upstream:remoteref) --ignore-case refs/heads/main refs/remotes/main [78ms]
2025-12-27 09:38:57.068 [info] > git status -z -uall [56ms]
2025-12-27 09:38:57.072 [info] > git for-each-ref --sort -committerdate --format %(refname)%00%(objectname)%00%(*objectname) [57ms]
2025-12-27 09:39:01.314 [info] > git config --get commit.template [64ms]
2025-12-27 09:39:01.323 [info] > git for-each-ref --format=%(refname)%00%(upstream:short)%00%(objectname)%00%(upstream:track)%00%(upstream:remotename)%00%(upstream:remoteref) --ignore-case refs/heads/main refs/remotes/main [64ms]
2025-12-27 09:39:01.361 [info] > git status -z -uall [36ms]
2025-12-27 09:39:01.363 [info] > git for-each-ref --sort -committerdate --format %(refname)%00%(objectname)%00%(*objectname) [37ms]
2025-12-27 09:39:06.918 [info] > git config --get commit.template [39ms]
2025-12-27 09:39:06.921 [info] > git for-each-ref --format=%(refname)%00%(upstream:short)%00%(objectname)%00%(upstream:track)%00%(upstream:remotename)%00%(upstream:remoteref) --ignore-case refs/heads/main refs/remotes/main [40ms]
2025-12-27 09:39:06.966 [info] > git status -z -uall [43ms]
2025-12-27 09:39:06.968 [info] > git for-each-ref --sort -committerdate --format %(refname)%00%(objectname)%00%(*objectname) [43ms]
2025-12-27 09:39:12.305 [info] > git show --textconv :LICENSE2.0 [107ms]
2025-12-27 09:39:12.307 [warning] [GitFileSystemProvider][readFile] File not found - git:/Users/leifwsogge/Library/Mobile%20Documents/com~apple~CloudDocs/Space%20LEAF%20Corp.global.secure.net/simulate_lambda_prototype/LICENSE2.0.git?%7B%22path%22%3A%22%2FUsers%2Fleifwsogge%2FLibrary%2FMobile%20Documents%2Fcom~apple~CloudDocs%2FSpace%20LEAF%20Corp.global.secure.net%2Fsimulate_lambda_prototype%2FLICENSE2.0%22%2C%22ref%22%3A%22%22%7D
2025-12-27 09:39:12.317 [info] > git ls-files --stage -- LICENSE2.0 [116ms]
2025-12-27 09:39:12.317 [warning] [GitFileSystemProvider][stat] File not found - git:/Users/leifwsogge/Library/Mobile%20Documents/com~apple~CloudDocs/Space%20LEAF%20Corp.global.secure.net/simulate_lambda_prototype/LICENSE2.0.git?%7B%22path%22%3A%22%2FUsers%2Fleifwsogge%2FLibrary%2FMobile%20Documents%2Fcom~apple~CloudDocs%2FSpace%20LEAF%20Corp.global.secure.net%2Fsimulate_lambda_prototype%2FLICENSE2.0%22%2C%22ref%22%3A%22%22%7D
2025-12-27 09:39:12.502 [info] > git check-ignore -v -z --stdin [70ms]
2025-12-27 09:39:13.058 [info] > git config --get commit.template [46ms]
2025-12-27 09:39:13.061 [info] > git for-each-ref --format=%(refname)%00%(upstream:short)%00%(objectname)%00%(upstream:track)%00%(upstream:remotename)%00%(upstream:remoteref) --ignore-case refs/heads/main refs/remotes/main [48ms]
2025-12-27 09:39:13.108 [info] > git status -z -uall [45ms]
2025-12-27 09:39:13.110 [info] > git for-each-ref --sort -committerdate --format %(refname)%00%(objectname)%00%(*objectname) [45ms]
2025-12-27 09:39:18.164 [info] > git config --get commit.template [43ms]
2025-12-27 09:39:18.170 [info] > git for-each-ref --format=%(refname)%00%(upstream:short)%00%(objectname)%00%(upstream:track)%00%(upstream:remotename)%00%(upstream:remoteref) --ignore-case refs/heads/main refs/remotes/main [46ms]
2025-12-27 09:39:18.218 [info] > git status -z -uall [46ms]
2025-12-27 09:39:18.219 [info] > git for-each-ref --sort -committerdate --format %(refname)%00%(objectname)%00%(*objectname) [45ms]
2025-12-27 09:39:23.288 [info] > git config --get commit.template [60ms]
2025-12-27 09:39:23.290 [info] > git for-each-ref --format=%(refname)%00%(upstream:short)%00%(objectname)%00%(upstream:track)%00%(upstream:remotename)%00%(upstream:remoteref) --ignore-case refs/heads/main refs/remotes/main [55ms]
2025-12-27 09:39:23.347 [info] > git status -z -uall [55ms]
2025-12-27 09:39:23.348 [info] > git for-each-ref --sort -committerdate --format %(refname)%00%(objectname)%00%(*objectname) [55ms]
2025-12-27 09:39:52.844 [info] > git config --get commit.template [49ms]
2025-12-27 09:39:52.854 [info] > git for-each-ref --format=%(refname)%00%(upstream:short)%00%(objectname)%00%(upstream:track)%00%(upstream:remotename)%00%(upstream:remoteref) --ignore-case refs/heads/main refs/remotes/main [58ms]
2025-12-27 09:39:52.910 [info] > git for-each-ref --sort -committerdate --format %(refname)%00%(objectname)%00%(*objectname) [50ms]
2025-12-27 09:39:52.912 [info] > git status -z -uall [54ms]
2025-12-27 09:40:05.514 [info] > git config --get commit.template [46ms]
2025-12-27 09:40:05.532 [info] > git for-each-ref --format=%(refname)%00%(upstream:short)%00%(objectname)%00%(upstream:track)%00%(upstream:remotename)%00%(upstream:remoteref) --ignore-case refs/heads/main refs/remotes/main [62ms]
2025-12-27 09:40:05.579 [info] > git for-each-ref --sort -committerdate --format %(refname)%00%(objectname)%00%(*objectname) [43ms]
2025-12-27 09:40:05.580 [info] > git status -z -uall [46ms]
2025-12-27 09:40:10.655 [info] > git config --get commit.template [58ms]
2025-12-27 09:40:10.665 [info] > git for-each-ref --format=%(refname)%00%(upstream:short)%00%(objectname)%00%(upstream:track)%00%(upstream:remotename)%00%(upstream:remoteref) --ignore-case refs/heads/main refs/remotes/main [61ms]
2025-12-27 09:40:10.735 [info] > git for-each-ref --sort -committerdate --format %(refname)%00%(objectname)%00%(*objectname) [65ms]
2025-12-27 09:40:10.739 [info] > git status -z -uall [71ms]
2025-12-27 09:40:50.075 [info] > git config --get commit.template [1225ms]
2025-12-27 09:40:50.088 [info] > git for-each-ref --format=%(refname)%00%(upstream:short)%00%(objectname)%00%(upstream:track)%00%(upstream:remotename)%00%(upstream:remoteref) --ignore-case refs/heads/main refs/remotes/main [701ms]
2025-12-27 09:40:50.175 [info] > git for-each-ref --sort -committerdate --format %(refname)%00%(objectname)%00%(*objectname) [82ms]
2025-12-27 09:40:50.181 [info] > git status -z -uall [90ms]
2025-12-27 09:40:55.558 [info] > git config --get commit.template [43ms]
2025-12-27 09:40:55.562 [info] > git for-each-ref --format=%(refname)%00%(upstream:short)%00%(objectname)%00%(upstream:track)%00%(upstream:remotename)%00%(upstream:remoteref) --ignore-case refs/heads/main refs/remotes/main [45ms]
2025-12-27 09:40:55.604 [info] > git status -z -uall [40ms]
2025-12-27 09:40:55.605 [info] > git for-each-ref --sort -committerdate --format %(refname)%00%(objectname)%00%(*objectname) [39ms]
2025-12-27 09:41:00.656 [info] > git config --get commit.template [38ms]
2025-12-27 09:41:00.659 [info] > git for-each-ref --format=%(refname)%00%(upstream:short)%00%(objectname)%00%(upstream:track)%00%(upstream:remotename)%00%(upstream:remoteref) --ignore-case refs/heads/main refs/remotes/main [39ms]
2025-12-27 09:41:00.699 [info] > git status -z -uall [38ms]
2025-12-27 09:41:00.700 [info] > git for-each-ref --sort -committerdate --format %(refname)%00%(objectname)%00%(*objectname) [38ms]
2025-12-27 09:41:11.237 [info] > git config --get commit.template [41ms]
2025-12-27 09:41:11.243 [info] > git for-each-ref --format=%(refname)%00%(upstream:short)%00%(objectname)%00%(upstream:track)%00%(upstream:remotename)%00%(upstream:remoteref) --ignore-case refs/heads/main refs/remotes/main [44ms]
2025-12-27 09:41:11.289 [info] > git for-each-ref --sort -committerdate --format %(refname)%00%(objectname)%00%(*objectname) [43ms]
2025-12-27 09:41:11.292 [info] > git status -z -uall [48ms]
2025-12-27 09:41:16.353 [info] > git config --get commit.template [46ms]
2025-12-27 09:41:16.355 [info] > git for-each-ref --format=%(refname)%00%(upstream:short)%00%(objectname)%00%(upstream:track)%00%(upstream:remotename)%00%(upstream:remoteref) --ignore-case refs/heads/main refs/remotes/main [45ms]
2025-12-27 09:41:16.393 [info] > git status -z -uall [36ms]
2025-12-27 09:41:16.394 [info] > git for-each-ref --sort -committerdate --format %(refname)%00%(objectname)%00%(*objectname) [35ms]
2025-12-27 09:41:30.238 [info] > git config --get commit.template [56ms]
2025-12-27 09:41:30.250 [info] > git for-each-ref --format=%(refname)%00%(upstream:short)%00%(objectname)%00%(upstream:track)%00%(upstream:remotename)%00%(upstream:remoteref) --ignore-case refs/heads/main refs/remotes/main [66ms]
2025-12-27 09:41:30.299 [info] > git status -z -uall [47ms]
2025-12-27 09:41:30.300 [info] > git for-each-ref --sort -committerdate --format %(refname)%00%(objectname)%00%(*objectname) [47ms]
2025-12-27 09:41:35.369 [info] > git config --get commit.template [64ms]
2025-12-27 09:41:35.378 [info] > git for-each-ref --format=%(refname)%00%(upstream:short)%00%(objectname)%00%(upstream:track)%00%(upstream:remotename)%00%(upstream:remoteref) --ignore-case refs/heads/main refs/remotes/main [68ms]
2025-12-27 09:41:35.443 [info] > git status -z -uall [61ms]
2025-12-27 09:41:35.447 [info] > git for-each-ref --sort -committerdate --format %(refname)%00%(objectname)%00%(*objectname) [62ms]
2025-12-27 09:41:40.501 [info] > git config --get commit.template [40ms]
2025-12-27 09:41:40.506 [info] > git for-each-ref --format=%(refname)%00%(upstream:short)%00%(objectname)%00%(upstream:track)%00%(upstream:remotename)%00%(upstream:remoteref) --ignore-case refs/heads/main refs/remotes/main [43ms]
2025-12-27 09:41:40.544 [info] > git status -z -uall [36ms]
2025-12-27 09:41:40.545 [info] > git for-each-ref --sort -committerdate --format %(refname)%00%(objectname)%00%(*objectname) [36ms]
2025-12-27 09:42:20.666 [info] > git config --get commit.template [890ms]
2025-12-27 09:42:20.680 [info] > git for-each-ref --format=%(refname)%00%(upstream:short)%00%(objectname)%00%(upstream:track)%00%(upstream:remotename)%00%(upstream:remoteref) --ignore-case refs/heads/main refs/remotes/main [488ms]
2025-12-27 09:42:20.822 [info] > git for-each-ref --sort -committerdate --format %(refname)%00%(objectname)%00%(*objectname) [137ms]
2025-12-27 09:42:20.837 [info] > git status -z -uall [154ms]
2025-12-27 09:42:21.016 [info] > git merge-base refs/heads/main refs/remotes/origin/main [170ms]
2025-12-27 09:42:21.053 [info] > git config --local -l [77ms]
2025-12-27 09:42:21.123 [info] > git diff --name-status -z --diff-filter=ADMR --find-renames=50% 6717e629ba41a42e9d351aaf9f571688e5d1e8fc...refs/remotes/origin/main -- [104ms]
2025-12-27 09:42:21.383 [info] > git show --textconv :CONTRIBUTING.md [79ms]
2025-12-27 09:42:21.391 [info] > git ls-files --stage -- CONTRIBUTING.md [72ms]
2025-12-27 09:42:21.436 [info] > git cat-file -s 8e0bb0c82340d4d212f739270f943aeaeddea169 [43ms]
2025-12-27 09:42:21.528 [info] > git blame --root --incremental 6717e629ba41a42e9d351aaf9f571688e5d1e8fc -- CONTRIBUTING.md [68ms]
2025-12-27 09:42:21.923 [info] > git fetch [2344ms]
2025-12-27 09:42:21.985 [info] > git ls-files --stage -- CONTRIBUTING.md [101ms]
2025-12-27 09:42:22.016 [info] > git config --get commit.template [83ms]
2025-12-27 09:42:22.026 [info] > git for-each-ref --format=%(refname)%00%(upstream:short)%00%(objectname)%00%(upstream:track)%00%(upstream:remotename)%00%(upstream:remoteref) --ignore-case refs/heads/main refs/remotes/main [89ms]
2025-12-27 09:42:22.066 [info] > git cat-file -s 8e0bb0c82340d4d212f739270f943aeaeddea169 [79ms]
2025-12-27 09:42:22.251 [info] > git status -z -uall [220ms]
2025-12-27 09:42:22.265 [info] > git for-each-ref --sort -committerdate --format %(refname)%00%(objectname)%00%(*objectname) [230ms]
2025-12-27 09:42:22.271 [info] > git show --textconv :CONTRIBUTING.md [199ms]
2025-12-27 09:42:23.770 [info] > git ls-files --stage -- CONTRIBUTING.md [49ms]
2025-12-27 09:42:23.814 [info] > git cat-file -s 8e0bb0c82340d4d212f739270f943aeaeddea169 [43ms]
2025-12-27 09:42:23.855 [info] > git show --textconv :CONTRIBUTING.md [38ms]
2025-12-27 09:42:25.904 [info] > git config --get commit.template [51ms]
2025-12-27 09:42:25.909 [info] > git for-each-ref --format=%(refname)%00%(upstream:short)%00%(objectname)%00%(upstream:track)%00%(upstream:remotename)%00%(upstream:remoteref) --ignore-case refs/heads/main refs/remotes/main [54ms]
2025-12-27 09:42:25.954 [info] > git for-each-ref --sort -committerdate --format %(refname)%00%(objectname)%00%(*objectname) [42ms]
2025-12-27 09:42:25.961 [info] > git status -z -uall [51ms]
2025-12-27 09:42:26.709 [info] > git ls-files --stage -- CONTRIBUTING.md [36ms]
2025-12-27 09:42:26.744 [info] > git cat-file -s 8e0bb0c82340d4d212f739270f943aeaeddea169 [34ms]
2025-12-27 09:42:26.780 [info] > git show --textconv :CONTRIBUTING.md [33ms]
2025-12-27 09:42:31.011 [info] > git config --get commit.template [39ms]
2025-12-27 09:42:31.015 [info] > git for-each-ref --format=%(refname)%00%(upstream:short)%00%(objectname)%00%(upstream:track)%00%(upstream:remotename)%00%(upstream:remoteref) --ignore-case refs/heads/main refs/remotes/main [40ms]
2025-12-27 09:42:31.051 [info] > git for-each-ref --sort -committerdate --format %(refname)%00%(objectname)%00%(*objectname) [33ms]
2025-12-27 09:42:31.052 [info] > git status -z -uall [35ms]
2025-12-27 09:45:37.683 [info] > git fetch [2148ms]
2025-12-27 09:45:37.738 [info] > git config --get commit.template [50ms]
2025-12-27 09:45:37.746 [info] > git for-each-ref --format=%(refname)%00%(upstream:short)%00%(objectname)%00%(upstream:track)%00%(upstream:remotename)%00%(upstream:remoteref) --ignore-case refs/heads/main refs/remotes/main [55ms]
2025-12-27 09:45:37.790 [info] > git for-each-ref --sort -committerdate --format %(refname)%00%(objectname)%00%(*objectname) [41ms]
2025-12-27 09:45:37.791 [info] > git status -z -uall [43ms]
2025-12-27 09:45:38.878 [info] > git ls-files --stage -- CONTRIBUTING.md [36ms]
2025-12-27 09:45:38.915 [info] > git cat-file -s 8e0bb0c82340d4d212f739270f943aeaeddea169 [36ms]
2025-12-27 09:45:38.953 [info] > git show --textconv :CONTRIBUTING.md [36ms]
2025-12-27 09:45:40.931 [info] > git config --get commit.template [233ms]
2025-12-27 09:45:40.934 [info] > git for-each-ref --format=%(refname)%00%(upstream:short)%00%(objectname)%00%(upstream:track)%00%(upstream:remotename)%00%(upstream:remoteref) --ignore-case refs/heads/main refs/remotes/main [234ms]
2025-12-27 09:45:41.054 [info] > git status -z -uall [117ms]
2025-12-27 09:45:41.069 [info] > git for-each-ref --sort -committerdate --format %(refname)%00%(objectname)%00%(*objectname) [129ms]
2025-12-27 09:45:42.836 [info] > git check-ignore -v -z --stdin [57ms]
2025-12-27 09:45:51.854 [info] > git config --get commit.template [276ms]
2025-12-27 09:45:51.959 [info] > git ls-files --stage -- params.yaml [98ms]
2025-12-27 09:45:51.962 [warning] [GitFileSystemProvider][stat] File not found - git:/Users/leifwsogge/Library/Mobile%20Documents/com~apple~CloudDocs/Space%20LEAF%20Corp.global.secure.net/simulate_lambda_prototype/params.yaml.git?%7B%22path%22%3A%22%2FUsers%2Fleifwsogge%2FLibrary%2FMobile%20Documents%2Fcom~apple~CloudDocs%2FSpace%20LEAF%20Corp.global.secure.net%2Fsimulate_lambda_prototype%2Fparams.yaml%22%2C%22ref%22%3A%22%22%7D
2025-12-27 09:45:51.974 [info] > git show --textconv :params.yaml [116ms]
2025-12-27 09:45:51.978 [warning] [GitFileSystemProvider][readFile] File not found - git:/Users/leifwsogge/Library/Mobile%20Documents/com~apple~CloudDocs/Space%20LEAF%20Corp.global.secure.net/simulate_lambda_prototype/params.yaml.git?%7B%22path%22%3A%22%2FUsers%2Fleifwsogge%2FLibrary%2FMobile%20Documents%2Fcom~apple~CloudDocs%2FSpace%20LEAF%20Corp.global.secure.net%2Fsimulate_lambda_prototype%2Fparams.yaml%22%2C%22ref%22%3A%22%22%7D
2025-12-27 09:45:52.006 [info] > git for-each-ref --format=%(refname)%00%(upstream:short)%00%(objectname)%00%(upstream:track)%00%(upstream:remotename)%00%(upstream:remoteref) --ignore-case refs/heads/main refs/remotes/main [136ms]
2025-12-27 09:45:52.242 [info] > git for-each-ref --sort -committerdate --format %(refname)%00%(objectname)%00%(*objectname) [220ms]
2025-12-27 09:45:52.293 [info] > git blame --root --incremental 6717e629ba41a42e9d351aaf9f571688e5d1e8fc -- params.yaml [295ms]
2025-12-27 09:45:52.293 [info] fatal: no such path params.yaml in 6717e629ba41a42e9d351aaf9f571688e5d1e8fc
2025-12-27 09:45:52.408 [info] > git status -z -uall [399ms]
2025-12-27 09:46:06.604 [info] > git config --get commit.template [1130ms]
2025-12-27 09:46:06.618 [info] > git for-each-ref --format=%(refname)%00%(upstream:short)%00%(objectname)%00%(upstream:track)%00%(upstream:remotename)%00%(upstream:remoteref) --ignore-case refs/heads/main refs/remotes/main [1113ms]
2025-12-27 09:46:06.692 [info] > git status -z -uall [70ms]
2025-12-27 09:46:06.711 [info] > git for-each-ref --sort -committerdate --format %(refname)%00%(objectname)%00%(*objectname) [87ms]
2025-12-27 09:46:13.314 [info] > git check-ignore -v -z --stdin [126ms]
2025-12-27 09:46:13.723 [info] > git show --textconv :docs/ADCS_derivation.md [73ms]
2025-12-27 09:46:13.724 [warning] [GitFileSystemProvider][readFile] File not found - git:/Users/leifwsogge/Library/Mobile%20Documents/com~apple~CloudDocs/Space%20LEAF%20Corp.global.secure.net/simulate_lambda_prototype/docs/ADCS_derivation.md.git?%7B%22path%22%3A%22%2FUsers%2Fleifwsogge%2FLibrary%2FMobile%20Documents%2Fcom~apple~CloudDocs%2FSpace%20LEAF%20Corp.global.secure.net%2Fsimulate_lambda_prototype%2Fdocs%2FADCS_derivation.md%22%2C%22ref%22%3A%22%22%7D
2025-12-27 09:46:13.732 [info] > git ls-files --stage -- docs/ADCS_derivation.md [78ms]
2025-12-27 09:46:13.733 [warning] [GitFileSystemProvider][stat] File not found - git:/Users/leifwsogge/Library/Mobile%20Documents/com~apple~CloudDocs/Space%20LEAF%20Corp.global.secure.net/simulate_lambda_prototype/docs/ADCS_derivation.md.git?%7B%22path%22%3A%22%2FUsers%2Fleifwsogge%2FLibrary%2FMobile%20Documents%2Fcom~apple~CloudDocs%2FSpace%20LEAF%20Corp.global.secure.net%2Fsimulate_lambda_prototype%2Fdocs%2FADCS_derivation.md%22%2C%22ref%22%3A%22%22%7D
2025-12-27 09:46:15.652 [info] > git config --get commit.template [1033ms]
2025-12-27 09:46:15.657 [info] > git for-each-ref --format=%(refname)%00%(upstream:short)%00%(objectname)%00%(upstream:track)%00%(upstream:remotename)%00%(upstream:remoteref) --ignore-case refs/heads/main refs/remotes/main [1035ms]
2025-12-27 09:46:15.738 [info] > git status -z -uall [59ms]
2025-12-27 09:46:15.742 [info] > git for-each-ref --sort -committerdate --format %(refname)%00%(objectname)%00%(*objectname) [60ms]
2025-12-27 09:46:34.721 [info] > git config --get commit.template [899ms]
2025-12-27 09:46:34.956 [info] > git for-each-ref --format=%(refname)%00%(upstream:short)%00%(objectname)%00%(upstream:track)%00%(upstream:remotename)%00%(upstream:remoteref) --ignore-case refs/heads/main refs/remotes/main [1096ms]
2025-12-27 09:46:35.055 [info] > git for-each-ref --sort -committerdate --format %(refname)%00%(objectname)%00%(*objectname) [92ms]
2025-12-27 09:46:35.058 [info] > git status -z -uall [98ms]
2025-12-27 09:46:40.109 [info] > git config --get commit.template [40ms]
2025-12-27 09:46:40.112 [info] > git for-each-ref --format=%(refname)%00%(upstream:short)%00%(objectname)%00%(upstream:track)%00%(upstream:remotename)%00%(upstream:remoteref) --ignore-case refs/heads/main refs/remotes/main [41ms]
2025-12-27 09:46:40.152 [info] > git status -z -uall [38ms]
2025-12-27 09:46:40.154 [info] > git for-each-ref --sort -committerdate --format %(refname)%00%(objectname)%00%(*objectname) [38ms]
2025-12-27 09:46:44.546 [info] > git ls-files --stage -- CI nightly snippet.yaml [219ms]
2025-12-27 09:46:44.546 [warning] [GitFileSystemProvider][stat] File not found - git:/Users/leifwsogge/Library/Mobile%20Documents/com~apple~CloudDocs/Space%20LEAF%20Corp.global.secure.net/simulate_lambda_prototype/CI%20nightly%20snippet.yaml.git?%7B%22path%22%3A%22%2FUsers%2Fleifwsogge%2FLibrary%2FMobile%20Documents%2Fcom~apple~CloudDocs%2FSpace%20LEAF%20Corp.global.secure.net%2Fsimulate_lambda_prototype%2FCI%20nightly%20snippet.yaml%22%2C%22ref%22%3A%22%22%7D
2025-12-27 09:46:44.552 [info] > git show --textconv :CI nightly snippet.yaml [229ms]
2025-12-27 09:46:44.553 [warning] [GitFileSystemProvider][readFile] File not found - git:/Users/leifwsogge/Library/Mobile%20Documents/com~apple~CloudDocs/Space%20LEAF%20Corp.global.secure.net/simulate_lambda_prototype/CI%20nightly%20snippet.yaml.git?%7B%22path%22%3A%22%2FUsers%2Fleifwsogge%2FLibrary%2FMobile%20Documents%2Fcom~apple~CloudDocs%2FSpace%20LEAF%20Corp.global.secure.net%2Fsimulate_lambda_prototype%2FCI%20nightly%20snippet.yaml%22%2C%22ref%22%3A%22%22%7D
2025-12-27 09:46:44.656 [info] > git check-ignore -v -z --stdin [142ms]
2025-12-27 09:46:45.327 [info] > git config --get commit.template [59ms]
2025-12-27 09:46:45.336 [info] > git for-each-ref --format=%(refname)%00%(upstream:short)%00%(objectname)%00%(upstream:track)%00%(upstream:remotename)%00%(upstream:remoteref) --ignore-case refs/heads/main refs/remotes/main [67ms]
2025-12-27 09:46:45.405 [info] > git for-each-ref --sort -committerdate --format %(refname)%00%(objectname)%00%(*objectname) [63ms]
2025-12-27 09:46:45.405 [info] > git status -z -uall [66ms]
2025-12-27 09:46:50.505 [info] > git config --get commit.template [71ms]
2025-12-27 09:46:50.513 [info] > git for-each-ref --format=%(refname)%00%(upstream:short)%00%(objectname)%00%(upstream:track)%00%(upstream:remotename)%00%(upstream:remoteref) --ignore-case refs/heads/main refs/remotes/main [69ms]
2025-12-27 09:46:50.571 [info] > git status -z -uall [56ms]
2025-12-27 09:46:50.573 [info] > git for-each-ref --sort -committerdate --format %(refname)%00%(objectname)%00%(*objectname) [55ms]
2025-12-27 09:46:55.632 [info] > git config --get commit.template [46ms]
2025-12-27 09:46:55.637 [info] > git for-each-ref --format=%(refname)%00%(upstream:short)%00%(objectname)%00%(upstream:track)%00%(upstream:remotename)%00%(upstream:remoteref) --ignore-case refs/heads/main refs/remotes/main [49ms]
2025-12-27 09:46:55.689 [info] > git status -z -uall [50ms]
2025-12-27 09:46:55.694 [info] > git for-each-ref --sort -committerdate --format %(refname)%00%(objectname)%00%(*objectname) [53ms]
2025-12-27 09:46:57.132 [info] > git ls-files --stage -- simulate_lambda.py [128ms]
2025-12-27 09:46:57.154 [info] > git show --textconv :simulate_lambda.py [153ms]
2025-12-27 09:46:57.292 [info] > git cat-file -s 10792a7315b7308ae8f03a5cc5d69f356fd9147e [157ms]
2025-12-27 09:46:57.463 [info] > git blame --root --incremental 6717e629ba41a42e9d351aaf9f571688e5d1e8fc -- simulate_lambda.py [67ms]
2025-12-27 09:47:09.430 [info] > git config --get commit.template [307ms]
2025-12-27 09:47:09.455 [info] > git for-each-ref --format=%(refname)%00%(upstream:short)%00%(objectname)%00%(upstream:track)%00%(upstream:remotename)%00%(upstream:remoteref) --ignore-case refs/heads/main refs/remotes/main [307ms]
2025-12-27 09:47:09.610 [info] > git status -z -uall [153ms]
2025-12-27 09:47:09.622 [info] > git for-each-ref --sort -committerdate --format %(refname)%00%(objectname)%00%(*objectname) [163ms]
2025-12-27 09:47:14.725 [info] > git config --get commit.template [80ms]
2025-12-27 09:47:14.757 [info] > git for-each-ref --format=%(refname)%00%(upstream:short)%00%(objectname)%00%(upstream:track)%00%(upstream:remotename)%00%(upstream:remoteref) --ignore-case refs/heads/main refs/remotes/main [75ms]
2025-12-27 09:47:14.824 [info] > git status -z -uall [62ms]
2025-12-27 09:47:14.825 [info] > git for-each-ref --sort -committerdate --format %(refname)%00%(objectname)%00%(*objectname) [61ms]
2025-12-27 09:47:28.403 [info] > git config --get commit.template [81ms]
2025-12-27 09:47:28.406 [info] > git for-each-ref --format=%(refname)%00%(upstream:short)%00%(objectname)%00%(upstream:track)%00%(upstream:remotename)%00%(upstream:remoteref) --ignore-case refs/heads/main refs/remotes/main [79ms]
2025-12-27 09:47:28.468 [info] > git for-each-ref --sort -committerdate --format %(refname)%00%(objectname)%00%(*objectname) [57ms]
2025-12-27 09:47:28.469 [info] > git status -z -uall [60ms]
2025-12-27 09:47:28.482 [info] > git ls-files --stage -- simulate_lambda.py [62ms]
2025-12-27 09:47:28.533 [info] > git cat-file -s 10792a7315b7308ae8f03a5cc5d69f356fd9147e [49ms]
2025-12-27 09:47:28.581 [info] > git show --textconv :simulate_lambda.py [45ms]
2025-12-27 09:47:33.525 [info] > git config --get commit.template [47ms]
2025-12-27 09:47:33.528 [info] > git for-each-ref --format=%(refname)%00%(upstream:short)%00%(objectname)%00%(upstream:track)%00%(upstream:remotename)%00%(upstream:remoteref) --ignore-case refs/heads/main refs/remotes/main [48ms]
2025-12-27 09:47:33.574 [info] > git status -z -uall [44ms]
2025-12-27 09:47:33.579 [info] > git for-each-ref --sort -committerdate --format %(refname)%00%(objectname)%00%(*objectname) [47ms]
2025-12-27 09:47:36.572 [info] > git ls-files --stage -- simulate_lambda.py [37ms]
2025-12-27 09:47:36.608 [info] > git cat-file -s 10792a7315b7308ae8f03a5cc5d69f356fd9147e [35ms]
2025-12-27 09:47:36.645 [info] > git show --textconv :simulate_lambda.py [34ms]
2025-12-27 09:47:38.629 [info] > git config --get commit.template [39ms]
2025-12-27 09:47:38.632 [info] > git for-each-ref --format=%(refname)%00%(upstream:short)%00%(objectname)%00%(upstream:track)%00%(upstream:remotename)%00%(upstream:remoteref) --ignore-case refs/heads/main refs/remotes/main [40ms]
2025-12-27 09:47:38.669 [info] > git status -z -uall [36ms]
2025-12-27 09:47:38.670 [info] > git for-each-ref --sort -committerdate --format %(refname)%00%(objectname)%00%(*objectname) [35ms]
2025-12-27 09:48:58.429 [info] > git config --get commit.template [619ms]
2025-12-27 09:48:58.437 [info] > git ls-files --stage -- simulate_lambda.py [1236ms]
2025-12-27 09:48:58.451 [info] > git for-each-ref --format=%(refname)%00%(upstream:short)%00%(objectname)%00%(upstream:track)%00%(upstream:remotename)%00%(upstream:remoteref) --ignore-case refs/heads/main refs/remotes/main [249ms]
2025-12-27 09:48:58.515 [info] > git cat-file -s 10792a7315b7308ae8f03a5cc5d69f356fd9147e [76ms]
2025-12-27 09:48:58.521 [info] > git status -z -uall [65ms]
2025-12-27 09:48:58.576 [info] > git for-each-ref --sort -committerdate --format %(refname)%00%(objectname)%00%(*objectname) [117ms]
2025-12-27 09:48:58.818 [info] > git show --textconv :simulate_lambda.py [292ms]
2025-12-27 09:48:58.819 [info] > git merge-base refs/heads/main refs/remotes/origin/main [231ms]
2025-12-27 09:48:58.891 [info] > git diff --name-status -z --diff-filter=ADMR --find-renames=50% 067c30b0d326a0c8c39329ce7b0d4aa534776825...refs/remotes/origin/main -- [63ms]
2025-12-27 09:48:59.153 [info] > git config --local -l [47ms]
2025-12-27 09:48:59.441 [info] > git fetch [2251ms]
2025-12-27 09:48:59.508 [info] > git config --get commit.template [64ms]
2025-12-27 09:48:59.518 [info] > git for-each-ref --format=%(refname)%00%(upstream:short)%00%(objectname)%00%(upstream:track)%00%(upstream:remotename)%00%(upstream:remoteref) --ignore-case refs/heads/main refs/remotes/main [71ms]
2025-12-27 09:48:59.577 [info] > git for-each-ref --sort -committerdate --format %(refname)%00%(objectname)%00%(*objectname) [52ms]
2025-12-27 09:48:59.582 [info] > git status -z -uall [59ms]
2025-12-27 09:48:59.715 [info] > git show --textconv :docs/ADCS_derivation.md [86ms]
2025-12-27 09:48:59.723 [info] > git ls-files --stage -- docs/ADCS_derivation.md [90ms]
2025-12-27 09:48:59.792 [info] > git cat-file -s a07bebd6d6f72defb8916ad65eed5c61331171ee [67ms]
2025-12-27 09:48:59.971 [info] > git blame --root --incremental 067c30b0d326a0c8c39329ce7b0d4aa534776825 -- docs/ADCS_derivation.md [83ms]
2025-12-27 09:49:00.769 [info] > git ls-files --stage -- simulate_lambda.py [57ms]
2025-12-27 09:49:00.770 [info] > git ls-files --stage -- docs/ADCS_derivation.md [56ms]
2025-12-27 09:49:00.880 [info] > git cat-file -s a07bebd6d6f72defb8916ad65eed5c61331171ee [109ms]
2025-12-27 09:49:00.883 [info] > git cat-file -s 10792a7315b7308ae8f03a5cc5d69f356fd9147e [113ms]
2025-12-27 09:49:00.940 [info] > git show --textconv :docs/ADCS_derivation.md [54ms]
2025-12-27 09:49:00.942 [info] > git show --textconv :simulate_lambda.py [54ms]
2025-12-27 09:49:02.789 [info] > git ls-files --stage -- simulate_lambda.py [61ms]
2025-12-27 09:49:02.792 [info] > git ls-files --stage -- docs/ADCS_derivation.md [61ms]
2025-12-27 09:49:02.846 [info] > git cat-file -s a07bebd6d6f72defb8916ad65eed5c61331171ee [52ms]
2025-12-27 09:49:02.851 [info] > git cat-file -s 10792a7315b7308ae8f03a5cc5d69f356fd9147e [60ms]
2025-12-27 09:49:02.899 [info] > git show --textconv :docs/ADCS_derivation.md [49ms]
2025-12-27 09:49:02.941 [info] > git show --textconv :simulate_lambda.py [86ms]
2025-12-27 09:49:03.651 [info] > git config --get commit.template [52ms]
2025-12-27 09:49:03.667 [info] > git for-each-ref --format=%(refname)%00%(upstream:short)%00%(objectname)%00%(upstream:track)%00%(upstream:remotename)%00%(upstream:remoteref) --ignore-case refs/heads/main refs/remotes/main [66ms]
2025-12-27 09:49:03.726 [info] > git status -z -uall [56ms]
2025-12-27 09:49:03.732 [info] > git for-each-ref --sort -committerdate --format %(refname)%00%(objectname)%00%(*objectname) [62ms]
2025-12-27 09:49:04.271 [info] > git config --get commit.template [67ms]
2025-12-27 09:49:04.277 [info] > git for-each-ref --format=%(refname)%00%(upstream:short)%00%(objectname)%00%(upstream:track)%00%(upstream:remotename)%00%(upstream:remoteref) --ignore-case refs/heads/main refs/remotes/main [68ms]
2025-12-27 09:49:04.355 [info] > git status -z -uall [75ms]
2025-12-27 09:49:04.366 [info] > git for-each-ref --sort -committerdate --format %(refname)%00%(objectname)%00%(*objectname) [83ms]
2025-12-27 09:49:04.788 [info] > git ls-files --stage -- docs/ADCS_derivation.md [55ms]
2025-12-27 09:49:04.790 [info] > git ls-files --stage -- simulate_lambda.py [60ms]
2025-12-27 09:49:04.848 [info] > git cat-file -s a07bebd6d6f72defb8916ad65eed5c61331171ee [58ms]
2025-12-27 09:49:04.849 [info] > git cat-file -s 10792a7315b7308ae8f03a5cc5d69f356fd9147e [57ms]
2025-12-27 09:49:04.904 [info] > git show --textconv :docs/ADCS_derivation.md [52ms]
2025-12-27 09:49:04.915 [info] > git show --textconv :simulate_lambda.py [60ms]
2025-12-27 09:49:07.863 [info] > git ls-files --stage -- docs/ADCS_derivation.md [78ms]
2025-12-27 09:49:07.911 [info] > git ls-files --stage -- simulate_lambda.py [131ms]
2025-12-27 09:49:07.938 [info] > git cat-file -s a07bebd6d6f72defb8916ad65eed5c61331171ee [72ms]
2025-12-27 09:49:07.980 [info] > git cat-file -s 10792a7315b7308ae8f03a5cc5d69f356fd9147e [67ms]
2025-12-27 09:49:08.130 [info] > git show --textconv :docs/ADCS_derivation.md [188ms]
2025-12-27 09:49:08.222 [info] > git show --textconv :simulate_lambda.py [232ms]
2025-12-27 09:49:08.823 [info] > git config --get commit.template [82ms]
2025-12-27 09:49:08.828 [info] > git for-each-ref --format=%(refname)%00%(upstream:short)%00%(objectname)%00%(upstream:track)%00%(upstream:remotename)%00%(upstream:remoteref) --ignore-case refs/heads/main refs/remotes/main [83ms]
2025-12-27 09:49:08.901 [info] > git status -z -uall [70ms]
2025-12-27 09:49:08.902 [info] > git for-each-ref --sort -committerdate --format %(refname)%00%(objectname)%00%(*objectname) [68ms]
2025-12-27 09:49:35.148 [info] > git config --get commit.template [857ms]
2025-12-27 09:49:35.154 [info] > git for-each-ref --format=%(refname)%00%(upstream:short)%00%(objectname)%00%(upstream:track)%00%(upstream:remotename)%00%(upstream:remoteref) --ignore-case refs/heads/main refs/remotes/main [375ms]
2025-12-27 09:49:35.162 [info] > git ls-files --stage -- docs/ADCS_derivation.md [1095ms]
2025-12-27 09:49:35.167 [info] > git ls-files --stage -- simulate_lambda.py [1104ms]
2025-12-27 09:49:35.280 [info] > git cat-file -s a07bebd6d6f72defb8916ad65eed5c61331171ee [116ms]
2025-12-27 09:49:35.325 [info] > git status -z -uall [168ms]
2025-12-27 09:49:35.430 [info] > git cat-file -s 10792a7315b7308ae8f03a5cc5d69f356fd9147e [261ms]
2025-12-27 09:49:35.503 [info] > git for-each-ref --sort -committerdate --format %(refname)%00%(objectname)%00%(*objectname) [344ms]
2025-12-27 09:49:35.529 [info] > git show --textconv :docs/ADCS_derivation.md [237ms]
2025-12-27 09:49:35.532 [info] > git show --textconv :simulate_lambda.py [97ms]
2025-12-27 09:51:21.403 [info] > git ls-files --stage -- LICENSE2.0 [80ms]
2025-12-27 09:51:21.424 [info] > git show --textconv :LICENSE2.0 [103ms]
2025-12-27 09:51:21.482 [info] > git cat-file -s 6d30262ef70de41381632729306cd88f2e58a007 [75ms]
2025-12-27 09:51:21.595 [info] > git blame --root --incremental 067c30b0d326a0c8c39329ce7b0d4aa534776825 -- LICENSE2.0 [72ms]
2025-12-27 10:07:58.955 [info] > git ls-files --stage -- LICENSE2.0 [1136ms]
2025-12-27 10:07:59.059 [info] > git cat-file -s 6d30262ef70de41381632729306cd88f2e58a007 [100ms]
2025-12-27 10:07:59.905 [info] > git config --get commit.template [1590ms]
2025-12-27 10:07:59.919 [info] > git for-each-ref --format=%(refname)%00%(upstream:short)%00%(objectname)%00%(upstream:track)%00%(upstream:remotename)%00%(upstream:remoteref) --ignore-case refs/heads/main refs/remotes/main [1353ms]
2025-12-27 10:08:00.718 [info] > git show --textconv :LICENSE2.0 [1637ms]
2025-12-27 10:08:00.946 [info] > git for-each-ref --sort -committerdate --format %(refname)%00%(objectname)%00%(*objectname) [969ms]
2025-12-27 10:08:01.300 [info] > git status -z -uall [1326ms]
2025-12-27 10:08:02.801 [info] > git ls-files --stage -- LICENSE2.0 [2057ms]
2025-12-27 10:08:03.037 [info] > git cat-file -s 6d30262ef70de41381632729306cd88f2e58a007 [234ms]
2025-12-27 10:08:03.385 [info] > git show --textconv :LICENSE2.0 [340ms]
2025-12-27 10:08:03.640 [info] > git fetch [5832ms]
2025-12-27 10:08:03.819 [info] > git for-each-ref --format=%(refname)%00%(upstream:short)%00%(objectname)%00%(upstream:track)%00%(upstream:remotename)%00%(upstream:remoteref) --ignore-case refs/heads/main refs/remotes/main [171ms]
2025-12-27 10:08:03.833 [info] > git config --get commit.template [188ms]
2025-12-27 10:08:03.894 [info] > git status -z -uall [59ms]
2025-12-27 10:08:03.895 [info] > git for-each-ref --sort -committerdate --format %(refname)%00%(objectname)%00%(*objectname) [57ms]
2025-12-28 11:13:32.613 [info] > git config --get commit.template [771ms]
2025-12-28 11:13:32.652 [info] > git ls-files --stage -- LICENSE2.0 [838ms]
2025-12-28 11:13:33.821 [info] > git cat-file -s 6d30262ef70de41381632729306cd88f2e58a007 [1167ms]
2025-12-28 11:13:33.868 [info] > git for-each-ref --format=%(refname)%00%(upstream:short)%00%(objectname)%00%(upstream:track)%00%(upstream:remotename)%00%(upstream:remoteref) --ignore-case refs/heads/main refs/remotes/main [1997ms]
2025-12-28 11:13:34.305 [info] > git for-each-ref --sort -committerdate --format %(refname)%00%(objectname)%00%(*objectname) [419ms]
2025-12-28 11:13:34.377 [info] > git status -z -uall [498ms]
2025-12-28 11:13:34.912 [info] > git show --textconv :LICENSE2.0 [833ms]
2025-12-28 11:13:34.912 [info] > git fetch [3983ms]
2025-12-28 11:13:35.059 [info] > git merge-base refs/heads/main refs/remotes/origin/main [586ms]
2025-12-28 11:13:35.070 [info] > git blame --root --incremental 352676e41a2da3f5349e8d4a959ca270e84d7ffa -- LICENSE2.0 [622ms]
2025-12-28 11:13:35.079 [info] > git config --local -l [200ms]
2025-12-28 11:13:35.140 [info] > git config --get commit.template [86ms]
2025-12-28 11:13:35.156 [info] > git diff --name-status -z --diff-filter=ADMR --find-renames=50% 352676e41a2da3f5349e8d4a959ca270e84d7ffa...refs/remotes/origin/main -- [90ms]
2025-12-28 11:13:35.234 [info] > git ls-files --stage -- LICENSE2.0 [84ms]
2025-12-28 11:13:35.256 [info] > git for-each-ref --format=%(refname)%00%(upstream:short)%00%(objectname)%00%(upstream:track)%00%(upstream:remotename)%00%(upstream:remoteref) --ignore-case refs/heads/main refs/remotes/main [101ms]
2025-12-28 11:13:35.320 [info] > git cat-file -s 6d30262ef70de41381632729306cd88f2e58a007 [83ms]
2025-12-28 11:13:35.353 [info] > git status -z -uall [91ms]
2025-12-28 11:13:35.357 [info] > git for-each-ref --sort -committerdate --format %(refname)%00%(objectname)%00%(*objectname) [92ms]
2025-12-28 11:13:35.420 [info] > git show --textconv :LICENSE2.0 [68ms]
2025-12-28 11:13:36.014 [info] > git ls-files --stage -- LICENSE2.0 [40ms]
2025-12-28 11:13:36.076 [info] > git cat-file -s 6d30262ef70de41381632729306cd88f2e58a007 [35ms]
2025-12-28 11:13:36.131 [info] > git show --textconv :LICENSE2.0 [53ms]
2025-12-28 11:14:08.310 [info] > git config --get commit.template [125ms]
2025-12-28 11:14:08.321 [info] > git for-each-ref --format=%(refname)%00%(upstream:short)%00%(objectname)%00%(upstream:track)%00%(upstream:remotename)%00%(upstream:remoteref) --ignore-case refs/heads/main refs/remotes/main [98ms]
2025-12-28 11:14:08.599 [info] > git status -z -uall [268ms]
2025-12-28 11:14:08.626 [info] > git for-each-ref --sort -committerdate --format %(refname)%00%(objectname)%00%(*objectname) [277ms]
2025-12-31 08:41:56.384 [info] > git config --get commit.template [4427ms]
2025-12-31 08:42:16.812 [info] > git ls-files --stage -- LICENSE2.0 [25483ms]
2025-12-31 08:42:16.846 [info] > git for-each-ref --format=%(refname)%00%(upstream:short)%00%(objectname)%00%(upstream:track)%00%(upstream:remotename)%00%(upstream:remoteref) --ignore-case refs/heads/main refs/remotes/main [23475ms]
2025-12-31 08:42:19.828 [info] > git for-each-ref --sort -committerdate --format %(refname)%00%(objectname)%00%(*objectname) [2961ms]
2025-12-31 08:42:19.914 [info] > git cat-file -s 6d30262ef70de41381632729306cd88f2e58a007 [3096ms]
2025-12-31 08:42:20.001 [info] > git show --textconv :LICENSE2.0 [80ms]
2025-12-31 08:42:24.903 [info] > git fetch [34369ms]
2025-12-31 08:42:24.917 [info] > git status -z -uall [8058ms] (cancelled)
2025-12-31 08:42:24.989 [info] > git config --get commit.template [73ms]
2025-12-31 08:42:24.993 [info] > git for-each-ref --format=%(refname)%00%(upstream:short)%00%(objectname)%00%(upstream:track)%00%(upstream:remotename)%00%(upstream:remoteref) --ignore-case refs/heads/main refs/remotes/main [67ms]
2025-12-31 08:42:25.079 [info] > git for-each-ref --sort -committerdate --format %(refname)%00%(objectname)%00%(*objectname) [81ms]
2025-12-31 08:42:38.492 [info] > git status -z -uall [13495ms]
2025-12-31 09:07:16.283 [info] > git config --get commit.template [5503ms]
2025-12-31 09:07:16.796 [info] > git ls-files --stage -- LICENSE2.0 [6290ms]
2025-12-31 09:07:17.331 [info] > git for-each-ref --format=%(refname)%00%(upstream:short)%00%(objectname)%00%(upstream:track)%00%(upstream:remotename)%00%(upstream:remoteref) --ignore-case refs/heads/main refs/remotes/main [5001ms]
2025-12-31 09:07:19.385 [info] > git for-each-ref --sort -committerdate --format %(refname)%00%(objectname)%00%(*objectname) [1474ms]
2025-12-31 09:07:19.468 [info] > git cat-file -s 6d30262ef70de41381632729306cd88f2e58a007 [2663ms]
2025-12-31 09:07:20.613 [info] > git show --textconv :LICENSE2.0 [1123ms]
2025-12-31 09:07:21.073 [info] > git fetch [10588ms]
2025-12-31 09:07:21.097 [info] > git status -z -uall [3198ms] (cancelled)
2025-12-31 09:07:21.321 [info] > git ls-files --stage -- LICENSE2.0 [693ms]
2025-12-31 09:07:21.680 [info] > git for-each-ref --format=%(refname)%00%(upstream:short)%00%(objectname)%00%(upstream:track)%00%(upstream:remotename)%00%(upstream:remoteref) --ignore-case refs/heads/main refs/remotes/main [576ms]
2025-12-31 09:07:21.903 [info] > git config --get commit.template [809ms]
2025-12-31 09:07:22.096 [info] > git cat-file -s 6d30262ef70de41381632729306cd88f2e58a007 [770ms]
2025-12-31 09:07:22.570 [info] > git for-each-ref --sort -committerdate --format %(refname)%00%(objectname)%00%(*objectname) [663ms]
2025-12-31 09:07:22.829 [info] > git show --textconv :LICENSE2.0 [726ms]
2025-12-31 09:07:23.057 [info] > git ls-files --stage -- LICENSE2.0 [204ms]
2025-12-31 09:07:23.126 [info] > git cat-file -s 6d30262ef70de41381632729306cd88f2e58a007 [67ms]
2025-12-31 09:07:56.374 [info] > git status -z -uall [34469ms]
2025-12-31 09:08:06.094 [info] > git config --get commit.template [391ms]
2025-12-31 09:08:06.239 [info] > git for-each-ref --format=%(refname)%00%(upstream:short)%00%(objectname)%00%(upstream:track)%00%(upstream:remotename)%00%(upstream:remoteref) --ignore-case refs/heads/main refs/remotes/main [520ms]
2025-12-31 09:08:06.605 [info] > git status -z -uall [358ms]
2025-12-31 09:08:06.607 [info] > git for-each-ref --sort -committerdate --format %(refname)%00%(objectname)%00%(*objectname) [356ms]
2025-12-31 15:02:16.642 [info] > git fetch [1201ms]
2025-12-31 15:02:16.942 [info] > git config --get commit.template [208ms]
2025-12-31 15:02:16.954 [info] > git for-each-ref --format=%(refname)%00%(upstream:short)%00%(objectname)%00%(upstream:track)%00%(upstream:remotename)%00%(upstream:remoteref) --ignore-case refs/heads/main refs/remotes/main [186ms]
2025-12-31 15:02:17.026 [info] > git for-each-ref --sort -committerdate --format %(refname)%00%(objectname)%00%(*objectname) [60ms]
2025-12-31 15:02:17.038 [info] > git status -z -uall [77ms]
2025-12-31 15:02:18.028 [info] > git ls-files --stage -- LICENSE2.0 [124ms]
2025-12-31 15:02:18.268 [info] > git cat-file -s 6d30262ef70de41381632729306cd88f2e58a007 [224ms]
2025-12-31 15:02:18.347 [info] > git show --textconv :LICENSE2.0 [69ms]
2026-01-01 21:25:02.938 [info] > git fetch [222094ms]
2026-01-01 21:25:03.179 [info] > git config --get commit.template [75ms]
2026-01-01 21:25:03.211 [info] > git for-each-ref --format=%(refname)%00%(upstream:short)%00%(objectname)%00%(upstream:track)%00%(upstream:remotename)%00%(upstream:remoteref) --ignore-case refs/heads/main refs/remotes/main [67ms]
2026-01-01 21:25:03.334 [info] > git for-each-ref --sort -committerdate --format %(refname)%00%(objectname)%00%(*objectname) [82ms]
2026-01-01 21:26:02.582 [info] > git status -z -uall [59342ms]
